PCORNET_TABLE_NAME	PCORNET_FIELD_NAME	PCORNET_VALUESET_ITEM	PCORNET_VALUESET_ITEM_DESCRIPTOR	SOURCE_CONCEPT_CLASS	SOURCE_CONCEPT_ID	TARGET_CONCEPT	CONCEPT_DESCRIPTION	VALUE_AS_CONCEPT_ID
DEMOGRAPHIC	HISPANIC	Y	Y=Yes	Hispanic	38003563	Y	Yes	NULL
DEMOGRAPHIC	HISPANIC	N	N=No	Hispanic	38003564	N	No	NULL
DEMOGRAPHIC	HISPANIC	UN	UN=Unknown	Hispanic	44814653	UN	Unknown	NULL
DEMOGRAPHIC	HISPANIC	OT	OT=Other	Hispanic	44814649	OT	Other	NULL
DEMOGRAPHIC	HISPANIC	NI	NI=No  information	Hispanic	44814650	NI	No information	NULL
DEMOGRAPHIC	RACE	NI	NI=No  information	Race	44814650	NI	No information	NULL
DEMOGRAPHIC	RACE	OT	OT=Other	Race	44814649	OT	Other	NULL
DEMOGRAPHIC	RACE	UN	UN=Unknown	Race	44814653	UN	Unknown	NULL
DEMOGRAPHIC	RACE	01	01=American  Indian  or  Alaska  Native	Race	8657	01	American Indian or Alaska Native	NULL
DEMOGRAPHIC	RACE	05	05=White	Race	8527	05	White	NULL
DEMOGRAPHIC	RACE	02	02=Asian	Race	8515	02	Asian	NULL
DEMOGRAPHIC	RACE	04	04=Native  Hawaiian  or  Other  Pacific  Islander	Race	8557	04	Native Hawaiian or Other Pacific Islander	NULL
DEMOGRAPHIC	RACE	03	03=Black  or  African  American	Race	8516	03	Black or African American	NULL
DEMOGRAPHIC	RACE	07	07=Refuse  to  answer	Race	44814660	07	Refuse to answer	NULL
DEMOGRAPHIC	RACE	06	06=Multiple  race	Race	44814659	06	Multiple race	NULL
DEMOGRAPHIC	SEX	A	A=Ambiguous	Gender	44814664	A	Ambiguous	NULL
DEMOGRAPHIC	SEX	F	F=Female	Gender	8532	F	Female	NULL
DEMOGRAPHIC	SEX	M	M=Male	Gender	8507	M	Male	NULL
DEMOGRAPHIC	SEX	NI	NI=No  information	Gender	44814650	NI	No information	NULL
DEMOGRAPHIC	SEX	UN	UN=Unknown	Gender	44814653	UN	Unknown	NULL
DEMOGRAPHIC	SEX	OT	OT=Other	Gender	44814649	OT	Other	NULL
DEMOGRAPHIC	PAT PREF LANGUAGE SPOKEN	AAR	AAR=Afar	Language		AAR		
DEMOGRAPHIC	PAT PREF LANGUAGE SPOKEN	ACE	ACE=Achinese	Language		ACE		
DEMOGRAPHIC	PAT PREF LANGUAGE SPOKEN	AIN	AIN=Ainu	Language		AIN		
DEMOGRAPHIC	PAT PREF LANGUAGE SPOKEN	AMH	AMH=Amharic	Language	4182354	AMH	Amharic language	
DEMOGRAPHIC	PAT PREF LANGUAGE SPOKEN	ASL	ASL=American Sign Language	Language	40483152	ASL	Sign language	
DEMOGRAPHIC	PAT PREF LANGUAGE SPOKEN	BAM	BAM=Bambara	Language		BAM		
DEMOGRAPHIC	PAT PREF LANGUAGE SPOKEN	BEM	BEM=Bemba	Language		BEM		
DEMOGRAPHIC	PAT PREF LANGUAGE SPOKEN	CYM	CYM=Welsh	Language		CYM		
DEMOGRAPHIC	PAT PREF LANGUAGE SPOKEN	GRN	GRN=Guarani	Language		GRN		
DEMOGRAPHIC	PAT PREF LANGUAGE SPOKEN	HAI	HAI=Haida	Language		HAI		
DEMOGRAPHIC	PAT PREF LANGUAGE SPOKEN	ACH	ACH=Acoli	Language		ACH		
DEMOGRAPHIC	PAT PREF LANGUAGE SPOKEN	AKA	AKA=Akan	Language		AKA		
DEMOGRAPHIC	PAT PREF LANGUAGE SPOKEN	ALE	ALE=Aleut	Language		ALE		
DEMOGRAPHIC	PAT PREF LANGUAGE SPOKEN	ARP	ARP=Arapaho	Language		ARP		
DEMOGRAPHIC	PAT PREF LANGUAGE SPOKEN	AYM	AYM=Aymara	Language		AYM		
DEMOGRAPHIC	PAT PREF LANGUAGE SPOKEN	BEN	BEN=Bengali	Language	4052786	BEN	Bengali language	
DEMOGRAPHIC	PAT PREF LANGUAGE SPOKEN	BIN	BIN=Bini;  Edo	Language		BIN		
DEMOGRAPHIC	PAT PREF LANGUAGE SPOKEN	BRE	BRE=Breton	Language		BRE		
DEMOGRAPHIC	PAT PREF LANGUAGE SPOKEN	BUG	BUG=Buginese	Language		BUG		
DEMOGRAPHIC	PAT PREF LANGUAGE SPOKEN	BYN	BYN=Bilin;  Blin	Language		BYN		
DEMOGRAPHIC	PAT PREF LANGUAGE SPOKEN	DEN	DEN=Slave  (Athapascan)	Language		DEN		
DEMOGRAPHIC	PAT PREF LANGUAGE SPOKEN	FRR	FRR=Northern  Frisian	Language		FRR		
DEMOGRAPHIC	PAT PREF LANGUAGE SPOKEN	HAW	HAW=Hawaiian	Language		HAW		
DEMOGRAPHIC	PAT PREF LANGUAGE SPOKEN	HYE	HYE=Armenian	Language		HYE		
DEMOGRAPHIC	PAT PREF LANGUAGE SPOKEN	MAG	MAG=Magahi	Language		MAG		
DEMOGRAPHIC	PAT PREF LANGUAGE SPOKEN	BRA	BRA=Braj	Language		BRA		
DEMOGRAPHIC	PAT PREF LANGUAGE SPOKEN	CHV	CHV=Chuvash	Language		CHV		
DEMOGRAPHIC	PAT PREF LANGUAGE SPOKEN	HIN	HIN=Hindi	Language		HIN		
DEMOGRAPHIC	PAT PREF LANGUAGE SPOKEN	KUM	KUM=Kumyk	Language		KUM		
DEMOGRAPHIC	PAT PREF LANGUAGE SPOKEN	ADA	ADA=Adangme	Language		ADA		
DEMOGRAPHIC	PAT PREF LANGUAGE SPOKEN	ARW	ARW=Arawak	Language		ARW		
DEMOGRAPHIC	PAT PREF LANGUAGE SPOKEN	AST	AST=Asturian;  Bable;  Leonese;  Asturleonese	Language		AST		
DEMOGRAPHIC	PAT PREF LANGUAGE SPOKEN	BAL	BAL=Baluchi	Language		BAL		
DEMOGRAPHIC	PAT PREF LANGUAGE SPOKEN	BAN	BAN=Balinese	Language		BAN		
DEMOGRAPHIC	PAT PREF LANGUAGE SPOKEN	BAS	BAS=Basa	Language		BAS		
DEMOGRAPHIC	PAT PREF LANGUAGE SPOKEN	BIS	BIS=Bislama	Language		BIS		
DEMOGRAPHIC	PAT PREF LANGUAGE SPOKEN	CAD	CAD=Caddo	Language		CAD		
DEMOGRAPHIC	PAT PREF LANGUAGE SPOKEN	CHN	CHN=Chinook  jargon	Language		CHN		
DEMOGRAPHIC	PAT PREF LANGUAGE SPOKEN	CRE	CRE=Cree	Language		CRE		
DEMOGRAPHIC	PAT PREF LANGUAGE SPOKEN	DAK	DAK=Dakota	Language		DAK		
DEMOGRAPHIC	PAT PREF LANGUAGE SPOKEN	FAO	FAO=Faroese	Language		FAO		
DEMOGRAPHIC	PAT PREF LANGUAGE SPOKEN	FIL	FIL=Filipino;  Pilipino	Language		FIL		
DEMOGRAPHIC	PAT PREF LANGUAGE SPOKEN	ADY	ADY=Adyghe;  Adygei	Language		ADY		
DEMOGRAPHIC	PAT PREF LANGUAGE SPOKEN	ARA	ARA=Arabic	Language	4181374	ARA	Arabic language	
DEMOGRAPHIC	PAT PREF LANGUAGE SPOKEN	ARG	ARG=Aragonese	Language		ARG		
DEMOGRAPHIC	PAT PREF LANGUAGE SPOKEN	ARN	ARN=Mapudungun;  Mapuche	Language		ARN		
DEMOGRAPHIC	PAT PREF LANGUAGE SPOKEN	AZE	AZE=Azerbaijani	Language		AZE		
DEMOGRAPHIC	PAT PREF LANGUAGE SPOKEN	BAK	BAK=Bashkir	Language		BAK		
DEMOGRAPHIC	PAT PREF LANGUAGE SPOKEN	BHO	BHO=Bhojpuri	Language		BHO		
DEMOGRAPHIC	PAT PREF LANGUAGE SPOKEN	BIK	BIK=Bikol	Language		BIK		
DEMOGRAPHIC	PAT PREF LANGUAGE SPOKEN	BOS	BOS=Bosnian	Language	40481563	BOS	Bosnian language	
DEMOGRAPHIC	PAT PREF LANGUAGE SPOKEN	BUL	BUL=Bulgarian	Language		BUL		
DEMOGRAPHIC	PAT PREF LANGUAGE SPOKEN	CAT	CAT=Catalan;  Valencian	Language		CAT		
DEMOGRAPHIC	PAT PREF LANGUAGE SPOKEN	CES	CES=Czech	Language		CES		
DEMOGRAPHIC	PAT PREF LANGUAGE SPOKEN	CHA	CHA=Chamorro	Language		CHA		
DEMOGRAPHIC	PAT PREF LANGUAGE SPOKEN	CHE	CHE=Chechen	Language		CHE		
DEMOGRAPHIC	PAT PREF LANGUAGE SPOKEN	CHO	CHO=Choctaw	Language		CHO		
DEMOGRAPHIC	PAT PREF LANGUAGE SPOKEN	CHY	CHY=Cheyenne	Language		CHY		
DEMOGRAPHIC	PAT PREF LANGUAGE SPOKEN	COR	COR=Cornish	Language		COR		
DEMOGRAPHIC	PAT PREF LANGUAGE SPOKEN	DAR	DAR=Dargwa	Language		DAR		
DEMOGRAPHIC	PAT PREF LANGUAGE SPOKEN	DGR	DGR=Dogrib	Language		DGR		
DEMOGRAPHIC	PAT PREF LANGUAGE SPOKEN	DIV	DIV=Dhivehi;  Dhivehi;  Maldivian	Language		DIV		
DEMOGRAPHIC	PAT PREF LANGUAGE SPOKEN	DOI	DOI=Dogri	Language		DOI		
DEMOGRAPHIC	PAT PREF LANGUAGE SPOKEN	DYU	DYU=Dyula	Language		DYU		
DEMOGRAPHIC	PAT PREF LANGUAGE SPOKEN	DZO	DZO=Dzongkha	Language		DZO		
DEMOGRAPHIC	PAT PREF LANGUAGE SPOKEN	EKA	EKA=Ekajuk	Language		EKA		
DEMOGRAPHIC	PAT PREF LANGUAGE SPOKEN	ELL	ELL=Modern  Greek  (1453–)	Language		ELL		
DEMOGRAPHIC	PAT PREF LANGUAGE SPOKEN	ENG	ENG=English	Language	4180186	ENG	English Language	
DEMOGRAPHIC	PAT PREF LANGUAGE SPOKEN	FIJ	FIJ=Fijian	Language		FIJ		
DEMOGRAPHIC	PAT PREF LANGUAGE SPOKEN	FUR	FUR=Friulian	Language		FUR		
DEMOGRAPHIC	PAT PREF LANGUAGE SPOKEN	GLG	GLG=Galician	Language		GLG		
DEMOGRAPHIC	PAT PREF LANGUAGE SPOKEN	GRB	GRB=Grebo	Language		GRB		
DEMOGRAPHIC	PAT PREF LANGUAGE SPOKEN	HEB	HEB=Hebrew	Language		HEB		
DEMOGRAPHIC	PAT PREF LANGUAGE SPOKEN	IPK	IPK=Inupiaq	Language		IPK		
DEMOGRAPHIC	PAT PREF LANGUAGE SPOKEN	JRB	JRB=Judeo-Arabic	Language		JRB		
DEMOGRAPHIC	PAT PREF LANGUAGE SPOKEN	KAL	KAL=Kalaallisut;  Greenlandic	Language		KAL		
DEMOGRAPHIC	PAT PREF LANGUAGE SPOKEN	KAM	KAM=Kamba	Language		KAM		
DEMOGRAPHIC	PAT PREF LANGUAGE SPOKEN	KAT	KAT=Georgian	Language		KAT		
DEMOGRAPHIC	PAT PREF LANGUAGE SPOKEN	KAZ	KAZ=Kazakh	Language		KAZ		
DEMOGRAPHIC	PAT PREF LANGUAGE SPOKEN	KIR	KIR=Kirghiz;  Kyrgyz	Language		KIR		
DEMOGRAPHIC	PAT PREF LANGUAGE SPOKEN	KMB	KMB=Kimbundu	Language		KMB		
DEMOGRAPHIC	PAT PREF LANGUAGE SPOKEN	KON	KON=Kongo	Language		KON		
DEMOGRAPHIC	PAT PREF LANGUAGE SPOKEN	LUS	LUS=Lushai	Language		LUS		
DEMOGRAPHIC	PAT PREF LANGUAGE SPOKEN	ANP	ANP=Angika	Language		ANP		
DEMOGRAPHIC	PAT PREF LANGUAGE SPOKEN	ASM	ASM=Assamese	Language		ASM		
DEMOGRAPHIC	PAT PREF LANGUAGE SPOKEN	AVA	AVA=Avaric	Language		AVA		
DEMOGRAPHIC	PAT PREF LANGUAGE SPOKEN	CAR	CAR=Galibi  Carib	Language		CAR		
DEMOGRAPHIC	PAT PREF LANGUAGE SPOKEN	CEB	CEB=Cebuano	Language		CEB		
DEMOGRAPHIC	PAT PREF LANGUAGE SPOKEN	CHK	CHK=Chuukese	Language		CHK		
DEMOGRAPHIC	PAT PREF LANGUAGE SPOKEN	CHP	CHP=Chipewyan;  Dene  Suline	Language		CHP		
DEMOGRAPHIC	PAT PREF LANGUAGE SPOKEN	DIN	DIN=Dinka	Language		DIN		
DEMOGRAPHIC	PAT PREF LANGUAGE SPOKEN	DUA	DUA=Duala	Language		DUA		
DEMOGRAPHIC	PAT PREF LANGUAGE SPOKEN	EUS	EUS=Basque	Language		EUS		
DEMOGRAPHIC	PAT PREF LANGUAGE SPOKEN	EWE	EWE=Ewe	Language		EWE		
DEMOGRAPHIC	PAT PREF LANGUAGE SPOKEN	FAS	FAS=Persian	Language		FAS		
DEMOGRAPHIC	PAT PREF LANGUAGE SPOKEN	FIN	FIN=Finnish	Language		FIN		
DEMOGRAPHIC	PAT PREF LANGUAGE SPOKEN	FRS	FRS=Eastern  Frisian	Language		FRS		
DEMOGRAPHIC	PAT PREF LANGUAGE SPOKEN	FUL	FUL=Fulah	Language		FUL		
DEMOGRAPHIC	PAT PREF LANGUAGE SPOKEN	GLV	GLV=Manx	Language		GLV		
DEMOGRAPHIC	PAT PREF LANGUAGE SPOKEN	GON	GON=Gondi	Language		GON		
DEMOGRAPHIC	PAT PREF LANGUAGE SPOKEN	GOR	GOR=Gorontalo	Language		GOR		
DEMOGRAPHIC	PAT PREF LANGUAGE SPOKEN	GUJ	GUJ=Gujarati	Language		GUJ		
DEMOGRAPHIC	PAT PREF LANGUAGE SPOKEN	HAT	HAT=Haitian;  Haitian  Creole	Language	44802876	HAT	Haitian Creole Language	
DEMOGRAPHIC	PAT PREF LANGUAGE SPOKEN	HMN	HMN=Hmong;  Mong	Language		HMN		
DEMOGRAPHIC	PAT PREF LANGUAGE SPOKEN	HUN	HUN=Hungarian	Language		HUN		
DEMOGRAPHIC	PAT PREF LANGUAGE SPOKEN	HUP	HUP=Hupa	Language		HUP		
DEMOGRAPHIC	PAT PREF LANGUAGE SPOKEN	III	III=Sichuan  Yi;  Nuosu	Language		III		
DEMOGRAPHIC	PAT PREF LANGUAGE SPOKEN	INH	INH=Ingush	Language		INH		
DEMOGRAPHIC	PAT PREF LANGUAGE SPOKEN	KAC	KAC=Kachin;  Jingpho	Language		KAC		
DEMOGRAPHIC	PAT PREF LANGUAGE SPOKEN	KBD	KBD=Kabardian	Language		KBD		
DEMOGRAPHIC	PAT PREF LANGUAGE SPOKEN	KOM	KOM=Komi	Language		KOM		
DEMOGRAPHIC	PAT PREF LANGUAGE SPOKEN	KUA	KUA=Kuanyama;  Kwanyama	Language		KUA		
DEMOGRAPHIC	PAT PREF LANGUAGE SPOKEN	LIT	LIT=Lithuanian	Language		LIT		
DEMOGRAPHIC	PAT PREF LANGUAGE SPOKEN	COS	COS=Corsican	Language		COS		
DEMOGRAPHIC	PAT PREF LANGUAGE SPOKEN	GWI	GWI=Gwich?in	Language		GWI		
DEMOGRAPHIC	PAT PREF LANGUAGE SPOKEN	KUT	KUT=Kutenai	Language		KUT		
DEMOGRAPHIC	PAT PREF LANGUAGE SPOKEN	MAN	MAN=Mandingo	Language		MAN		
DEMOGRAPHIC	PAT PREF LANGUAGE SPOKEN	MAS	MAS=Masai	Language		MAS		
DEMOGRAPHIC	PAT PREF LANGUAGE SPOKEN	MDR	MDR=Mandar	Language		MDR		
DEMOGRAPHIC	PAT PREF LANGUAGE SPOKEN	MEN	MEN=Mende	Language		MEN		
DEMOGRAPHIC	PAT PREF LANGUAGE SPOKEN	MIN	MIN=Minangkabau	Language		MIN		
DEMOGRAPHIC	PAT PREF LANGUAGE SPOKEN	MOH	MOH=Mohawk	Language		MOH		
DEMOGRAPHIC	PAT PREF LANGUAGE SPOKEN	MOS	MOS=Mossi	Language		MOS		
DEMOGRAPHIC	PAT PREF LANGUAGE SPOKEN	MWL	MWL=Mirandese	Language		MWL		
DEMOGRAPHIC	PAT PREF LANGUAGE SPOKEN	MYV	MYV=Erzya	Language		MYV		
DEMOGRAPHIC	PAT PREF LANGUAGE SPOKEN	ALT	ALT=Southern  Altai	Language		ALT		
DEMOGRAPHIC	PAT PREF LANGUAGE SPOKEN	CHM	CHM=Mari	Language		CHM		
DEMOGRAPHIC	PAT PREF LANGUAGE SPOKEN	FRA	FRA=French	Language	4180190	FRA	French Language	
DEMOGRAPHIC	PAT PREF LANGUAGE SPOKEN	AFR	AFR=Afrikaans	Language		AFR		
DEMOGRAPHIC	PAT PREF LANGUAGE SPOKEN	AWA	AWA=Awadhi	Language		AWA		
DEMOGRAPHIC	PAT PREF LANGUAGE SPOKEN	BLA	BLA=Siksika	Language		BLA		
DEMOGRAPHIC	PAT PREF LANGUAGE SPOKEN	BOD	BOD=Tibetan	Language		BOD		
DEMOGRAPHIC	SEXUAL ORIENTATION	BI	BI=Bisexual		0			
DEMOGRAPHIC	SEXUAL ORIENTATION	GA	GA=Gay		0			
DEMOGRAPHIC	SEXUAL ORIENTATION	LE	LE=Lesbian		0			
DEMOGRAPHIC	SEXUAL ORIENTATION	QU	QU=Queer		0			
DEMOGRAPHIC	SEXUAL ORIENTATION	QS	QS=Questioning		0			
DEMOGRAPHIC	SEXUAL ORIENTATION	ST	ST=Straight		0			
DEMOGRAPHIC	SEXUAL ORIENTATION	SE	SE=Something  else		0			
DEMOGRAPHIC	SEXUAL ORIENTATION	MU	MU=Multiple  sexual  orientations		0			
DEMOGRAPHIC	SEXUAL ORIENTATION	DC	DC=Decline  to  answer		0			
DEMOGRAPHIC	SEXUAL ORIENTATION	NI	NI=No  information		0			
DEMOGRAPHIC	SEXUAL ORIENTATION	UN	UN=Unknown		0			
DEMOGRAPHIC	GENDER IDENTITY	TM	TM=Transgender male/Trans man/Female-to-male		0			
DEMOGRAPHIC	GENDER IDENTITY	TF	TF=Transgender female/Trans woman/Male-to-female		0			
DEMOGRAPHIC	GENDER IDENTITY	MU	MU=Multiple gender categories		0			
DEMOGRAPHIC	GENDER IDENTITY	UN	UN=Unknown		0			
DEMOGRAPHIC	HISPANIC	R	R=Refuse  to  answer		0			
DEMOGRAPHIC	SEXUAL ORIENTATION	AS	AS=Asexual		0			
DEMOGRAPHIC	GENDER IDENTITY	F	F=Woman		0			
DEMOGRAPHIC	GENDER IDENTITY	NI	NI=No information		0			
DEMOGRAPHIC	GENDER IDENTITY	M	M=Man		0			
DEMOGRAPHIC	GENDER IDENTITY	GQ	GQ=Genderqueer/Non-Binary		0			
DEMOGRAPHIC	GENDER IDENTITY	DC	DC=Decline to answer		0			
DEMOGRAPHIC	GENDER IDENTITY	OT	OT=Other		0			
DEMOGRAPHIC	SEXUAL ORIENTATION	OT	OT=Other		0			
DEMOGRAPHIC	GENDER IDENTITY	SE	SE=Something else		0			
DEMOGRAPHIC	BIOBANK FLAG	Y	Y=Yes		0			
DEMOGRAPHIC	BIOBANK FLAG	N	N=No		0			
DEMOGRAPHIC	PAT PREF LANGUAGE SPOKEN	CNR	CNR=Montenegrin	Language	0	CNR	Montenegrin	
DEMOGRAPHIC	PAT PREF LANGUAGE SPOKEN	EFI	EFI=Efik	Language		EFI		
DEMOGRAPHIC	PAT PREF LANGUAGE SPOKEN	EST	EST=Estonian	Language		EST		
DEMOGRAPHIC	PAT PREF LANGUAGE SPOKEN	EWO	EWO=Ewondo	Language		EWO		
DEMOGRAPHIC	PAT PREF LANGUAGE SPOKEN	GAA	GAA=Ga	Language		GAA		
DEMOGRAPHIC	PAT PREF LANGUAGE SPOKEN	GAY	GAY=Gayo	Language		GAY		
DEMOGRAPHIC	PAT PREF LANGUAGE SPOKEN	GBA	GBA=Gbaya	Language		GBA		
DEMOGRAPHIC	PAT PREF LANGUAGE SPOKEN	GIL	GIL=Gilbertese	Language		GIL		
DEMOGRAPHIC	PAT PREF LANGUAGE SPOKEN	GSW	GSW=Swiss  German;  Alemannic;  Alsatian	Language		GSW		
DEMOGRAPHIC	PAT PREF LANGUAGE SPOKEN	HAU	HAU=Hausa	Language		HAU		
DEMOGRAPHIC	PAT PREF LANGUAGE SPOKEN	HER	HER=Herero	Language		HER		
DEMOGRAPHIC	PAT PREF LANGUAGE SPOKEN	HMO	HMO=Hiri  Motu	Language		HMO		
DEMOGRAPHIC	PAT PREF LANGUAGE SPOKEN	IBO	IBO=Igbo	Language		IBO		
DEMOGRAPHIC	PAT PREF LANGUAGE SPOKEN	JAV	JAV=Javanese	Language		JAV		
DEMOGRAPHIC	PAT PREF LANGUAGE SPOKEN	KPE	KPE=Kpelle	Language		KPE		
DEMOGRAPHIC	PAT PREF LANGUAGE SPOKEN	LAH	LAH=Lahnda	Language		LAH		
DEMOGRAPHIC	PAT PREF LANGUAGE SPOKEN	LUA	LUA=Luba-Lulua	Language		LUA		
DEMOGRAPHIC	PAT PREF LANGUAGE SPOKEN	LUB	LUB=Luba-Katanga	Language		LUB		
DEMOGRAPHIC	PAT PREF LANGUAGE SPOKEN	MAH	MAH=Marshallese	Language		MAH		
DEMOGRAPHIC	PAT PREF LANGUAGE SPOKEN	MAK	MAK=Makasar	Language		MAK		
DEMOGRAPHIC	PAT PREF LANGUAGE SPOKEN	MAL	MAL=Malayalam	Language		MAL		
DEMOGRAPHIC	PAT PREF LANGUAGE SPOKEN	ABK	ABK=Abkhazian	Language		ABK		
DEMOGRAPHIC	PAT PREF LANGUAGE SPOKEN	BEJ	BEJ=Beja;  Bedawiyet	Language		BEJ		
DEMOGRAPHIC	PAT PREF LANGUAGE SPOKEN	BEL	BEL=Belarusian	Language		BEL		
DEMOGRAPHIC	PAT PREF LANGUAGE SPOKEN	BUA	BUA=Buriat	Language		BUA		
DEMOGRAPHIC	PAT PREF LANGUAGE SPOKEN	CHR	CHR=Cherokee	Language		CHR		
DEMOGRAPHIC	PAT PREF LANGUAGE SPOKEN	CRH	CRH=Crimean  Tatar;  Crimean  Turkish	Language		CRH		
DEMOGRAPHIC	PAT PREF LANGUAGE SPOKEN	CSB	CSB=Kashubian	Language		CSB		
DEMOGRAPHIC	PAT PREF LANGUAGE SPOKEN	DAN	DAN=Danish	Language		DAN		
DEMOGRAPHIC	PAT PREF LANGUAGE SPOKEN	FON	FON=Fon	Language		FON		
DEMOGRAPHIC	PAT PREF LANGUAGE SPOKEN	GLA	GLA=Gaelic;  Scottish  Gaelic	Language		GLA		
DEMOGRAPHIC	PAT PREF LANGUAGE SPOKEN	HIL	HIL=Hiligaynon	Language		HIL		
DEMOGRAPHIC	PAT PREF LANGUAGE SPOKEN	IBA	IBA=Iban	Language		IBA		
DEMOGRAPHIC	PAT PREF LANGUAGE SPOKEN	IKU	IKU=Inuktitut	Language		IKU		
DEMOGRAPHIC	PAT PREF LANGUAGE SPOKEN	ILO	ILO=Iloko	Language		ILO		
DEMOGRAPHIC	PAT PREF LANGUAGE SPOKEN	IND	IND=Indonesian	Language		IND		
DEMOGRAPHIC	PAT PREF LANGUAGE SPOKEN	ISL	ISL=Icelandic	Language		ISL		
DEMOGRAPHIC	PAT PREF LANGUAGE SPOKEN	JPN	JPN=Japanese	Language	4181524	JPN	Japanese Language	
DEMOGRAPHIC	PAT PREF LANGUAGE SPOKEN	KAA	KAA=Kara-Kalpak	Language		KAA		
DEMOGRAPHIC	PAT PREF LANGUAGE SPOKEN	KAB	KAB=Kabyle	Language		KAB		
DEMOGRAPHIC	PAT PREF LANGUAGE SPOKEN	KAN	KAN=Kannada	Language		KAN		
DEMOGRAPHIC	PAT PREF LANGUAGE SPOKEN	KAS	KAS=Kashmiri	Language		KAS		
DEMOGRAPHIC	PAT PREF LANGUAGE SPOKEN	KAU	KAU=Kanuri	Language		KAU		
DEMOGRAPHIC	PAT PREF LANGUAGE SPOKEN	KHA	KHA=Khasi	Language		KHA		
DEMOGRAPHIC	PAT PREF LANGUAGE SPOKEN	KIK	KIK=Kikuyu;  Gikuyu	Language		KIK		
DEMOGRAPHIC	PAT PREF LANGUAGE SPOKEN	KIN	KIN=Kinyarwanda	Language		KIN		
DEMOGRAPHIC	PAT PREF LANGUAGE SPOKEN	KOK	KOK=Konkani	Language		KOK		
DEMOGRAPHIC	PAT PREF LANGUAGE SPOKEN	KOS	KOS=Kosraean	Language		KOS		
DEMOGRAPHIC	PAT PREF LANGUAGE SPOKEN	KRL	KRL=Karelian	Language		KRL		
DEMOGRAPHIC	PAT PREF LANGUAGE SPOKEN	LAO	LAO=Lao	Language		LAO		
DEMOGRAPHIC	PAT PREF LANGUAGE SPOKEN	LAV	LAV=Latvian	Language		LAV		
DEMOGRAPHIC	PAT PREF LANGUAGE SPOKEN	LEZ	LEZ=Lezghian	Language		LEZ		
DEMOGRAPHIC	PAT PREF LANGUAGE SPOKEN	LIN	LIN=Lingala	Language		LIN		
DEMOGRAPHIC	PAT PREF LANGUAGE SPOKEN	LOL	LOL=Mongo	Language		LOL		
DEMOGRAPHIC	PAT PREF LANGUAGE SPOKEN	LUG	LUG=Ganda	Language		LUG		
DEMOGRAPHIC	PAT PREF LANGUAGE SPOKEN	LUI	LUI=Luiseno	Language		LUI		
DEMOGRAPHIC	PAT PREF LANGUAGE SPOKEN	LUO	LUO=Luo  (Kenya  and  Tanzania)	Language		LUO		
DEMOGRAPHIC	PAT PREF LANGUAGE SPOKEN	MAI	MAI=Maithili	Language		MAI		
DEMOGRAPHIC	PAT PREF LANGUAGE SPOKEN	MAR	MAR=Marathi	Language		MAR		
DEMOGRAPHIC	PAT PREF LANGUAGE SPOKEN	MDF	MDF=Moksha	Language		MDF		
DEMOGRAPHIC	PAT PREF LANGUAGE SPOKEN	FRY	FRY=Western  Frisian	Language		FRY		
DEMOGRAPHIC	PAT PREF LANGUAGE SPOKEN	HRV	HRV=Croatian	Language		HRV		
DEMOGRAPHIC	PAT PREF LANGUAGE SPOKEN	KUR	KUR=Kurdish	Language		KUR		
DEMOGRAPHIC	PAT PREF LANGUAGE SPOKEN	LIM	LIM=Limburgan;  Limburger;  Limburgish	Language		LIM		
DEMOGRAPHIC	PAT PREF LANGUAGE SPOKEN	LOZ	LOZ=Lozi	Language		LOZ		
DEMOGRAPHIC	PAT PREF LANGUAGE SPOKEN	LUN	LUN=Lunda	Language		LUN		
DEMOGRAPHIC	PAT PREF LANGUAGE SPOKEN	MAD	MAD=Madurese	Language		MAD		
DEMOGRAPHIC	PAT PREF LANGUAGE SPOKEN	KHM	KHM=Central  Khmer	Language		KHM		
DEMOGRAPHIC	PAT PREF LANGUAGE SPOKEN	FAT	FAT=Fanti	Language		FAT		
DEMOGRAPHIC	PAT PREF LANGUAGE SPOKEN	MIC	MIC=Mi'kmaq;  Micmac	Language		MIC		
DEMOGRAPHIC	PAT PREF LANGUAGE SPOKEN	MKD	MKD=Macedonian	Language		MKD		
DEMOGRAPHIC	PAT PREF LANGUAGE SPOKEN	MLG	MLG=Malagasy	Language		MLG		
DEMOGRAPHIC	PAT PREF LANGUAGE SPOKEN	MLT	MLT=Maltese	Language		MLT		
DEMOGRAPHIC	PAT PREF LANGUAGE SPOKEN	MNI	MNI=Manipuri	Language		MNI		
DEMOGRAPHIC	PAT PREF LANGUAGE SPOKEN	MON	MON=Mongolian	Language		MON		
DEMOGRAPHIC	PAT PREF LANGUAGE SPOKEN	MSA	MSA=Malay	Language		MSA		
ENCOUNTER	DISCHARGE DISPOSITION	E	E=Expired	Discharge disposition	44813951	E	Expired	4216643
ENCOUNTER	DISCHARGE DISPOSITION	UN	UN=Unknown	Discharge disposition	44813951	UN	Unknown	44814653
ENCOUNTER	DISCHARGE DISPOSITION	OT	OT=Other	Discharge disposition	44813951	OT	Other	44814649
ENCOUNTER	DISCHARGE DISPOSITION	A	A=Discharged  alive	Discharge disposition	44813951	A	Discharged alive	4161979
ENCOUNTER	DISCHARGE DISPOSITION	NI	NI=No  information	Discharge disposition	44813951	NI	No information	44814650
DEMOGRAPHIC	PAT PREF LANGUAGE SPOKEN	MUS	MUS=Creek	Language		MUS		
DEMOGRAPHIC	PAT PREF LANGUAGE SPOKEN	MWR	MWR=Marwari	Language		MWR		
DEMOGRAPHIC	PAT PREF LANGUAGE SPOKEN	MYA	MYA=Burmese	Language	4181727	MYA	Burmese language	
DEMOGRAPHIC	PAT PREF LANGUAGE SPOKEN	NAP	NAP=Neapolitan	Language		NAP		
DEMOGRAPHIC	PAT PREF LANGUAGE SPOKEN	NAV	NAV=Navajo;  Navaho	Language		NAV		
DEMOGRAPHIC	PAT PREF LANGUAGE SPOKEN	NBL	NBL=South  Ndebele	Language		NBL		
DEMOGRAPHIC	PAT PREF LANGUAGE SPOKEN	NDE	NDE=North  Ndebele	Language		NDE		
DEMOGRAPHIC	PAT PREF LANGUAGE SPOKEN	DEL	DEL=Delaware	Language		DEL		
DEMOGRAPHIC	PAT PREF LANGUAGE SPOKEN	DSB	DSB=Lower  Sorbian	Language		DSB		
DEMOGRAPHIC	PAT PREF LANGUAGE SPOKEN	DEU	DEU=German	Language		DEU		
DEMOGRAPHIC	PAT PREF LANGUAGE SPOKEN	GLE	GLE=Irish	Language		GLE		
DEMOGRAPHIC	PAT PREF LANGUAGE SPOKEN	KOR	KOR=Korean	Language	4175771	KOR	Korean Language	
DEMOGRAPHIC	PAT PREF LANGUAGE SPOKEN	KRC	KRC=Karachay-Balkar	Language		KRC		
DEMOGRAPHIC	PAT PREF LANGUAGE SPOKEN	KRU	KRU=Kurukh	Language		KRU		
DEMOGRAPHIC	PAT PREF LANGUAGE SPOKEN	LAM	LAM=Lamba	Language		LAM		
DEMOGRAPHIC	PAT PREF LANGUAGE SPOKEN	HSB	HSB=Upper  Sorbian	Language		HSB		
DEMOGRAPHIC	PAT PREF LANGUAGE SPOKEN	JPR	JPR=Judeo-Persian	Language		JPR		
DEMOGRAPHIC	PAT PREF LANGUAGE SPOKEN	LTZ	LTZ=Luxembourgish;  Letzeburgesch	Language		LTZ		
DEMOGRAPHIC	PAT PREF LANGUAGE SPOKEN	FAN	FAN=Fang	Language		FAN		
DEMOGRAPHIC	PAT PREF LANGUAGE SPOKEN	ITA	ITA=Italian	Language		ITA		
DEMOGRAPHIC	PAT PREF LANGUAGE SPOKEN	MNC	MNC=Manchu	Language		MNC		
DEMOGRAPHIC	PAT PREF LANGUAGE SPOKEN	MRI	MRI=Maori	Language		MRI		
DEMOGRAPHIC	PAT PREF LANGUAGE SPOKEN	NAU	NAU=Nauru	Language		NAU		
DEMOGRAPHIC	PAT PREF LANGUAGE SPOKEN	NDO	NDO=Ndonga	Language		NDO		
DEMOGRAPHIC	PAT PREF LANGUAGE SPOKEN	LAD	LAD=Ladino	Language		LAD		
DEMOGRAPHIC	PAT PREF LANGUAGE SPOKEN	NDS	NDS=Low  German;  Low  Saxon	Language		NDS		
DEMOGRAPHIC	PAT PREF LANGUAGE SPOKEN	NEP	NEP=Nepali	Language	4175908	NEP	Nepali language	
DEMOGRAPHIC	PAT PREF LANGUAGE SPOKEN	NEW	NEW=Nepal  Bhasa;  Newari	Language		NEW		
DEMOGRAPHIC	PAT PREF LANGUAGE SPOKEN	NIA	NIA=Nias	Language		NIA		
DEMOGRAPHIC	PAT PREF LANGUAGE SPOKEN	NIU	NIU=Niuean	Language		NIU		
DEMOGRAPHIC	PAT PREF LANGUAGE SPOKEN	NLD	NLD=Dutch;  Flemish	Language		NLD		
DEMOGRAPHIC	PAT PREF LANGUAGE SPOKEN	NNO	NNO=Norwegian  Nynorsk	Language		NNO		
DEMOGRAPHIC	PAT PREF LANGUAGE SPOKEN	NOB	NOB=Norwegian  Bokmål	Language		NOB		
DEMOGRAPHIC	PAT PREF LANGUAGE SPOKEN	NOG	NOG=Nogai	Language		NOG		
DEMOGRAPHIC	PAT PREF LANGUAGE SPOKEN	NOR	NOR=Norwegian	Language		NOR		
DEMOGRAPHIC	PAT PREF LANGUAGE SPOKEN	NQO	NQO=N'Ko	Language		NQO		
DEMOGRAPHIC	PAT PREF LANGUAGE SPOKEN	NSO	NSO=Pedi;  Sepedi;  Northern  Sotho	Language		NSO		
DEMOGRAPHIC	PAT PREF LANGUAGE SPOKEN	NYA	NYA=Chichewa;  Chewa;  Nyanja	Language		NYA		
DEMOGRAPHIC	PAT PREF LANGUAGE SPOKEN	NYM	NYM=Nyamwezi	Language		NYM		
DEMOGRAPHIC	PAT PREF LANGUAGE SPOKEN	NYN	NYN=Nyankole	Language		NYN		
DEMOGRAPHIC	PAT PREF LANGUAGE SPOKEN	NYO	NYO=Nyoro	Language		NYO		
DEMOGRAPHIC	PAT PREF LANGUAGE SPOKEN	NZI	NZI=Nzima	Language		NZI		
DEMOGRAPHIC	PAT PREF LANGUAGE SPOKEN	OCI	OCI=Occitan  (post  1500)	Language		OCI		
DEMOGRAPHIC	PAT PREF LANGUAGE SPOKEN	OJI	OJI=Ojibwa	Language		OJI		
DEMOGRAPHIC	PAT PREF LANGUAGE SPOKEN	ORI	ORI=Oriya	Language		ORI		
DEMOGRAPHIC	PAT PREF LANGUAGE SPOKEN	ORM	ORM=Oromo	Language		ORM		
DEMOGRAPHIC	PAT PREF LANGUAGE SPOKEN	OSA	OSA=Osage	Language		OSA		
DEMOGRAPHIC	PAT PREF LANGUAGE SPOKEN	OSS	OSS=Ossetian;  Ossetic	Language		OSS		
DEMOGRAPHIC	PAT PREF LANGUAGE SPOKEN	PAG	PAG=Pangasinan	Language		PAG		
DEMOGRAPHIC	PAT PREF LANGUAGE SPOKEN	PAM	PAM=Pampanga;  Kapampangan	Language		PAM		
DEMOGRAPHIC	PAT PREF LANGUAGE SPOKEN	PAP	PAP=Papiamento	Language		PAP		
DEMOGRAPHIC	PAT PREF LANGUAGE SPOKEN	PAU	PAU=Palauan	Language		PAU		
DEMOGRAPHIC	PAT PREF LANGUAGE SPOKEN	POL	POL=Polish	Language		POL		
DEMOGRAPHIC	PAT PREF LANGUAGE SPOKEN	PON	PON=Pohnpeian	Language		PON		
DEMOGRAPHIC	PAT PREF LANGUAGE SPOKEN	PUS	PUS=Pushto;  Pashto	Language		PUS		
DEMOGRAPHIC	PAT PREF LANGUAGE SPOKEN	QUE	QUE=Quechua	Language		QUE		
DEMOGRAPHIC	PAT PREF LANGUAGE SPOKEN	RAJ	RAJ=Rajasthani	Language		RAJ		
DEMOGRAPHIC	PAT PREF LANGUAGE SPOKEN	RAP	RAP=Rapanui	Language		RAP		
DEMOGRAPHIC	PAT PREF LANGUAGE SPOKEN	ROM	ROM=Romany	Language		ROM		
DEMOGRAPHIC	PAT PREF LANGUAGE SPOKEN	RON	RON=Romanian;  Moldavian;  Moldovan	Language		RON		
DEMOGRAPHIC	PAT PREF LANGUAGE SPOKEN	RUP	RUP=Aromanian;  Arumanian;  Macedo-Romanian	Language		RUP		
DEMOGRAPHIC	PAT PREF LANGUAGE SPOKEN	RUS	RUS=Russian	Language	4181539	RUS	Russian language	
DEMOGRAPHIC	PAT PREF LANGUAGE SPOKEN	SAD	SAD=Sandawe	Language		SAD		
DEMOGRAPHIC	PAT PREF LANGUAGE SPOKEN	SAG	SAG=Sango	Language		SAG		
DEMOGRAPHIC	PAT PREF LANGUAGE SPOKEN	SAS	SAS=Sasak	Language		SAS		
DEMOGRAPHIC	PAT PREF LANGUAGE SPOKEN	SAT	SAT=Santali	Language		SAT		
DEMOGRAPHIC	PAT PREF LANGUAGE SPOKEN	SCN	SCN=Sicilian	Language		SCN		
DEMOGRAPHIC	PAT PREF LANGUAGE SPOKEN	SEL	SEL=Selkup	Language		SEL		
DEMOGRAPHIC	PAT PREF LANGUAGE SPOKEN	SHN	SHN=Shan	Language		SHN		
DEMOGRAPHIC	PAT PREF LANGUAGE SPOKEN	SID	SID=Sidamo	Language		SID		
DEMOGRAPHIC	PAT PREF LANGUAGE SPOKEN	SIN	SIN=Sinhala;  Sinhalese	Language		SIN		
DEMOGRAPHIC	PAT PREF LANGUAGE SPOKEN	SLK	SLK=Slovak	Language		SLK		
DEMOGRAPHIC	PAT PREF LANGUAGE SPOKEN	SMA	SMA=Southern  Sami	Language		SMA		
DEMOGRAPHIC	PAT PREF LANGUAGE SPOKEN	SMJ	SMJ=Lule  Sami	Language		SMJ		
DEMOGRAPHIC	PAT PREF LANGUAGE SPOKEN	SMO	SMO=Samoan	Language		SMO		
DEMOGRAPHIC	PAT PREF LANGUAGE SPOKEN	SMS	SMS=Skolt  Sami	Language		SMS		
DEMOGRAPHIC	PAT PREF LANGUAGE SPOKEN	SNA	SNA=Shona	Language		SNA		
DEMOGRAPHIC	PAT PREF LANGUAGE SPOKEN	SNK	SNK=Soninke	Language		SNK		
DEMOGRAPHIC	PAT PREF LANGUAGE SPOKEN	SOT	SOT=Southern  Sotho	Language		SOT		
DEMOGRAPHIC	PAT PREF LANGUAGE SPOKEN	SPA	SPA=Spanish;  Castilian	Language	4182511	SPA	Spanish language	
DEMOGRAPHIC	PAT PREF LANGUAGE SPOKEN	SQI	SQI=Albanian	Language		SQI		
DEMOGRAPHIC	PAT PREF LANGUAGE SPOKEN	SRD	SRD=Sardinian	Language		SRD		
DEMOGRAPHIC	PAT PREF LANGUAGE SPOKEN	SRN	SRN=Sranan  Tongo	Language		SRN		
DEMOGRAPHIC	PAT PREF LANGUAGE SPOKEN	SRP	SRP=Serbian	Language		SRP		
DEMOGRAPHIC	PAT PREF LANGUAGE SPOKEN	SRR	SRR=Serer	Language		SRR		
DEMOGRAPHIC	PAT PREF LANGUAGE SPOKEN	SSW	SSW=Swati	Language		SSW		
DEMOGRAPHIC	PAT PREF LANGUAGE SPOKEN	SUK	SUK=Sukuma	Language		SUK		
DEMOGRAPHIC	PAT PREF LANGUAGE SPOKEN	SUS	SUS=Susu	Language		SUS		
DEMOGRAPHIC	PAT PREF LANGUAGE SPOKEN	SWA	SWA=Swahili	Language		SWA		
DEMOGRAPHIC	PAT PREF LANGUAGE SPOKEN	SWE	SWE=Swedish	Language		SWE		
DEMOGRAPHIC	PAT PREF LANGUAGE SPOKEN	TAH	TAH=Tahitian	Language		TAH		
DEMOGRAPHIC	PAT PREF LANGUAGE SPOKEN	TAM	TAM=Tamil	Language		TAM		
DEMOGRAPHIC	PAT PREF LANGUAGE SPOKEN	TEL	TEL=Telugu	Language		TEL		
DEMOGRAPHIC	PAT PREF LANGUAGE SPOKEN	TEM	TEM=Timne	Language		TEM		
DEMOGRAPHIC	PAT PREF LANGUAGE SPOKEN	TGL	TGL=Tagalog	Language		TGL		
DEMOGRAPHIC	PAT PREF LANGUAGE SPOKEN	THA	THA=Thai	Language		THA		
DEMOGRAPHIC	PAT PREF LANGUAGE SPOKEN	TIV	TIV=Tiv	Language		TIV		
DEMOGRAPHIC	PAT PREF LANGUAGE SPOKEN	TLI	TLI=Tlingit	Language		TLI		
DEMOGRAPHIC	PAT PREF LANGUAGE SPOKEN	TMH	TMH=Tamashek	Language		TMH		
DEMOGRAPHIC	PAT PREF LANGUAGE SPOKEN	TOG	TOG=Tonga  (Nyasa)	Language		TOG		
DEMOGRAPHIC	PAT PREF LANGUAGE SPOKEN	TON	TON=Tonga  (Tonga  Islands)	Language		TON		
DEMOGRAPHIC	PAT PREF LANGUAGE SPOKEN	TPI	TPI=Tok  Pisin	Language		TPI		
DEMOGRAPHIC	PAT PREF LANGUAGE SPOKEN	TSI	TSI=Tsimshian	Language		TSI		
DEMOGRAPHIC	PAT PREF LANGUAGE SPOKEN	TUK	TUK=Turkmen	Language		TUK		
DEMOGRAPHIC	PAT PREF LANGUAGE SPOKEN	TUM	TUM=Tumbuka	Language		TUM		
DEMOGRAPHIC	PAT PREF LANGUAGE SPOKEN	TUR	TUR=Turkish	Language		TUR		
DEMOGRAPHIC	PAT PREF LANGUAGE SPOKEN	TVL	TVL=Tuvalua	Language		TVL		
DEMOGRAPHIC	PAT PREF LANGUAGE SPOKEN	TWI	TWI=Twi	Language		TWI		
DEMOGRAPHIC	PAT PREF LANGUAGE SPOKEN	TYV	TYV=Tuvinian	Language		TYV		
DEMOGRAPHIC	PAT PREF LANGUAGE SPOKEN	UIG	UIG=Uighur;  Uyghur	Language		UIG		
DEMOGRAPHIC	PAT PREF LANGUAGE SPOKEN	UKR	UKR=Ukrainian	Language		UKR		
DEMOGRAPHIC	PAT PREF LANGUAGE SPOKEN	UMB	UMB=Umbundu	Language		UMB		
DEMOGRAPHIC	PAT PREF LANGUAGE SPOKEN	URD	URD=Urdu	Language		URD		
DEMOGRAPHIC	PAT PREF LANGUAGE SPOKEN	UZB	UZB=Uzbek	Language		UZB		
DEMOGRAPHIC	PAT PREF LANGUAGE SPOKEN	VIE	VIE=Vietnamese	Language	4181526	VIE	Vietnamese language	
DEMOGRAPHIC	PAT PREF LANGUAGE SPOKEN	WAL	WAL=Wolaitta;  Wolaytta	Language		WAL		
DEMOGRAPHIC	PAT PREF LANGUAGE SPOKEN	WAR	WAR=Waray	Language		WAR		
DEMOGRAPHIC	PAT PREF LANGUAGE SPOKEN	WLN	WLN=Walloon	Language		WLN		
DEMOGRAPHIC	PAT PREF LANGUAGE SPOKEN	XHO	XHO=Xhosa	Language		XHO		
DEMOGRAPHIC	PAT PREF LANGUAGE SPOKEN	YAO	YAO=Yao	Language		YAO		
DEMOGRAPHIC	PAT PREF LANGUAGE SPOKEN	YAP	YAP=Yapese	Language		YAP		
DEMOGRAPHIC	PAT PREF LANGUAGE SPOKEN	YID	YID=Yiddish	Language		YID		
DEMOGRAPHIC	PAT PREF LANGUAGE SPOKEN	YOR	YOR=Yoruba	Language		YOR		
DEMOGRAPHIC	PAT PREF LANGUAGE SPOKEN	ZEN	ZEN=Zenaga	Language		ZEN		
DEMOGRAPHIC	PAT PREF LANGUAGE SPOKEN	ZUL	ZUL=Zulu	Language		ZUL		
DEMOGRAPHIC	PAT PREF LANGUAGE SPOKEN	ZUN	ZUN=Zuni	Language		ZUN		
DEMOGRAPHIC	PAT PREF LANGUAGE SPOKEN	ZZA	ZZA=Zaza;  Dimili;  Dimli;  Kirdki;  Kirmanjki;  Zazaki	Language		ZZA		
DEMOGRAPHIC	PAT PREF LANGUAGE SPOKEN	UN	UN=Unknown	Language	44814653	UN	Unknown	
DEMOGRAPHIC	PAT PREF LANGUAGE SPOKEN	OT	OT=Other	Language	44814649	OT	Other	
DEMOGRAPHIC	PAT PREF LANGUAGE SPOKEN	PAN	PAN=Panjabi;  Punjabi	Language		PAN		
DEMOGRAPHIC	PAT PREF LANGUAGE SPOKEN	POR	POR=Portuguese	Language	4181536	POR	Portuguese language	
DEMOGRAPHIC	PAT PREF LANGUAGE SPOKEN	ROH	ROH=Romansh	Language		ROH		
DEMOGRAPHIC	PAT PREF LANGUAGE SPOKEN	RUN	RUN=Rundi	Language		RUN		
DEMOGRAPHIC	PAT PREF LANGUAGE SPOKEN	SLV	SLV=Slovenian	Language		SLV		
DEMOGRAPHIC	PAT PREF LANGUAGE SPOKEN	SUN	SUN=Sundanese	Language		SUN		
DEMOGRAPHIC	PAT PREF LANGUAGE SPOKEN	TET	TET=Tetum	Language		TET		
DEMOGRAPHIC	PAT PREF LANGUAGE SPOKEN	WOL	WOL=Wolof	Language		WOL		
DEMOGRAPHIC	PAT PREF LANGUAGE SPOKEN	ZAP	ZAP=Zapotec	Language		ZAP		
DEMOGRAPHIC	PAT PREF LANGUAGE SPOKEN	NI	NI=No  information	Language	44814650	NI	No information	
DEMOGRAPHIC	PAT PREF LANGUAGE SPOKEN	TKL	TKL=Tokelau	Language		TKL		
DEMOGRAPHIC	PAT PREF LANGUAGE SPOKEN	RAR	RAR=Rarotongan;  Cook  Islands  Maori	Language		RAR		
DEMOGRAPHIC	PAT PREF LANGUAGE SPOKEN	SAH	SAH=Yakut	Language		SAH		
DEMOGRAPHIC	PAT PREF LANGUAGE SPOKEN	SCO	SCO=Scots	Language		SCO		
DEMOGRAPHIC	PAT PREF LANGUAGE SPOKEN	SME	SME=Northern  Sami	Language		SME		
DEMOGRAPHIC	PAT PREF LANGUAGE SPOKEN	SMN	SMN=Inari  Sami	Language		SMN		
DEMOGRAPHIC	PAT PREF LANGUAGE SPOKEN	SND	SND=Sindhi	Language		SND		
DEMOGRAPHIC	PAT PREF LANGUAGE SPOKEN	SOM	SOM=Somali	Language	4182350	SOM	Somali language	
DEMOGRAPHIC	PAT PREF LANGUAGE SPOKEN	SYR	SYR=Syriac	Language		SYR		
DEMOGRAPHIC	PAT PREF LANGUAGE SPOKEN	TAT	TAT=Tatar	Language		TAT		
DEMOGRAPHIC	PAT PREF LANGUAGE SPOKEN	TER	TER=Tereno	Language		TER		
DEMOGRAPHIC	PAT PREF LANGUAGE SPOKEN	TGK	TGK=Tajik	Language		TGK		
DEMOGRAPHIC	PAT PREF LANGUAGE SPOKEN	TIG	TIG=Tigre	Language		TIG		
DEMOGRAPHIC	PAT PREF LANGUAGE SPOKEN	TIR	TIR=Tigrinya	Language		TIR		
DEMOGRAPHIC	PAT PREF LANGUAGE SPOKEN	TSN	TSN=Tswana	Language		TSN		
DEMOGRAPHIC	PAT PREF LANGUAGE SPOKEN	TSO	TSO=Tsonga	Language		TSO		
DEMOGRAPHIC	PAT PREF LANGUAGE SPOKEN	UDM	UDM=Udmurt	Language		UDM		
DEMOGRAPHIC	PAT PREF LANGUAGE SPOKEN	VAI	VAI=Vai	Language		VAI		
DEMOGRAPHIC	PAT PREF LANGUAGE SPOKEN	VEN	VEN=Venda	Language		VEN		
DEMOGRAPHIC	PAT PREF LANGUAGE SPOKEN	VOT	VOT=Votic	Language		VOT		
DEMOGRAPHIC	PAT PREF LANGUAGE SPOKEN	WAS	WAS=Washo	Language		WAS		
DEMOGRAPHIC	PAT PREF LANGUAGE SPOKEN	XAL	XAL=Kalmyk;  Oirat	Language		XAL		
DEMOGRAPHIC	PAT PREF LANGUAGE SPOKEN	ZHA	ZHA=Zhuang;  Chuang	Language		ZHA		
DEMOGRAPHIC	PAT PREF LANGUAGE SPOKEN	ZHO	ZHO=Chinese	Language	4182948	ZHO	Chinese Language	
DEMOGRAPHIC	PAT PREF LANGUAGE SPOKEN	ZGH	ZGH=Standard  Moroccan  Tamazight	Language		ZGH		
ENCOUNTER	ENC TYPE	ED	ED=Emergency  Department	Encounter type	9203	ED	Emergency Department	NULL
ENCOUNTER	ENC TYPE	EI	EI=Emergency  Department  Admit  to  Inpatient  Hospital  Stay  (permissible  substitution)	Encounter type	2000000048	EI	Emergency Department Admit to Inpatient Hospital Stay	NULL
ENCOUNTER	ENC TYPE	IP	IP=Inpatient  Hospital  Stay	Encounter type	9201	IP	Inpatient Hospital Stay	NULL
ENCOUNTER	ENC TYPE	TH	TH=Telehealth	Encounter type	581399	TH	Telehealth	
ENCOUNTER	ENC TYPE	OA	OA=Other  Ambulatory  Visit	Encounter type	44814711	OA	Other ambulatory visit	NULL
ENCOUNTER	ENC TYPE	NI	NI=No  information	Encounter type	44814650	NI	No information	NULL
ENCOUNTER	ENC TYPE	OT	OT=Other	Encounter type	44814649	OT	Other	NULL
ENCOUNTER	ENC TYPE	AV	AV=Ambulatory  Visit	Encounter type	9202	AV	Ambulatory Visit	NULL
ENCOUNTER	ENC TYPE	IS	IS=Non-Acute  Institutional  Stay	Encounter type	44814710	IS	Non-Acute Institutional Stay	NULL
ENCOUNTER	ENC TYPE	OS	OS=Observation  Stay	Encounter type	2000000088	OS	Observational Stay	NULL
ENCOUNTER	ENC TYPE	UN	UN=Unknown	Encounter type	44814653	UN	Unknown	NULL
ENCOUNTER	DISCHARGE STATUS	AF	AF=Adult  Foster  Home	Discharge status	38004205	AF	Adult Foster Home	NULL
ENCOUNTER	DISCHARGE STATUS	AL	AL=Assisted  Living  Facility	Discharge status	38004301	AL	Assisted Living Facility	NULL
ENCOUNTER	DISCHARGE STATUS	AM	AM=Against  Medical  Advice	Discharge status	4021968	AM	Against Medical Advice	NULL
ENCOUNTER	DISCHARGE STATUS	EX	EX=Expired	Discharge status	4216643	EX	Expired	NULL
ENCOUNTER	DISCHARGE STATUS	HO	HO=Home  /  Self  Care	Discharge status	8536	HO	Home / Self Care	NULL
ENCOUNTER	DISCHARGE STATUS	IP	IP=Other  Acute  Inpatient  Hospital	Discharge status	38004279	IP	Other Acute Inpatient Hospital	NULL
ENCOUNTER	DISCHARGE STATUS	RS	RS=Residential  Facility	Discharge status	44814701	RS	Residential Facility	NULL
ENCOUNTER	DISCHARGE STATUS	SN	SN=Skilled  Nursing  Facility	Discharge status	8863	SN	Skilled Nursing Facility	NULL
ENCOUNTER	DISCHARGE STATUS	NI	NI=No  information	Discharge status	44814650	NI	No information	NULL
ENCOUNTER	DISCHARGE STATUS	OT	OT=Other	Discharge status	44814649	OT	Other	NULL
ENCOUNTER	ADMITTING SOURCE	AL	AL=Assisted  Living  Facility	Admitting source	44814671	AL	Assisted Living Facility	NULL
ENCOUNTER	ADMITTING SOURCE	AV	AV=Ambulatory  Visit	Admitting source	44814672	AV	Ambulatory Visit	NULL
ENCOUNTER	ADMITTING SOURCE	ED	ED=Emergency  Department	Admitting source	8870	ED	Emergency Department	NULL
ENCOUNTER	ADMITTING SOURCE	HH	HH=Home  Health	Admitting source	44814674	HH	Home Health	NULL
ENCOUNTER	ADMITTING SOURCE	HO	HO=Home  /  Self  Care	Admitting source	44814675	HO	Home / Self Care	NULL
ENCOUNTER	ADMITTING SOURCE	HS	HS=Hospice	Admitting source	8546	HS	Hospice	NULL
ENCOUNTER	ADMITTING SOURCE	IP	IP=Other  Acute  Inpatient  Hospital	Admitting source	38004279	IP	Other Acute Inpatient Hospital	NULL
ENCOUNTER	ADMITTING SOURCE	RS	RS=Residential  Facility	Admitting source	44814680	RS	Residential Facility	NULL
ENCOUNTER	ADMITTING SOURCE	NI	NI=No  information	Admitting source	44814650	NI	No information	NULL
ENCOUNTER	ADMITTING SOURCE	OT	OT=Other	Admitting source	44814649	OT	Other	NULL
ENCOUNTER	DISCHARGE STATUS	HH	HH=Home  Health	Discharge status	38004195	HH	Home Health	NULL
ENCOUNTER	DISCHARGE STATUS	HS	HS=Hospice	Discharge status	8546	HS	Hospice	NULL
ENCOUNTER	DISCHARGE STATUS	SH	SH=Still  In  Hospital	Discharge status	8717	SH	Still In Hospital	NULL
ENCOUNTER	ADMITTING SOURCE	UN	UN=Unknown	Admitting source	44814653	UN	Unknown	NULL
ENCOUNTER	DISCHARGE STATUS	AW	AW=Absent  without  leave	Discharge status	44814693	AW	Absent without leave	NULL
ENCOUNTER	DISCHARGE STATUS	NH	NH=Nursing  Home  (Includes  ICF)	Discharge status	8676	NH	Nursing Home (Includes ICF)	NULL
ENCOUNTER	DISCHARGE STATUS	RH	RH=Rehabilitation  Facility	Discharge status	8920	RH	Rehabilitation Facility	NULL
ENCOUNTER	DISCHARGE STATUS	UN	UN=Unknown	Discharge status	44814653	UN	Unknown	NULL
ENCOUNTER	ADMITTING SOURCE	AF	AF=Adult  Foster  Home	Admitting source	44814670	AF	Adult Foster Home	NULL
ENCOUNTER	ADMITTING SOURCE	RH	RH=Rehabilitation  Facility	Admitting source	44814679	RH	Rehabilitation Facility	NULL
ENCOUNTER	ADMITTING SOURCE	SN	SN=Skilled  Nursing  Facility	Admitting source	8863	SN	Skilled Nursing Facility	NULL
ENCOUNTER	ADMITTING SOURCE	NH	NH=Nursing  Home  (Includes  ICF)	Admitting source	44814678	NH	Nursing Home (Includes ICF)	NULL
ENCOUNTER	PAYER TYPE PRIMARY	11	11=Medicare  (Managed  Care)	Payer		11		
ENCOUNTER	PAYER TYPE PRIMARY	129	129=Medicare  Non-managed  Care  Other	Payer		129		
ENCOUNTER	PAYER TYPE PRIMARY	13	13=Medicare  Hospice	Payer		13		
ENCOUNTER	PAYER TYPE PRIMARY	14	14=Dual  Eligibility  Medicare/Medicaid  Organization	Payer		14		
ENCOUNTER	PAYER TYPE PRIMARY	21	21=Medicaid  (Managed  Care)	Payer		21		
ENCOUNTER	PAYER TYPE PRIMARY	212	212=Medicaid  PPO	Payer		212		
ENCOUNTER	PAYER TYPE PRIMARY	213	213=Medicaid  PCCM  (Primary  Care  Case  Management)	Payer		213		
ENCOUNTER	PAYER TYPE PRIMARY	24	24=Medicaid  Applicant	Payer		24		
ENCOUNTER	PAYER TYPE PRIMARY	29	29=Medicaid  Other	Payer		29		
ENCOUNTER	PAYER TYPE PRIMARY	291	291=Medicaid  Pharmacy  Benefit  Manager	Payer		291		
ENCOUNTER	PAYER TYPE PRIMARY	299	299=Medicaid  -  Dental	Payer		299		
ENCOUNTER	PAYER TYPE PRIMARY	31	31=Department  of  Defense	Payer		31		
ENCOUNTER	PAYER TYPE PRIMARY	3111	3111=TRICARE  Prime—HMO	Payer		3111		
ENCOUNTER	PAYER TYPE PRIMARY	3112	3112=TRICARE  Extra—PPO	Payer		3112		
ENCOUNTER	PAYER TYPE PRIMARY	3115	3115=TRICARE  Reserve  Select	Payer		3115		
ENCOUNTER	PAYER TYPE PRIMARY	3116	3116=Uniformed  Services  Family  Health  Plan  (USFHP)  --  HMO	Payer		3116		
ENCOUNTER	PAYER TYPE PRIMARY	3119	3119=Department  of  Defense  -  (other)	Payer		3119		
ENCOUNTER	PAYER TYPE PRIMARY	3122	3122=Non-enrolled  Space  Available	Payer		3122		
ENCOUNTER	PAYER TYPE PRIMARY	313	313=Dental  --Stand  Alone	Payer		313		
ENCOUNTER	PAYER TYPE PRIMARY	3212	3212=Indirect  Care--Care  provided  outside  VA  facilities	Payer		3212		
ENCOUNTER	PAYER TYPE PRIMARY	32122	32122=Foreign  Fee/Foreign  Medical  Program  (FMP)	Payer		32122		
ENCOUNTER	PAYER TYPE PRIMARY	32124	32124=State  Veterans  Home	Payer		32124		
ENCOUNTER	PAYER TYPE PRIMARY	32126	32126=Other  Federal  Agency	Payer		32126		
ENCOUNTER	PAYER TYPE PRIMARY	32128	32128=Vision  Care	Payer		32128		
ENCOUNTER	PAYER TYPE PRIMARY	322	322=Non-veteran  care	Payer		322		
ENCOUNTER	PAYER TYPE PRIMARY	3223	3223=Children  of  Women  Vietnam  Veterans  (CWVV)	Payer		3223		
ENCOUNTER	PAYER TYPE PRIMARY	3229	3229=Other  non-veteran  care	Payer		3229		
ENCOUNTER	PAYER TYPE PRIMARY	33	33=Indian  Health  Service  or  Tribe	Payer		33		
ENCOUNTER	PAYER TYPE PRIMARY	332	332=Indian  Health  Service  –  Contract	Payer		332		
ENCOUNTER	PAYER TYPE PRIMARY	333	333=Indian  Health  Service  -  Managed  Care	Payer		333		
ENCOUNTER	PAYER TYPE PRIMARY	334	334=Indian  Tribe  -  Sponsored  Coverage	Payer		334		
ENCOUNTER	PAYER TYPE PRIMARY	341	341=Title  V  (MCH  Block  Grant)	Payer		341		
ENCOUNTER	PAYER TYPE PRIMARY	342	342=Migrant  Health  Program	Payer		342		
ENCOUNTER	PAYER TYPE PRIMARY	36	36=State  Government	Payer		36		
ENCOUNTER	PAYER TYPE PRIMARY	361	361=State  SCHIP  program  (codes  for  individual  states)	Payer		361		
ENCOUNTER	PAYER TYPE PRIMARY	37	37=Local  Government	Payer		37		
ENCOUNTER	PAYER TYPE PRIMARY	371	371=Local  -  Managed  care	Payer		371		
ENCOUNTER	PAYER TYPE PRIMARY	3711	3711=HMO	Payer		3711		
ENCOUNTER	PAYER TYPE PRIMARY	3713	3713=POS	Payer		3713		
ENCOUNTER	PAYER TYPE PRIMARY	379	379=Local,  not  otherwise  specified  (other  local,  county)	Payer		379		
ENCOUNTER	PAYER TYPE PRIMARY	38	38=Other  Government  (Federal,  State,  Local  not  specified)	Payer		38		
ENCOUNTER	PAYER TYPE PRIMARY	381	381=Federal,  State,  Local  not  specified  managed  care	Payer		381		
ENCOUNTER	PAYER TYPE PRIMARY	3811	3811=Federal,  State,  Local  not  specified  -  HMO	Payer		3811		
ENCOUNTER	PAYER TYPE PRIMARY	3819	3819=Federal,  State,  Local  not  specified  -  not  specified  managed  care	Payer		3819		
ENCOUNTER	PAYER TYPE PRIMARY	382	382=Federal,  State,  Local  not  specified  -  FFS	Payer		382		
ENCOUNTER	PAYER TYPE PRIMARY	391	391=Federal  Employee  Health  Plan  –  Use  when  known.	Payer		391		
ENCOUNTER	PAYER TYPE PRIMARY	41	41=Corrections  Federal	Payer		41		
ENCOUNTER	PAYER TYPE PRIMARY	44	44=Corrections  Unknown  Level	Payer		44		
ENCOUNTER	PAYER TYPE PRIMARY	51	51=Managed  Care  (Private)	Payer		51		
ENCOUNTER	PAYER TYPE PRIMARY	514	514=Exclusive  Provider  Organization	Payer		514		
ENCOUNTER	PAYER TYPE PRIMARY	515	515=Gatekeeper  PPO  (GPPO)	Payer		515		
ENCOUNTER	PAYER TYPE PRIMARY	519	519=Managed  Care,  Other  (non  HMO)	Payer		519		
ENCOUNTER	PAYER TYPE PRIMARY	52	52=Private  Health  Insurance  -  Indemnity	Payer		52		
ENCOUNTER	PAYER TYPE PRIMARY	521	521=Commercial  Indemnity	Payer		521		
ENCOUNTER	PAYER TYPE PRIMARY	522	522=Self-insured  (ERISA)  Administrative  Services  Only  (ASO)  plan	Payer		522		
ENCOUNTER	PAYER TYPE PRIMARY	523	523=Medicare  supplemental  policy  (as  second  payer)	Payer		523		
ENCOUNTER	PAYER TYPE PRIMARY	529	529=Private  health  insurance—other  commercial  Indemnity	Payer		529		
ENCOUNTER	PAYER TYPE PRIMARY	55	55=Small  Employer  Purchasing  Group	Payer		55		
ENCOUNTER	PAYER TYPE PRIMARY	613	613=BC  Managed  Care  –  POS	Payer		613		
ENCOUNTER	PAYER TYPE PRIMARY	619	619=BC  Managed  Care  –  Other	Payer		619		
ENCOUNTER	PAYER TYPE PRIMARY	622	622=BC  Self-insured  (ERISA)  Administrative  Services  Only  (ASO)Plan	Payer		622		
ENCOUNTER	PAYER TYPE PRIMARY	82	82=No  Charge	Payer		82		
ENCOUNTER	PAYER TYPE PRIMARY	821	821=Charity	Payer		821		
ENCOUNTER	PAYER TYPE PRIMARY	12	12=Medicare  (Non-managed  Care)	Payer		12		
ENCOUNTER	PAYER TYPE PRIMARY	191	191=Medicare  Pharmacy  Benefit  Manager	Payer		191		
ENCOUNTER	PAYER TYPE PRIMARY	22	22=Medicaid  (Non-managed  Care  Plan)	Payer		22		
ENCOUNTER	PAYER TYPE PRIMARY	25	25=Medicaid  -  Out  of  State	Payer		25		
ENCOUNTER	PAYER TYPE PRIMARY	311	311=TRICARE  (CHAMPUS)	Payer		311		
ENCOUNTER	PAYER TYPE PRIMARY	321	321=Veteran  care--Care  provided  to  Veterans	Payer		321		
ENCOUNTER	PAYER TYPE PRIMARY	32123	32123=Contract  Nursing  Home/Community  Nursing  Home	Payer		32123		
ENCOUNTER	PAYER TYPE PRIMARY	32125	32125=Sharing  Agreements	Payer		32125		
ENCOUNTER	PAYER TYPE PRIMARY	3222	3222=Spina  Bifida  Health  Care  Program  (SB)	Payer		3222		
ENCOUNTER	PAYER TYPE PRIMARY	56	56=Specialized  Stand  Alone  Plan	Payer		56		
ENCOUNTER	PAYER TYPE PRIMARY	621	621=BC  Indemnity	Payer		621		
ENCOUNTER	PAYER TYPE PRIMARY	91	91=Foreign  National	Payer		91		
ENCOUNTER	PAYER TYPE PRIMARY	3114	3114=TRICARE  For  Life--Medicare  Supplement	Payer		3114		
ENCOUNTER	PAYER TYPE PRIMARY	39	39=Other  Federal	Payer		39		
ENCOUNTER	PAYER TYPE PRIMARY	623	623=BC  Medicare  Supplemental  Plan	Payer		623		
ENCOUNTER	PAYER TYPE PRIMARY	92	92=Other  (Non-government)	Payer		92		
ENCOUNTER	PAYER TYPE PRIMARY	93	93=Disability  Insurance	Payer		93		
ENCOUNTER	PAYER TYPE PRIMARY	95	95=Worker's  Compensation	Payer		95		
ENCOUNTER	PAYER TYPE PRIMARY	96	96=Auto  Insurance  (includes  no  fault)	Payer		96		
ENCOUNTER	PAYER TYPE PRIMARY	97	97=Legal  Liability  /  Liability  Insurance	Payer		97		
ENCOUNTER	PAYER TYPE PRIMARY	99	99=No  Typology  Code  available  for  payment  source	Payer		99		
ENCOUNTER	PAYER TYPE SECONDARY	119	119=Medicare  Managed  Care  Other	Payer		119		
ENCOUNTER	PAYER TYPE SECONDARY	122	122=Medicare  Drug  Benefit	Payer		122		
ENCOUNTER	PAYER TYPE SECONDARY	21	21=Medicaid  (Managed  Care)	Payer		21		
ENCOUNTER	PAYER TYPE SECONDARY	212	212=Medicaid  PPO	Payer		212		
ENCOUNTER	PAYER TYPE SECONDARY	213	213=Medicaid  PCCM  (Primary  Care  Case  Management)	Payer		213		
ENCOUNTER	PAYER TYPE SECONDARY	22	22=Medicaid  (Non-managed  Care  Plan)	Payer		22		
ENCOUNTER	PAYER TYPE SECONDARY	26	26=Medicaid  –  Long  Term  Care	Payer		26		
ENCOUNTER	PAYER TYPE SECONDARY	29	29=Medicaid  Other	Payer		29		
ENCOUNTER	PAYER TYPE SECONDARY	299	299=Medicaid  -  Dental	Payer		299		
ENCOUNTER	PAYER TYPE SECONDARY	3119	3119=Department  of  Defense  -  (other)	Payer		3119		
ENCOUNTER	PAYER TYPE SECONDARY	3121	3121=Enrolled  Prime—HMO	Payer		3121		
ENCOUNTER	PAYER TYPE SECONDARY	3122	3122=Non-enrolled  Space  Available	Payer		3122		
ENCOUNTER	PAYER TYPE SECONDARY	3123	3123=TRICARE  For  Life  (TFL)	Payer		3123		
ENCOUNTER	PAYER TYPE SECONDARY	313	313=Dental  --Stand  Alone	Payer		313		
ENCOUNTER	PAYER TYPE SECONDARY	3211	3211=Direct  Care--Care  provided  in  VA  facilities	Payer		3211		
ENCOUNTER	PAYER TYPE SECONDARY	32122	32122=Foreign  Fee/Foreign  Medical  Program  (FMP)	Payer		32122		
ENCOUNTER	PAYER TYPE SECONDARY	32128	32128=Vision  Care	Payer		32128		
ENCOUNTER	PAYER TYPE SECONDARY	3221	3221=Civilian  Health  and  Medical  Program  for  the  VA  (CHAMPVA)	Payer		3221		
ENCOUNTER	PAYER TYPE SECONDARY	3222	3222=Spina  Bifida  Health  Care  Program  (SB)	Payer		3222		
ENCOUNTER	PAYER TYPE SECONDARY	3223	3223=Children  of  Women  Vietnam  Veterans  (CWVV)	Payer		3223		
ENCOUNTER	PAYER TYPE SECONDARY	3229	3229=Other  non-veteran  care	Payer		3229		
ENCOUNTER	PAYER TYPE SECONDARY	332	332=Indian  Health  Service  –  Contract	Payer		332		
ENCOUNTER	PAYER TYPE SECONDARY	341	341=Title  V  (MCH  Block  Grant)	Payer		341		
ENCOUNTER	PAYER TYPE SECONDARY	343	343=Ryan  White  Act	Payer		343		
ENCOUNTER	PAYER TYPE SECONDARY	349	349=Other	Payer		349		
ENCOUNTER	PAYER TYPE SECONDARY	36	36=State  Government	Payer		36		
ENCOUNTER	PAYER TYPE SECONDARY	3711	3711=HMO	Payer		3711		
ENCOUNTER	PAYER TYPE SECONDARY	3713	3713=POS	Payer		3713		
ENCOUNTER	PAYER TYPE SECONDARY	372	372=FFS/Indemnity	Payer		372		
ENCOUNTER	PAYER TYPE SECONDARY	381	381=Federal,  State,  Local  not  specified  managed  care	Payer		381		
ENCOUNTER	PAYER TYPE SECONDARY	3812	3812=Federal,  State,  Local  not  specified  -  PPO	Payer		3812		
ENCOUNTER	PAYER TYPE SECONDARY	3819	3819=Federal,  State,  Local  not  specified  -  not  specified  managed  care	Payer		3819		
ENCOUNTER	PAYER TYPE SECONDARY	391	391=Federal  Employee  Health  Plan  –  Use  when  known.	Payer		391		
ENCOUNTER	PAYER TYPE SECONDARY	515	515=Gatekeeper  PPO  (GPPO)	Payer		515		
ENCOUNTER	PAYER TYPE SECONDARY	517	517=Commercial  Managed  Care  -  Dental	Payer		517		
ENCOUNTER	PAYER TYPE SECONDARY	519	519=Managed  Care,  Other  (non  HMO)	Payer		519		
ENCOUNTER	PAYER TYPE SECONDARY	521	521=Commercial  Indemnity	Payer		521		
ENCOUNTER	PAYER TYPE PRIMARY	119	119=Medicare  Managed  Care  Other	Payer		119		
ENCOUNTER	PAYER TYPE PRIMARY	123	123=Medicare  Medical  Savings  Account  (MSA)	Payer		123		
ENCOUNTER	PAYER TYPE PRIMARY	211	211=Medicaid  HMO	Payer		211		
ENCOUNTER	PAYER TYPE PRIMARY	26	26=Medicaid  –  Long  Term  Care	Payer		26		
ENCOUNTER	PAYER TYPE PRIMARY	3113	3113=TRICARE  Standard  -  Fee  For  Service	Payer		3113		
ENCOUNTER	PAYER TYPE PRIMARY	312	312=Military  Treatment  Facility	Payer		312		
ENCOUNTER	PAYER TYPE PRIMARY	3121	3121=Enrolled  Prime—HMO	Payer		3121		
ENCOUNTER	PAYER TYPE PRIMARY	3123	3123=TRICARE  For  Life  (TFL)	Payer		3123		
ENCOUNTER	PAYER TYPE PRIMARY	32	32=Department  of  Veterans  Affairs	Payer		32		
ENCOUNTER	PAYER TYPE PRIMARY	3211	3211=Direct  Care--Care  provided  in  VA  facilities	Payer		3211		
ENCOUNTER	PAYER TYPE PRIMARY	32121	32121=Fee  Basis	Payer		32121		
ENCOUNTER	PAYER TYPE PRIMARY	32127	32127=Dental  Care	Payer		32127		
ENCOUNTER	PAYER TYPE PRIMARY	3221	3221=Civilian  Health  and  Medical  Program  for  the  VA  (CHAMPVA)	Payer		3221		
ENCOUNTER	PAYER TYPE PRIMARY	331	331=Indian  Health  Service  –  Regular	Payer		331		
ENCOUNTER	PAYER TYPE PRIMARY	34	34=HRSA  Program	Payer		34		
ENCOUNTER	PAYER TYPE PRIMARY	349	349=Other	Payer		349		
ENCOUNTER	PAYER TYPE PRIMARY	362	362=Specific  state  programs  (list/  local  code)	Payer		362		
ENCOUNTER	PAYER TYPE PRIMARY	369	369=State,  not  otherwise  specified  (other  state)	Payer		369		
ENCOUNTER	PAYER TYPE PRIMARY	3712	3712=PPO	Payer		3712		
ENCOUNTER	PAYER TYPE PRIMARY	372	372=FFS/Indemnity	Payer		372		
ENCOUNTER	PAYER TYPE PRIMARY	3812	3812=Federal,  State,  Local  not  specified  -  PPO	Payer		3812		
ENCOUNTER	PAYER TYPE PRIMARY	3813	3813=Federal,  State,  Local  not  specified  -  POS	Payer		3813		
ENCOUNTER	PAYER TYPE PRIMARY	389	389=Federal,  State,  Local  not  specified  -  Other	Payer		389		
ENCOUNTER	PAYER TYPE PRIMARY	42	42=Corrections  State	Payer		42		
ENCOUNTER	PAYER TYPE PRIMARY	516	516=Commercial  Managed  Care  -  Pharmacy  Benefit  Manager	Payer		516		
ENCOUNTER	PAYER TYPE PRIMARY	517	517=Commercial  Managed  Care  -  Dental	Payer		517		
ENCOUNTER	PAYER TYPE PRIMARY	524	524=Indemnity  Insurance  -  Dental	Payer		524		
ENCOUNTER	PAYER TYPE PRIMARY	54	54=Organized  Delivery  System	Payer		54		
ENCOUNTER	PAYER TYPE PRIMARY	561	561=Dental	Payer		561		
ENCOUNTER	PAYER TYPE PRIMARY	562	562=Vision  Other  Private  Insurance	Payer		562		
ENCOUNTER	PAYER TYPE PRIMARY	61	61=BC  Managed  Care	Payer		61		
ENCOUNTER	PAYER TYPE PRIMARY	611	611=BC  Managed  Care  –  HMO	Payer		611		
ENCOUNTER	PAYER TYPE PRIMARY	612	612=BC  Managed  Care  –  PPO	Payer		612		
ENCOUNTER	PAYER TYPE PRIMARY	614	614=BC  Managed  Care  -  Dental	Payer		614		
ENCOUNTER	PAYER TYPE PRIMARY	62	62=BC  Insurance  Indemnity	Payer		62		
ENCOUNTER	PAYER TYPE PRIMARY	629	629=BC  Indemnity  -  Dental	Payer		629		
ENCOUNTER	PAYER TYPE PRIMARY	79	79=Other  Managed  Care	Payer		79		
ENCOUNTER	PAYER TYPE PRIMARY	822	822=Professional  Courtesy	Payer		822		
ENCOUNTER	PAYER TYPE PRIMARY	823	823=Research/Clinical  Trial	Payer		823		
ENCOUNTER	PAYER TYPE PRIMARY	83	83=Refusal  to  Pay/Bad  Debt	Payer		83		
ENCOUNTER	PAYER TYPE PRIMARY	84	84=Hill  Burton  Free  Care	Payer		84		
ENCOUNTER	PAYER TYPE PRIMARY	85	85=Research/Donor	Payer		85		
ENCOUNTER	PAYER TYPE PRIMARY	89	89=No  Payment,  Other	Payer		89		
ENCOUNTER	PAYER TYPE PRIMARY	94	94=Long-term  Care  Insurance	Payer		94		
ENCOUNTER	PAYER TYPE PRIMARY	951	951=Worker's  Comp  HMO	Payer		951		
ENCOUNTER	PAYER TYPE PRIMARY	954	954=Worker’s  Comp  Other  Managed  Care	Payer		954		
ENCOUNTER	PAYER TYPE PRIMARY	98	98=Other  specified  but  not  otherwise  classifiable  (includes  Hospice  -  Unspecified  plan)	Payer		98		
ENCOUNTER	PAYER TYPE SECONDARY	11	11=Medicare  (Managed  Care)	Payer		11		
ENCOUNTER	PAYER TYPE SECONDARY	123	123=Medicare  Medical  Savings  Account  (MSA)	Payer		123		
ENCOUNTER	PAYER TYPE SECONDARY	129	129=Medicare  Non-managed  Care  Other	Payer		129		
ENCOUNTER	PAYER TYPE SECONDARY	13	13=Medicare  Hospice	Payer		13		
ENCOUNTER	PAYER TYPE SECONDARY	14	14=Dual  Eligibility  Medicare/Medicaid  Organization	Payer		14		
ENCOUNTER	PAYER TYPE SECONDARY	191	191=Medicare  Pharmacy  Benefit  Manager	Payer		191		
ENCOUNTER	PAYER TYPE SECONDARY	219	219=Medicaid  Managed  Care  Other	Payer		219		
ENCOUNTER	PAYER TYPE SECONDARY	24	24=Medicaid  Applicant	Payer		24		
ENCOUNTER	PAYER TYPE SECONDARY	25	25=Medicaid  -  Out  of  State	Payer		25		
ENCOUNTER	PAYER TYPE SECONDARY	291	291=Medicaid  Pharmacy  Benefit  Manager	Payer		291		
ENCOUNTER	PAYER TYPE SECONDARY	311	311=TRICARE  (CHAMPUS)	Payer		311		
ENCOUNTER	PAYER TYPE SECONDARY	3111	3111=TRICARE  Prime—HMO	Payer		3111		
ENCOUNTER	PAYER TYPE SECONDARY	3113	3113=TRICARE  Standard  -  Fee  For  Service	Payer		3113		
ENCOUNTER	PAYER TYPE SECONDARY	3114	3114=TRICARE  For  Life--Medicare  Supplement	Payer		3114		
ENCOUNTER	PAYER TYPE SECONDARY	3115	3115=TRICARE  Reserve  Select	Payer		3115		
ENCOUNTER	PAYER TYPE SECONDARY	3116	3116=Uniformed  Services  Family  Health  Plan  (USFHP)  --  HMO	Payer		3116		
ENCOUNTER	PAYER TYPE SECONDARY	312	312=Military  Treatment  Facility	Payer		312		
ENCOUNTER	PAYER TYPE SECONDARY	32	32=Department  of  Veterans  Affairs	Payer		32		
ENCOUNTER	PAYER TYPE SECONDARY	321	321=Veteran  care--Care  provided  to  Veterans	Payer		321		
ENCOUNTER	PAYER TYPE SECONDARY	3212	3212=Indirect  Care--Care  provided  outside  VA  facilities	Payer		3212		
ENCOUNTER	PAYER TYPE SECONDARY	32121	32121=Fee  Basis	Payer		32121		
ENCOUNTER	PAYER TYPE SECONDARY	32123	32123=Contract  Nursing  Home/Community  Nursing  Home	Payer		32123		
ENCOUNTER	PAYER TYPE SECONDARY	32126	32126=Other  Federal  Agency	Payer		32126		
ENCOUNTER	PAYER TYPE SECONDARY	32127	32127=Dental  Care	Payer		32127		
ENCOUNTER	PAYER TYPE SECONDARY	322	322=Non-veteran  care	Payer		322		
ENCOUNTER	PAYER TYPE SECONDARY	33	33=Indian  Health  Service  or  Tribe	Payer		33		
ENCOUNTER	PAYER TYPE SECONDARY	331	331=Indian  Health  Service  –  Regular	Payer		331		
ENCOUNTER	PAYER TYPE SECONDARY	333	333=Indian  Health  Service  -  Managed  Care	Payer		333		
ENCOUNTER	PAYER TYPE SECONDARY	34	34=HRSA  Program	Payer		34		
ENCOUNTER	PAYER TYPE SECONDARY	342	342=Migrant  Health  Program	Payer		342		
ENCOUNTER	PAYER TYPE SECONDARY	35	35=Black  Lung	Payer		35		
ENCOUNTER	PAYER TYPE SECONDARY	361	361=State  SCHIP  program  (codes  for  individual  states)	Payer		361		
ENCOUNTER	PAYER TYPE SECONDARY	362	362=Specific  state  programs  (list/  local  code)	Payer		362		
ENCOUNTER	PAYER TYPE SECONDARY	369	369=State,  not  otherwise  specified  (other  state)	Payer		369		
ENCOUNTER	PAYER TYPE SECONDARY	37	37=Local  Government	Payer		37		
ENCOUNTER	PAYER TYPE SECONDARY	371	371=Local  -  Managed  care	Payer		371		
ENCOUNTER	PAYER TYPE SECONDARY	3811	3811=Federal,  State,  Local  not  specified  -  HMO	Payer		3811		
ENCOUNTER	PAYER TYPE SECONDARY	3813	3813=Federal,  State,  Local  not  specified  -  POS	Payer		3813		
ENCOUNTER	PAYER TYPE SECONDARY	382	382=Federal,  State,  Local  not  specified  -  FFS	Payer		382		
ENCOUNTER	PAYER TYPE SECONDARY	389	389=Federal,  State,  Local  not  specified  -  Other	Payer		389		
ENCOUNTER	PAYER TYPE SECONDARY	39	39=Other  Federal	Payer		39		
ENCOUNTER	PAYER TYPE SECONDARY	41	41=Corrections  Federal	Payer		41		
ENCOUNTER	PAYER TYPE SECONDARY	42	42=Corrections  State	Payer		42		
ENCOUNTER	PAYER TYPE SECONDARY	43	43=Corrections  Local	Payer		43		
ENCOUNTER	PAYER TYPE SECONDARY	44	44=Corrections  Unknown  Level	Payer		44		
ENCOUNTER	PAYER TYPE SECONDARY	514	514=Exclusive  Provider  Organization	Payer		514		
ENCOUNTER	PAYER TYPE SECONDARY	516	516=Commercial  Managed  Care  -  Pharmacy  Benefit  Manager	Payer		516		
ENCOUNTER	PAYER TYPE SECONDARY	524	524=Indemnity  Insurance  -  Dental	Payer		524		
ENCOUNTER	PAYER TYPE SECONDARY	529	529=Private  health  insurance—other  commercial  Indemnity	Payer		529		
ENCOUNTER	PAYER TYPE SECONDARY	53	53=Managed  Care  (private)  or  private  health  insurance  (indemnity),  not  otherwise  specified	Payer		53		
ENCOUNTER	PAYER TYPE SECONDARY	54	54=Organized  Delivery  System	Payer		54		
ENCOUNTER	PAYER TYPE SECONDARY	55	55=Small  Employer  Purchasing  Group	Payer		55		
ENCOUNTER	PAYER TYPE SECONDARY	561	561=Dental	Payer		561		
ENCOUNTER	PAYER TYPE PRIMARY	219	219=Medicaid  Managed  Care  Other	Payer		219		
ENCOUNTER	PAYER TYPE PRIMARY	343	343=Ryan  White  Act	Payer		343		
ENCOUNTER	PAYER TYPE PRIMARY	35	35=Black  Lung	Payer		35		
ENCOUNTER	PAYER TYPE SECONDARY	3112	3112=TRICARE  Extra—PPO	Payer		3112		
ENCOUNTER	PAYER TYPE SECONDARY	32125	32125=Sharing  Agreements	Payer		32125		
ENCOUNTER	PAYER TYPE SECONDARY	334	334=Indian  Tribe  -  Sponsored  Coverage	Payer		334		
ENCOUNTER	PAYER TYPE SECONDARY	211	211=Medicaid  HMO	Payer		211		
ENCOUNTER	PAYER TYPE SECONDARY	32124	32124=State  Veterans  Home	Payer		32124		
ENCOUNTER	PAYER TYPE SECONDARY	3712	3712=PPO	Payer		3712		
ENCOUNTER	PAYER TYPE SECONDARY	52	52=Private  Health  Insurance  -  Indemnity	Payer		52		
ENCOUNTER	PAYER TYPE PRIMARY	122	122=Medicare  Drug  Benefit	Payer		122		
ENCOUNTER	PAYER TYPE PRIMARY	53	53=Managed  Care  (private)  or  private  health  insurance  (indemnity),  not  otherwise  specified	Payer		53		
ENCOUNTER	PAYER TYPE SECONDARY	12	12=Medicare  (Non-managed  Care)	Payer		12		
ENCOUNTER	PAYER TYPE SECONDARY	31	31=Department  of  Defense	Payer		31		
ENCOUNTER	PAYER TYPE SECONDARY	38	38=Other  Government  (Federal,  State,  Local  not  specified)	Payer		38		
ENCOUNTER	PAYER TYPE SECONDARY	522	522=Self-insured  (ERISA)  Administrative  Services  Only  (ASO)  plan	Payer		522		
ENCOUNTER	PAYER TYPE SECONDARY	523	523=Medicare  supplemental  policy  (as  second  payer)	Payer		523		
ENCOUNTER	PAYER TYPE SECONDARY	379	379=Local,  not  otherwise  specified  (other  local,  county)	Payer		379		
ENCOUNTER	PAYER TYPE SECONDARY	51	51=Managed  Care  (Private)	Payer		51		
DEMOGRAPHIC	PAT PREF LANGUAGE SPOKEN	PR	PR=Patient Refused		0			
ENROLLMENT	CHART	Y	Y=Yes		0			
ENROLLMENT	ENR BASIS	D	D=Outpatient  prescription  drug  coverage		0			
ENCOUNTER	ENC TYPE	IC	IC=Institutional  Professional  Consult  (permissible  substitution)		0			
ENCOUNTER	DRG TYPE	UN	UN=Unknown		0			
ENCOUNTER	PAYER TYPE PRIMARY	07	7=MANAGED  CARE,  UNSPECIFIED  (to  be  used  only  if  one  can't  distinguish  public  from  private)		0			
ENROLLMENT	ENR BASIS	I	I=Medical  insurance  coverage		0			
ENROLLMENT	ENR BASIS	G	G=Geography		0			
ENROLLMENT	ENR BASIS	A	A=Algorithmic		0			
ENCOUNTER	PAYER TYPE PRIMARY	06	6=BLUE  CROSS/BLUE  SHIELD		0			
ENCOUNTER	PAYER TYPE PRIMARY	OT	OT=Other		0			
ENCOUNTER	PAYER TYPE PRIMARY	04	4=DEPARTMENTS  OF  CORRECTIONS		0			
ENCOUNTER	PAYER TYPE SECONDARY	04	4=DEPARTMENTS  OF  CORRECTIONS		0			
ENROLLMENT	ENR BASIS	E	E=Encounter-based		0			
ENCOUNTER	DRG TYPE	NI	NI=No  information		0			
ENCOUNTER	DRG TYPE	OT	OT=Other		0			
ENCOUNTER	ADMITTING SOURCE	ES	ES=Emergency Medical Service		0			
ENCOUNTER	ADMITTING SOURCE	IH	IH=Intra-hospital		0			
ENCOUNTER	DRG TYPE	01	01=CMS-DRG  (old  system)		0			
ENCOUNTER	PAYER TYPE SECONDARY	01	1=MEDICARE		0			
ENCOUNTER	PAYER TYPE PRIMARY	01	1=MEDICARE		0			
ENCOUNTER	PAYER TYPE PRIMARY	08	8=NO  PAYMENT  from  an  Organization/Agency/Program/Private  Payer  Listed		0			
ENCOUNTER	PAYER TYPE PRIMARY	09	9=MISCELLANEOUS/OTHER		0			
ENCOUNTER	PAYER TYPE PRIMARY	NI	NI=No  information		0			
ENCOUNTER	PAYER TYPE PRIMARY	UN	UN=Unknown		0			
ENCOUNTER	DRG TYPE	02	02=MS-DRG  (current  system)		0			
ENCOUNTER	PAYER TYPE PRIMARY	02	2=MEDICAID		0			
ENCOUNTER	PAYER TYPE SECONDARY	02	2=MEDICAID		0			
ENCOUNTER	PAYER TYPE PRIMARY	03	3=OTHER  GOVERNMENT  (Federal/State/Local)  (excluding  Department  of  Corrections)		0			
ENCOUNTER	PAYER TYPE SECONDARY	03	3=OTHER  GOVERNMENT  (Federal/State/Local)  (excluding  Department  of  Corrections)		0			
ENCOUNTER	PAYER TYPE PRIMARY	05	5=PRIVATE  HEALTH  INSURANCE		0			
ENCOUNTER	PAYER TYPE SECONDARY	05	5=PRIVATE  HEALTH  INSURANCE		0			
ENROLLMENT	CHART	N	N=No		0			
ENCOUNTER	PAYER TYPE PRIMARY	111	111=Medicare  HMO	Payer	0	111		
ENCOUNTER	PAYER TYPE PRIMARY	112	112=Medicare  PPO	Payer	0	112		
ENCOUNTER	PAYER TYPE PRIMARY	113	113=Medicare  POS	Payer	0	113		
ENCOUNTER	PAYER TYPE PRIMARY	511	511=Commercial  Managed  Care  -  HMO	Payer	0	511		
ENCOUNTER	PAYER TYPE PRIMARY	512	512=Commercial  Managed  Care  -  PPO	Payer	0	512		
ENCOUNTER	PAYER TYPE PRIMARY	73	73=POS	Payer	0	73		
ENCOUNTER	PAYER TYPE PRIMARY	23	23=Medicaid/SCHIP	Payer	0	23		
ENCOUNTER	PAYER TYPE PRIMARY	71	71=HMO	Payer	0	71		
ENCOUNTER	PAYER TYPE PRIMARY	953	953=Worker's  Comp  Fee-for-Service	Payer	0	953		
ENCOUNTER	PAYER TYPE PRIMARY	9999	9999=Unavailable  /  No  Payer  Specified  /  Blank	Payer	0	9999		
ENCOUNTER	PAYER TYPE SECONDARY	112	112=Medicare  PPO	Payer	0	112		
ENCOUNTER	PAYER TYPE SECONDARY	121	121=Medicare  FFS	Payer	0	121		
ENCOUNTER	PAYER TYPE SECONDARY	512	512=Commercial  Managed  Care  -  PPO	Payer	0	512		
ENCOUNTER	PAYER TYPE PRIMARY	19	19=Medicare  Other	Payer	0	19		
ENCOUNTER	PAYER TYPE PRIMARY	513	513=Commercial  Managed  Care  -  POS	Payer	0	513		
ENCOUNTER	PAYER TYPE PRIMARY	72	72=PPO	Payer	0	72		
ENCOUNTER	PAYER TYPE PRIMARY	81	81=Self-pay	Payer	0	81		
ENCOUNTER	PAYER TYPE SECONDARY	111	111=Medicare  HMO	Payer	0	111		
ENCOUNTER	PAYER TYPE SECONDARY	113	113=Medicare  POS	Payer	0	113		
ENCOUNTER	PAYER TYPE SECONDARY	19	19=Medicare  Other	Payer	0	19		
ENCOUNTER	PAYER TYPE SECONDARY	23	23=Medicaid/SCHIP	Payer	0	23		
ENCOUNTER	PAYER TYPE SECONDARY	513	513=Commercial  Managed  Care  -  POS	Payer	0	513		
ENCOUNTER	PAYER TYPE PRIMARY	121	121=Medicare  FFS	Payer	0	121		
ENCOUNTER	PAYER TYPE SECONDARY	511	511=Commercial  Managed  Care  -  HMO	Payer	0	511		
ENCOUNTER	PAYER TYPE SECONDARY	56	56=Specialized  Stand  Alone  Plan	Payer		56		
ENCOUNTER	PAYER TYPE PRIMARY	43	43=Corrections  Local	Payer		43		
ENCOUNTER	PAYER TYPE PRIMARY	959	959=Worker's  Comp,  Other  unspecified	Payer		959		
ENCOUNTER	PAYER TYPE SECONDARY	562	562=Vision  Other  Private  Insurance	Payer		562		
ENCOUNTER	PAYER TYPE SECONDARY	61	61=BC  Managed  Care	Payer		61		
ENCOUNTER	PAYER TYPE SECONDARY	611	611=BC  Managed  Care  –  HMO	Payer		611		
ENCOUNTER	PAYER TYPE SECONDARY	612	612=BC  Managed  Care  –  PPO	Payer		612		
ENCOUNTER	PAYER TYPE SECONDARY	613	613=BC  Managed  Care  –  POS	Payer		613		
ENCOUNTER	PAYER TYPE SECONDARY	614	614=BC  Managed  Care  -  Dental	Payer		614		
ENCOUNTER	PAYER TYPE SECONDARY	619	619=BC  Managed  Care  –  Other	Payer		619		
ENCOUNTER	PAYER TYPE SECONDARY	62	62=BC  Insurance  Indemnity	Payer		62		
ENCOUNTER	PAYER TYPE SECONDARY	621	621=BC  Indemnity	Payer		621		
ENCOUNTER	PAYER TYPE SECONDARY	622	622=BC  Self-insured  (ERISA)  Administrative  Services  Only  (ASO)Plan	Payer		622		
ENCOUNTER	PAYER TYPE SECONDARY	623	623=BC  Medicare  Supplemental  Plan	Payer		623		
ENCOUNTER	PAYER TYPE SECONDARY	629	629=BC  Indemnity  -  Dental	Payer		629		
ENCOUNTER	PAYER TYPE SECONDARY	79	79=Other  Managed  Care	Payer		79		
ENCOUNTER	PAYER TYPE SECONDARY	82	82=No  Charge	Payer		82		
ENCOUNTER	PAYER TYPE SECONDARY	821	821=Charity	Payer		821		
ENCOUNTER	PAYER TYPE SECONDARY	822	822=Professional  Courtesy	Payer		822		
ENCOUNTER	PAYER TYPE SECONDARY	823	823=Research/Clinical  Trial	Payer		823		
ENCOUNTER	PAYER TYPE SECONDARY	83	83=Refusal  to  Pay/Bad  Debt	Payer		83		
ENCOUNTER	PAYER TYPE SECONDARY	84	84=Hill  Burton  Free  Care	Payer		84		
ENCOUNTER	PAYER TYPE SECONDARY	85	85=Research/Donor	Payer		85		
ENCOUNTER	PAYER TYPE SECONDARY	89	89=No  Payment,  Other	Payer		89		
ENCOUNTER	PAYER TYPE SECONDARY	91	91=Foreign  National	Payer		91		
ENCOUNTER	PAYER TYPE SECONDARY	92	92=Other  (Non-government)	Payer		92		
ENCOUNTER	PAYER TYPE SECONDARY	93	93=Disability  Insurance	Payer		93		
ENCOUNTER	PAYER TYPE SECONDARY	94	94=Long-term  Care  Insurance	Payer		94		
ENCOUNTER	PAYER TYPE SECONDARY	95	95=Worker's  Compensation	Payer		95		
ENCOUNTER	PAYER TYPE SECONDARY	951	951=Worker's  Comp  HMO	Payer		951		
ENCOUNTER	PAYER TYPE SECONDARY	954	954=Worker’s  Comp  Other  Managed  Care	Payer		954		
ENCOUNTER	PAYER TYPE SECONDARY	959	959=Worker's  Comp,  Other  unspecified	Payer		959		
ENCOUNTER	PAYER TYPE SECONDARY	96	96=Auto  Insurance  (includes  no  fault)	Payer		96		
ENCOUNTER	PAYER TYPE SECONDARY	97	97=Legal  Liability  /  Liability  Insurance	Payer		97		
ENCOUNTER	PAYER TYPE SECONDARY	98	98=Other  specified  but  not  otherwise  classifiable  (includes  Hospice  -  Unspecified  plan)	Payer		98		
ENCOUNTER	PAYER TYPE SECONDARY	99	99=No  Typology  Code  available  for  payment  source	Payer		99		
DIAGNOSIS	ENC TYPE	AV	AV=Ambulatory  Visit	Encounter type	9202	AV	Ambulatory Visit	NULL
DIAGNOSIS	ENC TYPE	ED	ED=Emergency  Department	Encounter type	9203	ED	Emergency Department	NULL
DIAGNOSIS	ENC TYPE	EI	EI=Emergency  Department  Admit  to  Inpatient  Hospital  Stay  (permissible  substitution)	Encounter type	2000000048	EI	Emergency Department Admit to Inpatient Hospital Stay	NULL
DIAGNOSIS	ENC TYPE	IP	IP=Inpatient  Hospital  Stay	Encounter type	9201	IP	Inpatient Hospital Stay	NULL
DIAGNOSIS	ENC TYPE	OS	OS=Observation  Stay	Encounter type	2000000088	OS	Observational Stay	NULL
DIAGNOSIS	ENC TYPE	TH	TH=Telehealth	Encounter type	581399	TH	Telehealth	
DIAGNOSIS	ENC TYPE	OA	OA=Other  Ambulatory  Visit	Encounter type	44814711	OA	Other ambulatory visit	NULL
DIAGNOSIS	ENC TYPE	NI	NI=No  information	Encounter type	44814650	NI	No information	NULL
DIAGNOSIS	ENC TYPE	UN	UN=Unknown	Encounter type	44814653	UN	Unknown	NULL
DIAGNOSIS	ENC TYPE	OT	OT=Other	Encounter type	44814649	OT	Other	NULL
DIAGNOSIS	ENC TYPE	IS	IS=Non-Acute  Institutional  Stay	Encounter type	44814710	IS	Non-Acute Institutional Stay	NULL
PROCEDURES	ENC TYPE	AV	AV=Ambulatory  Visit	Encounter type	9202	AV	Ambulatory Visit	NULL
PROCEDURES	ENC TYPE	EI	EI=Emergency  Department  Admit  to  Inpatient  Hospital  Stay  (permissible  substitution)	Encounter type	2000000048	EI	Emergency Department Admit to Inpatient Hospital Stay	NULL
PROCEDURES	ENC TYPE	IP	IP=Inpatient  Hospital  Stay	Encounter type	9201	IP	Inpatient Hospital Stay	NULL
PROCEDURES	ENC TYPE	IS	IS=Non-Acute  Institutional  Stay	Encounter type	44814710	IS	Non-Acute Institutional Stay	NULL
PROCEDURES	ENC TYPE	OS	OS=Observation  Stay	Encounter type	2000000088	OS	Observational Stay	NULL
PROCEDURES	ENC TYPE	TH	TH=Telehealth	Encounter type	581399	TH	Telehealth	
PROCEDURES	ENC TYPE	OA	OA=Other  Ambulatory  Visit	Encounter type	44814711	OA	Other ambulatory visit	NULL
PROCEDURES	ENC TYPE	NI	NI=No  information	Encounter type	44814650	NI	No information	NULL
PROCEDURES	ENC TYPE	UN	UN=Unknown	Encounter type	44814653	UN	Unknown	NULL
PROCEDURES	ENC TYPE	ED	ED=Emergency  Department	Encounter type	9203	ED	Emergency Department	NULL
PROCEDURES	ENC TYPE	OT	OT=Other	Encounter type	44814649	OT	Other	NULL
ENCOUNTER	PAYER TYPE SECONDARY	71	71=HMO	Payer	0	71		
ENCOUNTER	PAYER TYPE SECONDARY	72	72=PPO	Payer	0	72		
ENCOUNTER	PAYER TYPE SECONDARY	73	73=POS	Payer	0	73		
ENCOUNTER	PAYER TYPE SECONDARY	81	81=Self-pay	Payer	0	81		
ENCOUNTER	PAYER TYPE SECONDARY	953	953=Worker's  Comp  Fee-for-Service	Payer	0	953		
ENCOUNTER	PAYER TYPE SECONDARY	9999	9999=Unavailable  /  No  Payer  Specified  /  Blank	Payer	0	9999		
ENCOUNTER	PAYER TYPE SECONDARY	NI	NI=No  information		0			
ENCOUNTER	PAYER TYPE SECONDARY	UN	UN=Unknown		0			
ENCOUNTER	PAYER TYPE SECONDARY	OT	OT=Other		0			
ENCOUNTER	FACILITY TYPE	AMBULATORY_CARE_SITE_OTHER	AMBULATORY_CARE_SITE_OTHER=CLINIC/CENTER_AMBULATORY_OUTPATIENT_CARE-subset		0			
ENCOUNTER	FACILITY TYPE	HOSPITAL_OUTPATIENT_ALLERGY_CLINIC	HOSPITAL_OUTPATIENT_ALLERGY_CLINIC=HOSPITAL_OUTPATIENT_CLINIC-AMBULATORY_CARE-subset		0			
ENCOUNTER	FACILITY TYPE	HOSPITAL_OUTPATIENT_GYNECOLOGY_CLINIC	HOSPITAL_OUTPATIENT_GYNECOLOGY_CLINIC=HOSPITAL_OUTPATIENT_CLINIC-AMBULATORY_CARE-subset		0			
ENCOUNTER	FACILITY TYPE	HOSPITAL_OUTPATIENT_IMMUNOLOGY_CLINIC	HOSPITAL_OUTPATIENT_IMMUNOLOGY_CLINIC=HOSPITAL_OUTPATIENT_CLINIC-AMBULATORY_CARE-subset		0			
ENCOUNTER	FACILITY TYPE	HOSPITAL_OUTPATIENT_OBSTETRICAL_CLINIC	HOSPITAL_OUTPATIENT_OBSTETRICAL_CLINIC=HOSPITAL_OUTPATIENT_CLINIC-AMBULATORY_CARE-subset		0			
ENCOUNTER	FACILITY TYPE	HOSPITAL_OUTPATIENT_OTORHINOLARYNGOLOGY_CLINIC	HOSPITAL_OUTPATIENT_OTORHINOLARYNGOLOGY_CLINIC=HOSPITAL_OUTPATIENT_CLINIC-AMBULATORY_CARE-subset		0			
DIAGNOSIS	ENC TYPE	IC	IC=Institutional  Professional  Consult  (permissible  substitution)		0			
DIAGNOSIS	DX TYPE	10	10=ICD-10-CM		0			
DIAGNOSIS	DX TYPE	SM	SM=SNOMED  CT		0			
DIAGNOSIS	DX TYPE	NI	NI=No  information		0			
DIAGNOSIS	DX TYPE	UN	UN=Unknown		0			
DIAGNOSIS	DX TYPE	OT	OT=Other		0			
DIAGNOSIS	DX SOURCE	AD	AD=Admitting		0			
DIAGNOSIS	DX SOURCE	DI	DI=Discharge		0			
DIAGNOSIS	DX SOURCE	FI	FI=Final		0			
DIAGNOSIS	DX SOURCE	NI	NI=No  information		0			
DIAGNOSIS	DX SOURCE	UN	UN=Unknown		0			
DIAGNOSIS	DX ORIGIN	OD	OD=Order/EHR		0			
DIAGNOSIS	DX ORIGIN	BI	BI=Billing		0			
DIAGNOSIS	DX ORIGIN	CL	CL=Claim		0			
DIAGNOSIS	DX ORIGIN	DR	DR=Derived		0			
DIAGNOSIS	DX ORIGIN	NI	NI=No  information		0			
DIAGNOSIS	DX ORIGIN	UN	UN=Unknown		0			
DIAGNOSIS	DX ORIGIN	OT	OT=Other		0			
DIAGNOSIS	PDX	P	P=Principal		0			
DIAGNOSIS	PDX	S	S=Secondary		0			
DIAGNOSIS	PDX	NI	NI=No  information		0			
DIAGNOSIS	PDX	UN	UN=Unknown		0			
DIAGNOSIS	PDX	OT	OT=Other		0			
PROCEDURES	ENC TYPE	IC	IC=Institutional  Professional  Consult  (permissible  substitution)		0			
ENCOUNTER	PAYER TYPE SECONDARY	09	9=MISCELLANEOUS/OTHER		0			
DIAGNOSIS	DX TYPE	09	09=ICD-9-CM		0			
PROCEDURES	PX TYPE	09	09=ICD-9-CM		0			
PROCEDURES	PX TYPE	10	10=ICD-10-PCS		0			
PROCEDURES	PX TYPE	11	11=ICD-11-PCS		0			
PROCEDURES	PX TYPE	CH	CH  =  CPT  or  HCPCS		0			
PROCEDURES	PX TYPE	LC	LC=LOINC		0			
PROCEDURES	PX TYPE	ND	ND=NDC		0			
PROCEDURES	PX TYPE	RE	RE=Revenue		0			
PROCEDURES	PX TYPE	NI	NI=No  information		0			
PROCEDURES	PX TYPE	UN	UN=Unknown		0			
PROCEDURES	PX TYPE	OT	OT=Other		0			
PROCEDURES	PX SOURCE	OD	OD=Order/EHR		0			
PROCEDURES	PX SOURCE	BI	BI=Billing		0			
PROCEDURES	PX SOURCE	CL	CL=Claim		0			
PROCEDURES	PX SOURCE	DR	DR=Derived		0			
PROCEDURES	PX SOURCE	NI	NI=No  information		0			
PROCEDURES	PX SOURCE	UN	UN=Unknown		0			
PROCEDURES	PX SOURCE	OT	OT=Other		0			
PROCEDURES	PPX	NI	NI=No  information		0			
PROCEDURES	PPX	UN	UN=Unknown		0			
PROCEDURES	PPX	OT	OT=Other		0			
VITAL	VITAL SOURCE	PR	PR=Patient-reported		0			
VITAL	VITAL SOURCE	HC	HC=Healthcare  delivery  setting		0			
VITAL	VITAL SOURCE	HD	HD=Healthcare  device  direct  feed		0			
VITAL	VITAL SOURCE	DR	DR=Derived		0			
VITAL	VITAL SOURCE	NI	NI=No  information		0			
ENCOUNTER	PAYER TYPE SECONDARY	07	7=MANAGED  CARE,  UNSPECIFIED  (to  be  used  only  if  one  can't  distinguish  public  from  private)		0			
ENCOUNTER	PAYER TYPE SECONDARY	08	8=NO  PAYMENT  from  an  Organization/Agency/Program/Private  Payer  Listed		0			
ENCOUNTER	PAYER TYPE SECONDARY	06	6=BLUE  CROSS/BLUE  SHIELD		0			
VITAL	TOBACCO	06	06=Not  asked		0			
VITAL	TOBACCO TYPE	05	05=Use  of  smoked  tobacco  but  no  information  about  non-smoked  tobacco  use		0			
DISPENSING	DISPENSE SOURCE	OD	OD=Order/EHR		0			
DISPENSING	DISPENSE SOURCE	BI	BI=Billing		0			
DISPENSING	DISPENSE SOURCE	CL	CL=Claim		0			
DISPENSING	DISPENSE SOURCE	PM	PM=Pharmacy Benefit Manager		0			
DISPENSING	DISPENSE SOURCE	DR	DR=Derived		0			
DISPENSING	DISPENSE SOURCE	NI	NI=No information		0			
DISPENSING	DISPENSE SOURCE	OT	OT=Other		0			
DISPENSING	DISPENSE DOSE DISP UNIT	[diop]	[diop]=diopter		0			
DISPENSING	DISPENSE DOSE DISP UNIT	[ft_us]/[ft_us]	[ft_us]/[ft_us]=feet (US) per feet (US)		0			
DISPENSING	DISPENSE DOSE DISP UNIT	[in_us]	[in_us]=inches (US)		0			
DISPENSING	DISPENSE DOSE DISP UNIT	[MET].min/wk	[MET].min/wk=metabolic equivalent minute per week		0			
DISPENSING	DISPENSE DOSE DISP UNIT	{#}/a	{#}/a=number per annum (year)		0			
DISPENSING	DISPENSE DOSE DISP UNIT	{#}/d	{#}/d=number per day		0			
DISPENSING	DISPENSE DOSE DISP UNIT	{#}/g	{#}/g=number per gram		0			
DISPENSING	DISPENSE DOSE DISP UNIT	{#}/wk	{#}/wk=number per week		0			
DISPENSING	DISPENSE DOSE DISP UNIT	{breaths}/min	{breaths}/min=breaths per minute		0			
DISPENSING	DISPENSE DOSE DISP UNIT	{Ct_value}	{Ct_value}=Cycle threshold value		0			
DISPENSING	DISPENSE DOSE DISP UNIT	{index}	{index}=index value		0			
DISPENSING	DISPENSE DOSE DISP UNIT	{risk}	{risk}=risk		0			
DISPENSING	DISPENSE DOSE DISP UNIT	{score}	{score}=score		0			
DISPENSING	DISPENSE DOSE DISP UNIT	{TmStp}	{TmStp}=time stamp		0			
DISPENSING	DISPENSE DOSE DISP UNIT	{Tscore}	{Tscore}=t score		0			
DISPENSING	DISPENSE DOSE DISP UNIT	{yyyy}	{yyyy}=year		0			
DISPENSING	DISPENSE DOSE DISP UNIT	{Zscore}	{Zscore}=z score		0			
DISPENSING	DISPENSE DOSE DISP UNIT	10.L/min	10 liter per minute		0			
DISPENSING	DISPENSE DOSE DISP UNIT	10.L/(min.m2)	10 liter per minute per square meter		0			
DISPENSING	DISPENSE DOSE DISP UNIT	10.uN.s/(cm5.m2)	10 micronewton second per centimeter to the fifth power per square meter		0			
DISPENSING	DISPENSE DOSE DISP UNIT	10*4/uL	10 thousand per microliter		0			
DISPENSING	DISPENSE DOSE DISP UNIT	{absorbance}	absorbance		0			
DISPENSING	DISPENSE DOSE DISP UNIT	[AU]	allergy unit		0			
DISPENSING	DISPENSE DOSE DISP UNIT	{AHF'U}	American Hospital Formulary unit		0			
DISPENSING	DISPENSE DOSE DISP UNIT	A	ampere		0			
DISPENSING	DISPENSE DOSE DISP UNIT	A/m	ampere per meter		0			
DISPENSING	DISPENSE DOSE DISP UNIT	[arb'U]	arbitrary unit		0			
DISPENSING	DISPENSE DOSE DISP UNIT	[arb'U]/mL	arbitrary unit per milliliter		0			
DISPENSING	DISPENSE DOSE DISP UNIT	atm	atmosphere		0			
DISPENSING	DISPENSE DOSE DISP UNIT	ag/{cell}	attogram per cell		0			
DISPENSING	DISPENSE DOSE DISP UNIT	bar	bar		0			
DISPENSING	DISPENSE DOSE DISP UNIT	Bq	Becquerel		0			
DISPENSING	DISPENSE DOSE DISP UNIT	10*9/uL	billion per microliter		0			
DISPENSING	DISPENSE DOSE DISP UNIT	10*9/mL	billion per milliliter		0			
DISPENSING	DISPENSE DOSE DISP UNIT	{binding_index}	binding index		0			
DISPENSING	DISPENSE DOSE DISP UNIT	{CAG_repeats}	CAG trinucleotide repeats		0			
DISPENSING	DISPENSE DOSE DISP UNIT	cal	calorie		0			
DISPENSING	DISPENSE DOSE DISP UNIT	{cells}	cells		0			
DISPENSING	DISPENSE DOSE DISP UNIT	{cells}/uL	cells per microliter		0			
DISPENSING	DISPENSE DOSE DISP UNIT	cg	centigram		0			
DISPENSING	DISPENSE DOSE DISP UNIT	cL	centiliter		0			
DISPENSING	DISPENSE DOSE DISP UNIT	cm[Hg]	centimeter of mercury		0			
DISPENSING	DISPENSE DOSE DISP UNIT	cm[H2O]/s/m	centimeter of water per second per meter		0			
DISPENSING	DISPENSE DOSE DISP UNIT	cP	centipoise		0			
DISPENSING	DISPENSE DOSE DISP UNIT	cSt	centistoke		0			
DISPENSING	DISPENSE DOSE DISP UNIT	{delta_OD}	change in (delta) optical density		0			
DISPENSING	DISPENSE DOSE DISP UNIT	{clock_time}	clock time e.g 12:30PM		0			
DISPENSING	DISPENSE DOSE DISP UNIT	cm/s	cm/s=centimeter per second		0			
DISPENSING	DISPENSE DOSE DISP UNIT	cm3	cm3=cubic centimeter		0			
DISPENSING	DISPENSE DOSE DISP UNIT	[CFU]/L	colony forming unit per liter		0			
DISPENSING	DISPENSE DOSE DISP UNIT	{CAE'U}	complement activity enzyme unit		0			
DISPENSING	DISPENSE DOSE DISP UNIT	{CH100'U}	complement CH100 unit		0			
DISPENSING	DISPENSE DOSE DISP UNIT	{copies}	copies		0			
DISPENSING	DISPENSE DOSE DISP UNIT	{copies}/ug	copies per microgram		0			
DISPENSING	DISPENSE DOSE DISP UNIT	{copies}/mL	copies per milliliter		0			
DISPENSING	DISPENSE DOSE DISP UNIT	{count}	count		0			
DISPENSING	DISPENSE DOSE DISP UNIT	{CPM}	counts per minute		0			
DISPENSING	DISPENSE DOSE DISP UNIT	d/(7.d)	d/(7.d)=day per 7 day		0			
DISPENSING	DISPENSE DOSE DISP UNIT	d/wk	d/wk=days per week		0			
DISPENSING	DISPENSE DOSE DISP UNIT	d	day		0			
DISPENSING	DISPENSE DOSE DISP UNIT	dB	decibel		0			
DISPENSING	DISPENSE DOSE DISP UNIT	dg	decigram		0			
DISPENSING	DISPENSE DOSE DISP UNIT	dL	deciliter		0			
DISPENSING	DISPENSE DOSE DISP UNIT	deg	degree (plane angle)		0			
DISPENSING	DISPENSE DOSE DISP UNIT	Cel	degree Celsius		0			
DISPENSING	DISPENSE DOSE DISP UNIT	[degF]	degree Fahrenheit		0			
DISPENSING	DISPENSE DOSE DISP UNIT	K	degree Kelvin		0			
DISPENSING	DISPENSE DOSE DISP UNIT	daL/min	dekaliter per minute		0			
DISPENSING	DISPENSE DOSE DISP UNIT	daL/min/m2	dekaliter per minute per square meter		0			
DISPENSING	DISPENSE DOSE DISP UNIT	[dr_av]	dram  (US and British)		0			
DISPENSING	DISPENSE DOSE DISP UNIT	dyn.s/(cm.m2)	dyne second per centimeter per square meter		0			
DISPENSING	DISPENSE DOSE DISP UNIT	{Ehrlich'U}/100.g	Ehrlich unit per 100 gram		0			
DISPENSING	DISPENSE DOSE DISP UNIT	{Ehrlich'U}/(2.h)	Ehrlich unit per 2 hour		0			
DISPENSING	DISPENSE DOSE DISP UNIT	{Ehrlich'U}/d	Ehrlich unit per day		0			
DISPENSING	DISPENSE DOSE DISP UNIT	{Ehrlich'U}/dL	Ehrlich unit per deciliter		0			
DISPENSING	DISPENSE DOSE DISP UNIT	{EIA_titer}	EIA titer		0			
DISPENSING	DISPENSE DOSE DISP UNIT	{EIA'U}/U	EIA unit per enzyme unit		0			
DISPENSING	DISPENSE DOSE DISP UNIT	eV	electron Volt		0			
DISPENSING	DISPENSE DOSE DISP UNIT	{ELISA'U}	ELISA unit		0			
DISPENSING	DISPENSE DOSE DISP UNIT	U	enzyme unit		0			
DISPENSING	DISPENSE DOSE DISP UNIT	U/10	enzyme unit per 10		0			
DISPENSING	DISPENSE DOSE DISP UNIT	U/10*10	enzyme unit per 10 billion		0			
DISPENSING	DISPENSE DOSE DISP UNIT	U/(10.g){feces}	enzyme unit per 10 gram of feces		0			
DISPENSING	DISPENSE DOSE DISP UNIT	U/(12.h)	enzyme unit per 12 hour		0			
DISPENSING	DISPENSE DOSE DISP UNIT	U/(2.h)	enzyme unit per 2 hour		0			
DISPENSING	DISPENSE DOSE DISP UNIT	U/10*9	enzyme unit per billion		0			
DISPENSING	DISPENSE DOSE DISP UNIT	U/d	enzyme unit per day		0			
DISPENSING	DISPENSE DOSE DISP UNIT	U/dL	enzyme unit per deciliter		0			
DISPENSING	DISPENSE DOSE DISP UNIT	U/g	enzyme unit per gram		0			
DISPENSING	DISPENSE DOSE DISP UNIT	U/g{creat}	enzyme unit per gram of creatinine		0			
DISPENSING	DISPENSE DOSE DISP UNIT	U/g{Hb}	enzyme unit per gram of hemoglobin		0			
DISPENSING	DISPENSE DOSE DISP UNIT	U/h	enzyme unit per hour		0			
DISPENSING	DISPENSE DOSE DISP UNIT	U/kg{Hb}	enzyme unit per kilogram of hemoglobin		0			
DISPENSING	DISPENSE DOSE DISP UNIT	U{37Cel}/L	enzyme unit per liter at 37 deg Celsius		0			
DISPENSING	DISPENSE DOSE DISP UNIT	U/mL	enzyme unit per milliliter		0			
DISPENSING	DISPENSE DOSE DISP UNIT	U/mL{RBCs}	enzyme unit per milliliter of red blood cells		0			
DISPENSING	DISPENSE DOSE DISP UNIT	U/mmol{creat}	enzyme unit per millimole of creatinine		0			
DISPENSING	DISPENSE DOSE DISP UNIT	U/min	enzyme unit per minute		0			
DISPENSING	DISPENSE DOSE DISP UNIT	U/10*12	enzyme unit per trillion		0			
DISPENSING	DISPENSE DOSE DISP UNIT	U/10*12{RBCs}	enzyme unit per trillion red blood cells		0			
DISPENSING	DISPENSE DOSE DISP UNIT	eq/L	equivalent per liter		0			
DISPENSING	DISPENSE DOSE DISP UNIT	eq/umol	equivalent per micromole		0			
DISPENSING	DISPENSE DOSE DISP UNIT	eq/mL	equivalent per milliliter		0			
DISPENSING	DISPENSE DOSE DISP UNIT	eq/mmol	equivalent per millimole		0			
DISPENSING	DISPENSE DOSE DISP UNIT	F	Farad		0			
DISPENSING	DISPENSE DOSE DISP UNIT	fg	femtogram		0			
DISPENSING	DISPENSE DOSE DISP UNIT	fmol	femtomole		0			
DISPENSING	DISPENSE DOSE DISP UNIT	fmol/g	femtomole per gram		0			
DISPENSING	DISPENSE DOSE DISP UNIT	fmol/L	femtomole per liter		0			
DISPENSING	DISPENSE DOSE DISP UNIT	fmol/mg	femtomole per milligram		0			
DISPENSING	DISPENSE DOSE DISP UNIT	fmol/mg{cyt_prot}	femtomole per milligram of cytosol protein		0			
DISPENSING	DISPENSE DOSE DISP UNIT	fmol/mg{prot}	femtomole per milligram of protein		0			
DISPENSING	DISPENSE DOSE DISP UNIT	fmol/mL	femtomole per milliliter		0			
DISPENSING	DISPENSE DOSE DISP UNIT	[foz_us]	fluid ounce (US)		0			
DISPENSING	DISPENSE DOSE DISP UNIT	{FIU}	fluorescent intensity unit		0			
DISPENSING	DISPENSE DOSE DISP UNIT	[ft_i]	foot (international)		0			
DISPENSING	DISPENSE DOSE DISP UNIT	{fraction}	fraction		0			
DISPENSING	DISPENSE DOSE DISP UNIT	g/cm2	g/cm2=gram per square centimeter		0			
DISPENSING	DISPENSE DOSE DISP UNIT	{GAA_repeats}	GAA trinucleotide repeats		0			
DISPENSING	DISPENSE DOSE DISP UNIT	[gal_us]	gallon (US)		0			
DISPENSING	DISPENSE DOSE DISP UNIT	{Globules}/[HPF]	globules (drops)  per high power field		0			
DISPENSING	DISPENSE DOSE DISP UNIT	g.m	gram meter		0			
DISPENSING	DISPENSE DOSE DISP UNIT	g{creat}	gram of creatinine		0			
DISPENSING	DISPENSE DOSE DISP UNIT	g{Hb}	gram of hemoglobin		0			
DISPENSING	DISPENSE DOSE DISP UNIT	g{wet_tissue}	gram of wet tissue		0			
DISPENSING	DISPENSE DOSE DISP UNIT	g/kg/(8.h)	gram per  kilogram per 8 hour 		0			
DISPENSING	DISPENSE DOSE DISP UNIT	g/(100.g)	gram per 100 gram		0			
DISPENSING	DISPENSE DOSE DISP UNIT	g/(12.h)	gram per 12 hour		0			
DISPENSING	DISPENSE DOSE DISP UNIT	g/(24.h)	gram per 24 hour		0			
DISPENSING	DISPENSE DOSE DISP UNIT	g/(3.d)	gram per 3 days		0			
DISPENSING	DISPENSE DOSE DISP UNIT	g/(4.h)	gram per 4 hour		0			
DISPENSING	DISPENSE DOSE DISP UNIT	g/(48.h)	gram per 48 hour		0			
DISPENSING	DISPENSE DOSE DISP UNIT	g/(6.h)	gram per 6 hour		0			
DISPENSING	DISPENSE DOSE DISP UNIT	g/(72.h)	gram per 72 hour		0			
DISPENSING	DISPENSE DOSE DISP UNIT	g/cm3	gram per cubic centimeter		0			
DISPENSING	DISPENSE DOSE DISP UNIT	g/d	gram per day		0			
DISPENSING	DISPENSE DOSE DISP UNIT	g/dL	gram per deciliter		0			
DISPENSING	DISPENSE DOSE DISP UNIT	g/g{creat}	gram per gram of creatinine		0			
DISPENSING	DISPENSE DOSE DISP UNIT	g/g{tissue}	gram per gram of tissue		0			
DISPENSING	DISPENSE DOSE DISP UNIT	g/kg/d	gram per kilogram per day		0			
DISPENSING	DISPENSE DOSE DISP UNIT	g/kg/h	gram per kilogram per hour		0			
DISPENSING	DISPENSE DOSE DISP UNIT	g/L	gram per liter		0			
DISPENSING	DISPENSE DOSE DISP UNIT	g/mg	gram per milligram		0			
DISPENSING	DISPENSE DOSE DISP UNIT	g/mL	gram per milliliter		0			
DISPENSING	DISPENSE DOSE DISP UNIT	g/mmol	gram per millimole		0			
DISPENSING	DISPENSE DOSE DISP UNIT	g/min	gram per minute		0			
DISPENSING	DISPENSE DOSE DISP UNIT	g/mol{creat}	gram per mole of creatinine		0			
DISPENSING	DISPENSE DOSE DISP UNIT	g/{specimen}	gram per specimen		0			
DISPENSING	DISPENSE DOSE DISP UNIT	g/{total_output}	gram per total output		0			
DISPENSING	DISPENSE DOSE DISP UNIT	g/{total_weight}	gram per total weight		0			
DISPENSING	DISPENSE DOSE DISP UNIT	h/d	h/d=hour per day		0			
VITAL	VITAL SOURCE	PD	PD=Patient  device  direct  feed		0			
DISPENSING	DISPENSE DOSE DISP UNIT	%{response}	%{response}=percent response		0			
DISPENSING	DISPENSE DOSE DISP UNIT	24.h	24 hour		0			
DISPENSING	DISPENSE DOSE DISP UNIT	{ARU}	aspirin response unit		0			
DISPENSING	DISPENSE DOSE DISP UNIT	10*9/L	billion per liter		0			
DISPENSING	DISPENSE DOSE DISP UNIT	[bdsk'U]	Bodansky unit		0			
DISPENSING	DISPENSE DOSE DISP UNIT	{CPM}/10*3{cell}	counts per minute per thousand cells		0			
DISPENSING	DISPENSE DOSE DISP UNIT	deg/s	degree per second		0			
DISPENSING	DISPENSE DOSE DISP UNIT	[drp]	drop (1/12 milliliter)		0			
DISPENSING	DISPENSE DOSE DISP UNIT	{EIA_index}	EIA index		0			
DISPENSING	DISPENSE DOSE DISP UNIT	U{25Cel}/L	enzyme unit per liter at 25 deg Celsius 		0			
DISPENSING	DISPENSE DOSE DISP UNIT	g{total_nit}	gram of total nitrogen		0			
DISPENSING	DISPENSE DOSE DISP UNIT	g/g{globulin}	gram per gram of globulin		0			
DISPENSING	DISPENSE DOSE DISP UNIT	g/kg/(8.h){shift}	gram per kilogram per 8 hour shift		0			
DISPENSING	DISPENSE DOSE DISP UNIT	fL	femtoliter		0			
DISPENSING	DISPENSE DOSE DISP UNIT	h/wk	h/wk=hour per week		0			
DISPENSING	DISPENSE DOSE DISP UNIT	{beats}/min	heart beats per minute		0			
DISPENSING	DISPENSE DOSE DISP UNIT	H	Henry		0			
DISPENSING	DISPENSE DOSE DISP UNIT	Hz	Hertz		0			
DISPENSING	DISPENSE DOSE DISP UNIT	[HPF]	high power field		0			
DISPENSING	DISPENSE DOSE DISP UNIT	h	hour		0			
DISPENSING	DISPENSE DOSE DISP UNIT	[APL'U]/mL	IgA anticardiolipin unit per milliliter**		0			
DISPENSING	DISPENSE DOSE DISP UNIT	[APL'U]	IgA anticardiolipin unit**		0			
DISPENSING	DISPENSE DOSE DISP UNIT	{APS'U}	IgA antiphosphatidylserine unit 		0			
DISPENSING	DISPENSE DOSE DISP UNIT	[GPL'U]/mL	IgG anticardiolipin unit per milliliter**		0			
DISPENSING	DISPENSE DOSE DISP UNIT	{GPS'U}	IgG antiphosphatidylserine unit		0			
DISPENSING	DISPENSE DOSE DISP UNIT	[MPL'U]/mL	IgM anticardiolipin unit per milliliter**		0			
DISPENSING	DISPENSE DOSE DISP UNIT	[MPL'U]	IgM anticardiolipin unit**		0			
DISPENSING	DISPENSE DOSE DISP UNIT	{MPS'U}	IgM antiphosphatidylserine unit		0			
DISPENSING	DISPENSE DOSE DISP UNIT	{ImmuneComplex'U}	immune complex unit		0			
DISPENSING	DISPENSE DOSE DISP UNIT	{ISR}	immune status ratio		0			
DISPENSING	DISPENSE DOSE DISP UNIT	{IFA_titer}	Immunofluorescence assay titer		0			
DISPENSING	DISPENSE DOSE DISP UNIT	[in_i]	inch (international)		0			
DISPENSING	DISPENSE DOSE DISP UNIT	[in_i'H2O]	inch (international) of water		0			
DISPENSING	DISPENSE DOSE DISP UNIT	{index_val}	index value		0			
DISPENSING	DISPENSE DOSE DISP UNIT	{HA_titer}	influenza hemagglutination titer		0			
DISPENSING	DISPENSE DOSE DISP UNIT	{INR}	international normalized ratio		0			
DISPENSING	DISPENSE DOSE DISP UNIT	[IU]/(2.h)	international unit per 2 hour		0			
DISPENSING	DISPENSE DOSE DISP UNIT	[IU]/10*9{RBCs}	international unit per billion red blood cells		0			
DISPENSING	DISPENSE DOSE DISP UNIT	[IU]/d	international unit per day		0			
DISPENSING	DISPENSE DOSE DISP UNIT	[IU]/dL	international unit per deciliter		0			
DISPENSING	DISPENSE DOSE DISP UNIT	[IU]/g	international unit per gram		0			
DISPENSING	DISPENSE DOSE DISP UNIT	[IU]/g{Hb}	international unit per gram of hemoglobin		0			
DISPENSING	DISPENSE DOSE DISP UNIT	[IU]/kg/d	international unit per kilogram per day		0			
DISPENSING	DISPENSE DOSE DISP UNIT	[IU]/L	international unit per liter		0			
DISPENSING	DISPENSE DOSE DISP UNIT	[IU]/L{37Cel}	international unit per liter at 37 degrees Celsius		0			
DISPENSING	DISPENSE DOSE DISP UNIT	[IU]/mg{creat}	international unit per milligram of creatinine		0			
DISPENSING	DISPENSE DOSE DISP UNIT	J	joule		0			
DISPENSING	DISPENSE DOSE DISP UNIT	J/L	joule per liter		0			
DISPENSING	DISPENSE DOSE DISP UNIT	{JDF'U}	Juvenile Diabetes Foundation unit		0			
DISPENSING	DISPENSE DOSE DISP UNIT	{KCT'U}	kaolin clotting time		0			
DISPENSING	DISPENSE DOSE DISP UNIT	kat/kg	katal per kilogram		0			
DISPENSING	DISPENSE DOSE DISP UNIT	kat/L	katal per liter		0			
DISPENSING	DISPENSE DOSE DISP UNIT	kcal/(24.h)	kcal/(24.h)=kilocalorie per 24 hour		0			
DISPENSING	DISPENSE DOSE DISP UNIT	kU/g	kilo enzyme unit per gram		0			
DISPENSING	DISPENSE DOSE DISP UNIT	kU/L	kilo enzyme unit per liter		0			
DISPENSING	DISPENSE DOSE DISP UNIT	kU/L{class}	kilo enzyme unit per liter class		0			
DISPENSING	DISPENSE DOSE DISP UNIT	kU/mL	kilo enzyme unit per milliliter		0			
DISPENSING	DISPENSE DOSE DISP UNIT	k[IU]/L	kilo international unit per liter		0			
DISPENSING	DISPENSE DOSE DISP UNIT	k[IU]/mL	kilo international unit per milliliter		0			
DISPENSING	DISPENSE DOSE DISP UNIT	kcal	kilocalorie		0			
DISPENSING	DISPENSE DOSE DISP UNIT	kcal/d	kilocalorie per day		0			
DISPENSING	DISPENSE DOSE DISP UNIT	kcal/h	kilocalorie per hour		0			
DISPENSING	DISPENSE DOSE DISP UNIT	kcal/kg/(24.h)	kilocalorie per kilogram per 24 hour		0			
DISPENSING	DISPENSE DOSE DISP UNIT	kcal/[oz_av]	kilocalorie per ounce (US & British)		0			
DISPENSING	DISPENSE DOSE DISP UNIT	kg	kilogram		0			
DISPENSING	DISPENSE DOSE DISP UNIT	kg.m/s	kilogram meter per second		0			
DISPENSING	DISPENSE DOSE DISP UNIT	kg/m3	kilogram per cubic meter		0			
DISPENSING	DISPENSE DOSE DISP UNIT	kg/h	kilogram per hour		0			
DISPENSING	DISPENSE DOSE DISP UNIT	kg/min	kilogram per minute		0			
DISPENSING	DISPENSE DOSE DISP UNIT	kg/mol	kilogram per mole		0			
DISPENSING	DISPENSE DOSE DISP UNIT	kg/s	kilogram per second		0			
DISPENSING	DISPENSE DOSE DISP UNIT	kL	kiloliter		0			
DISPENSING	DISPENSE DOSE DISP UNIT	km	kilometer		0			
DISPENSING	DISPENSE DOSE DISP UNIT	ks	kilosecond		0			
DISPENSING	DISPENSE DOSE DISP UNIT	[ka'U]	King Armstrong unit		0			
DISPENSING	DISPENSE DOSE DISP UNIT	{KRONU'U}/mL	Kronus unit per milliliter		0			
DISPENSING	DISPENSE DOSE DISP UNIT	[knk'U]	Kunkel unit		0			
DISPENSING	DISPENSE DOSE DISP UNIT	L/min/m2	L/min/m2=liter per minute per sqaure meter		0			
DISPENSING	DISPENSE DOSE DISP UNIT	L	liter		0			
DISPENSING	DISPENSE DOSE DISP UNIT	L/(24.h)	liter per 24 hour		0			
DISPENSING	DISPENSE DOSE DISP UNIT	L/(8.h)	liter per 8 hour		0			
DISPENSING	DISPENSE DOSE DISP UNIT	L/d	liter per day		0			
DISPENSING	DISPENSE DOSE DISP UNIT	L/h	liter per hour		0			
DISPENSING	DISPENSE DOSE DISP UNIT	L/kg	liter per kilogram		0			
DISPENSING	DISPENSE DOSE DISP UNIT	L/L	liter per liter		0			
DISPENSING	DISPENSE DOSE DISP UNIT	L/min	liter per minute		0			
DISPENSING	DISPENSE DOSE DISP UNIT	L/(min.m2)	liter per minute per square meter		0			
DISPENSING	DISPENSE DOSE DISP UNIT	L/s/s2	liter per second per square second		0			
DISPENSING	DISPENSE DOSE DISP UNIT	{Log_IU}	log (base 10) international unit		0			
DISPENSING	DISPENSE DOSE DISP UNIT	{Log_IU}/mL	log (base 10) international unit per milliliter		0			
DISPENSING	DISPENSE DOSE DISP UNIT	[LPF]	low power field		0			
DISPENSING	DISPENSE DOSE DISP UNIT	lm.m2	lumen square meter		0			
DISPENSING	DISPENSE DOSE DISP UNIT	{Lyme_index_value}	Lyme index value		0			
DISPENSING	DISPENSE DOSE DISP UNIT	m/s2	meter per square second		0			
DISPENSING	DISPENSE DOSE DISP UNIT	t	metric ton		0			
DISPENSING	DISPENSE DOSE DISP UNIT	uU/L	micro enzyme unit per liter		0			
DISPENSING	DISPENSE DOSE DISP UNIT	uU/mL	micro enzyme unit per milliliter		0			
DISPENSING	DISPENSE DOSE DISP UNIT	u[IU]	micro international unit		0			
DISPENSING	DISPENSE DOSE DISP UNIT	u[IU]/mL	micro international unit per milliliter		0			
DISPENSING	DISPENSE DOSE DISP UNIT	ueq	microequivalent		0			
DISPENSING	DISPENSE DOSE DISP UNIT	ueq/mL	microequivalent per milliliter		0			
DISPENSING	DISPENSE DOSE DISP UNIT	ug/g{feces}	microgram  per gram of feces		0			
DISPENSING	DISPENSE DOSE DISP UNIT	ug/(100.g)	microgram per 100 gram		0			
DISPENSING	DISPENSE DOSE DISP UNIT	ug/(24.h)	microgram per 24 hour		0			
DISPENSING	DISPENSE DOSE DISP UNIT	ug/(8.h)	microgram per 8 hour		0			
DISPENSING	DISPENSE DOSE DISP UNIT	ug/m3	microgram per cubic meter		0			
DISPENSING	DISPENSE DOSE DISP UNIT	ug/dL	microgram per deciliter		0			
DISPENSING	DISPENSE DOSE DISP UNIT	ug/dL{RBCs}	microgram per deciliter of red blood cells		0			
DISPENSING	DISPENSE DOSE DISP UNIT	ug/g	microgram per gram		0			
DISPENSING	DISPENSE DOSE DISP UNIT	ug/g{creat}	microgram per gram of creatinine		0			
DISPENSING	DISPENSE DOSE DISP UNIT	ug/g{dry_tissue}	microgram per gram of dry tissue		0			
DISPENSING	DISPENSE DOSE DISP UNIT	ug/g{dry_wt}	microgram per gram of dry weight		0			
DISPENSING	DISPENSE DOSE DISP UNIT	ug/g{hair}	microgram per gram of hair		0			
DISPENSING	DISPENSE DOSE DISP UNIT	ug/g{Hb}	microgram per gram of hemoglobin		0			
DISPENSING	DISPENSE DOSE DISP UNIT	ug/g{tissue}	microgram per gram of tissue		0			
DISPENSING	DISPENSE DOSE DISP UNIT	ug/kg/(8.h)	microgram per kilogram per 8 hour		0			
DISPENSING	DISPENSE DOSE DISP UNIT	ug/L	microgram per liter		0			
DISPENSING	DISPENSE DOSE DISP UNIT	ug/L{RBCs}	microgram per liter of red blood cells		0			
DISPENSING	DISPENSE DOSE DISP UNIT	ug/L/(24.h)	microgram per liter per 24 hour		0			
DISPENSING	DISPENSE DOSE DISP UNIT	ug/mg	microgram per milligram		0			
DISPENSING	DISPENSE DOSE DISP UNIT	ug/mg{creat}	microgram per milligram of creatinine		0			
DISPENSING	DISPENSE DOSE DISP UNIT	ug/mL	microgram per milliliter		0			
DISPENSING	DISPENSE DOSE DISP UNIT	ug/mL{eqv}	microgram per milliliter equivalent		0			
DISPENSING	DISPENSE DOSE DISP UNIT	ug/mmol{creat}	microgram per millimole of creatinine		0			
DISPENSING	DISPENSE DOSE DISP UNIT	ug/ng	microgram per nanogram		0			
DISPENSING	DISPENSE DOSE DISP UNIT	ug/{specimen}	microgram per specimen		0			
DISPENSING	DISPENSE DOSE DISP UNIT	ug/[sft_i]	microgram per square foot (international)		0			
DISPENSING	DISPENSE DOSE DISP UNIT	u[IU]/L	microinternational unit per liter		0			
DISPENSING	DISPENSE DOSE DISP UNIT	ukat	microkatal		0			
DISPENSING	DISPENSE DOSE DISP UNIT	uL	microliter		0			
DISPENSING	DISPENSE DOSE DISP UNIT	uL/(2.h)	microliter per 2 hour		0			
DISPENSING	DISPENSE DOSE DISP UNIT	um	micrometer		0			
DISPENSING	DISPENSE DOSE DISP UNIT	umol	micromole		0			
DISPENSING	DISPENSE DOSE DISP UNIT	umol{BCE}/mol	micromole bone collagen equivalent per mole		0			
DISPENSING	DISPENSE DOSE DISP UNIT	umol/(2.h)	micromole per 2 hour		0			
DISPENSING	DISPENSE DOSE DISP UNIT	umol/(24.h)	micromole per 24 hour		0			
DISPENSING	DISPENSE DOSE DISP UNIT	umol/d	micromole per day		0			
DISPENSING	DISPENSE DOSE DISP UNIT	umol/dL{GF}	micromole per deciliter of glomerular filtrate		0			
DISPENSING	DISPENSE DOSE DISP UNIT	umol/g{creat}	micromole per gram of creatinine		0			
DISPENSING	DISPENSE DOSE DISP UNIT	umol/h	micromole per hour		0			
DISPENSING	DISPENSE DOSE DISP UNIT	umol/kg{feces}	micromole per kilogram of feces		0			
DISPENSING	DISPENSE DOSE DISP UNIT	umol/L	micromole per liter		0			
DISPENSING	DISPENSE DOSE DISP UNIT	umol/L{RBCs}	micromole per liter of red blood cells		0			
DISPENSING	DISPENSE DOSE DISP UNIT	umol/L/h	micromole per liter per hour		0			
DISPENSING	DISPENSE DOSE DISP UNIT	umol/umol	micromole per micromole		0			
DISPENSING	DISPENSE DOSE DISP UNIT	umol/umol{creat}	micromole per micromole of creatinine		0			
DISPENSING	DISPENSE DOSE DISP UNIT	umol/mg	micromole per milligram		0			
DISPENSING	DISPENSE DOSE DISP UNIT	umol/mg{creat}	micromole per milligram of creatinine		0			
DISPENSING	DISPENSE DOSE DISP UNIT	umol/mL/min	micromole per milliliter per minute		0			
DISPENSING	DISPENSE DOSE DISP UNIT	umol/min	micromole per minute		0			
DISPENSING	DISPENSE DOSE DISP UNIT	umol/min/g	micromole per minute per gram		0			
DISPENSING	DISPENSE DOSE DISP UNIT	umol/min/g{prot}	micromole per minute per gram of protein		0			
DISPENSING	DISPENSE DOSE DISP UNIT	umol/mol	micromole per mole		0			
DISPENSING	DISPENSE DOSE DISP UNIT	uOhm	microOhm		0			
DISPENSING	DISPENSE DOSE DISP UNIT	us	microsecond		0			
DISPENSING	DISPENSE DOSE DISP UNIT	uV	microvolt		0			
DISPENSING	DISPENSE DOSE DISP UNIT	mU/g	milli  enzyme unit per gram		0			
DISPENSING	DISPENSE DOSE DISP UNIT	mU/mL	milli  enzyme unit per milliliter		0			
DISPENSING	DISPENSE DOSE DISP UNIT	mU/mL/min	milli  enzyme unit per milliliter per minute		0			
DISPENSING	DISPENSE DOSE DISP UNIT	mU/mmol{creat}	milli  enzyme unit per millimole of creatinine		0			
DISPENSING	DISPENSE DOSE DISP UNIT	mU/mmol{RBCs}	milli  enzyme unit per millimole of red blood cells		0			
DISPENSING	DISPENSE DOSE DISP UNIT	mU/g{Hb}	milli enzyme unit per gram of hemoglobin		0			
DISPENSING	DISPENSE DOSE DISP UNIT	mU/g{prot}	milli enzyme unit per gram of protein		0			
DISPENSING	DISPENSE DOSE DISP UNIT	mA	milliampere		0			
DISPENSING	DISPENSE DOSE DISP UNIT	mbar	millibar		0			
DISPENSING	DISPENSE DOSE DISP UNIT	mbar/L/s	millibar per liter per second		0			
DISPENSING	DISPENSE DOSE DISP UNIT	mbar.s/L	millibar second per liter		0			
DISPENSING	DISPENSE DOSE DISP UNIT	meq/(2.h)	milliequivalent per 2 hour		0			
DISPENSING	DISPENSE DOSE DISP UNIT	meq/(24.h)	milliequivalent per 24 hour		0			
DISPENSING	DISPENSE DOSE DISP UNIT	meq/d	milliequivalent per day		0			
DISPENSING	DISPENSE DOSE DISP UNIT	meq/g	milliequivalent per gram		0			
DISPENSING	DISPENSE DOSE DISP UNIT	meq/h	milliequivalent per hour		0			
DISPENSING	DISPENSE DOSE DISP UNIT	meq/mL	milliequivalent per milliliter		0			
DISPENSING	DISPENSE DOSE DISP UNIT	meq/{total_volume}	milliequivalent per total volume		0			
DISPENSING	DISPENSE DOSE DISP UNIT	mg/(12.h)	milligram per 12 hour		0			
DISPENSING	DISPENSE DOSE DISP UNIT	mg/(24.h)	milligram per 24 hour		0			
DISPENSING	DISPENSE DOSE DISP UNIT	mg/(6.h)	milligram per 6 hour		0			
DISPENSING	DISPENSE DOSE DISP UNIT	mg/(72.h)	milligram per 72 hour		0			
DISPENSING	DISPENSE DOSE DISP UNIT	mg/{collection}	milligram per collection		0			
DISPENSING	DISPENSE DOSE DISP UNIT	mg/m3	milligram per cubic meter		0			
DISPENSING	DISPENSE DOSE DISP UNIT	mg/dL	milligram per deciliter		0			
DISPENSING	DISPENSE DOSE DISP UNIT	mg/g	milligram per gram		0			
DISPENSING	DISPENSE DOSE DISP UNIT	mg/g{creat}	milligram per gram of creatinine		0			
DISPENSING	DISPENSE DOSE DISP UNIT	mg/g{dry_tissue}	milligram per gram of dry tissue		0			
DISPENSING	DISPENSE DOSE DISP UNIT	mg/g{feces}	milligram per gram of feces		0			
DISPENSING	DISPENSE DOSE DISP UNIT	mg/g{tissue}	milligram per gram of tissue		0			
DISPENSING	DISPENSE DOSE DISP UNIT	mg/kg/(8.h)	milligram per kilogram per 8 hour		0			
DISPENSING	DISPENSE DOSE DISP UNIT	mg/L{RBCs}	milligram per liter of red blood cells		0			
DISPENSING	DISPENSE DOSE DISP UNIT	mg/mmol	milligram per millimole		0			
DISPENSING	DISPENSE DOSE DISP UNIT	mg/mmol{creat}	milligram per millimole of creatinine		0			
DISPENSING	DISPENSE DOSE DISP UNIT	mg/min	milligram per minute		0			
DISPENSING	DISPENSE DOSE DISP UNIT	mg/{specimen}	milligram per specimen		0			
DISPENSING	DISPENSE DOSE DISP UNIT	mg/{total_output}	milligram per total output		0			
DISPENSING	DISPENSE DOSE DISP UNIT	mg/{total_volume}	milligram per total volume		0			
DISPENSING	DISPENSE DOSE DISP UNIT	mg/wk	milligram per week		0			
DISPENSING	DISPENSE DOSE DISP UNIT	mL{fetal_RBCs}	milliliter of fetal red blood cells		0			
DISPENSING	DISPENSE DOSE DISP UNIT	mL/(10.h)	milliliter per 10 hour		0			
DISPENSING	DISPENSE DOSE DISP UNIT	mL/(12.h)	milliliter per 12 hour		0			
DISPENSING	DISPENSE DOSE DISP UNIT	mL/(2.h)	milliliter per 2 hour		0			
DISPENSING	DISPENSE DOSE DISP UNIT	mL/(24.h)	milliliter per 24 hour		0			
DISPENSING	DISPENSE DOSE DISP UNIT	mL/(5.h)	milliliter per 5 hour		0			
DISPENSING	DISPENSE DOSE DISP UNIT	mL/(6.h)	milliliter per 6 hour		0			
DISPENSING	DISPENSE DOSE DISP UNIT	mL/(72.h)	milliliter per 72 hour		0			
DISPENSING	DISPENSE DOSE DISP UNIT	mL/(8.h)	milliliter per 8 hour		0			
DISPENSING	DISPENSE DOSE DISP UNIT	mL/(8.h)/kg	milliliter per 8 hour per kilogram		0			
DISPENSING	DISPENSE DOSE DISP UNIT	mL/cm[H2O]	milliliter per centimeter of water		0			
DISPENSING	DISPENSE DOSE DISP UNIT	mL/dL	milliliter per deciliter		0			
DISPENSING	DISPENSE DOSE DISP UNIT	ug/mmol	microgram per millimole		0			
DISPENSING	DISPENSE DOSE DISP UNIT	uL/h	microliter per hour		0			
DISPENSING	DISPENSE DOSE DISP UNIT	m[IU]/L	milli international unit per liter		0			
DISPENSING	DISPENSE DOSE DISP UNIT	meq/g{creat}	milliequivalent per gram of creatinine		0			
DISPENSING	DISPENSE DOSE DISP UNIT	mg{FEU}/L	milligram fibrinogen equivalent unit per liter		0			
DISPENSING	DISPENSE DOSE DISP UNIT	mg/(8.h)	milligram per 8 hour		0			
DISPENSING	DISPENSE DOSE DISP UNIT	mL/{beat}/m2	milliliter per heart beat per  square meter		0			
DISPENSING	DISPENSE DOSE DISP UNIT	mL/kg/(8.h)	milliliter per kilogram per 8 hour		0			
DISPENSING	DISPENSE DOSE DISP UNIT	mL/kg/d	milliliter per kilogram per day		0			
DISPENSING	DISPENSE DOSE DISP UNIT	mL/kg/min	milliliter per kilogram per minute		0			
DISPENSING	DISPENSE DOSE DISP UNIT	mL/mm	milliliter per millimeter		0			
DISPENSING	DISPENSE DOSE DISP UNIT	mL/min	milliliter per minute		0			
DISPENSING	DISPENSE DOSE DISP UNIT	mL/min/{1.73_m2}	milliliter per minute per 1.73 square meter		0			
DISPENSING	DISPENSE DOSE DISP UNIT	mL/min/m2	milliliter per minute per square meter		0			
DISPENSING	DISPENSE DOSE DISP UNIT	mL/s	milliliter per second		0			
DISPENSING	DISPENSE DOSE DISP UNIT	mm	millimeter		0			
DISPENSING	DISPENSE DOSE DISP UNIT	mm[Hg]	millimeter of mercury		0			
DISPENSING	DISPENSE DOSE DISP UNIT	mm/h	millimeter per hour		0			
DISPENSING	DISPENSE DOSE DISP UNIT	mmol/(12.h)	millimole per 12 hour		0			
DISPENSING	DISPENSE DOSE DISP UNIT	mmol/(2.h)	millimole per 2 hour		0			
DISPENSING	DISPENSE DOSE DISP UNIT	mmol/(24.h)	millimole per 24 hour		0			
DISPENSING	DISPENSE DOSE DISP UNIT	mmol/(8.h)	millimole per 8 hour		0			
DISPENSING	DISPENSE DOSE DISP UNIT	mmol/d	millimole per day		0			
DISPENSING	DISPENSE DOSE DISP UNIT	mmol/dL	millimole per deciliter		0			
DISPENSING	DISPENSE DOSE DISP UNIT	mmol/{ejaculate}	millimole per ejaculate		0			
DISPENSING	DISPENSE DOSE DISP UNIT	mmol/g	millimole per gram		0			
DISPENSING	DISPENSE DOSE DISP UNIT	mmol/g{creat}	millimole per gram of creatinine		0			
DISPENSING	DISPENSE DOSE DISP UNIT	mmol/h	millimole per hour		0			
DISPENSING	DISPENSE DOSE DISP UNIT	mmol/h/mg{Hb}	millimole per hour per milligram of hemoglobin		0			
DISPENSING	DISPENSE DOSE DISP UNIT	mmol/kg/(8.h)	millimole per kilogram per 8 hour		0			
DISPENSING	DISPENSE DOSE DISP UNIT	mmol/kg/d	millimole per kilogram per day		0			
DISPENSING	DISPENSE DOSE DISP UNIT	mmol/L	millimole per liter		0			
DISPENSING	DISPENSE DOSE DISP UNIT	mmol/L{RBCs}	millimole per liter of red blood cells		0			
DISPENSING	DISPENSE DOSE DISP UNIT	mmol/mmol	millimole per millimole		0			
DISPENSING	DISPENSE DOSE DISP UNIT	mmol/mmol{urea}	millimole per millimole of urea		0			
DISPENSING	DISPENSE DOSE DISP UNIT	mmol/mmol{creat}	millimole per millmole of creatinine		0			
DISPENSING	DISPENSE DOSE DISP UNIT	mmol/min	millimole per minute		0			
DISPENSING	DISPENSE DOSE DISP UNIT	mmol/mol	millimole per mole		0			
DISPENSING	DISPENSE DOSE DISP UNIT	mmol/mol{creat}	millimole per mole of creatinine		0			
DISPENSING	DISPENSE DOSE DISP UNIT	mmol/m2	millimole per square meter		0			
DISPENSING	DISPENSE DOSE DISP UNIT	mmol/{total_vol}	millimole per total volume		0			
DISPENSING	DISPENSE DOSE DISP UNIT	10*6	million		0			
DISPENSING	DISPENSE DOSE DISP UNIT	10*6.[CFU]/L	million colony forming unit per liter		0			
DISPENSING	DISPENSE DOSE DISP UNIT	10*6/(24.h)	million per 24 hour		0			
DISPENSING	DISPENSE DOSE DISP UNIT	10*6/kg	million per kilogram		0			
DISPENSING	DISPENSE DOSE DISP UNIT	10*6/L	million per liter		0			
DISPENSING	DISPENSE DOSE DISP UNIT	10*6/uL	million per microliter		0			
DISPENSING	DISPENSE DOSE DISP UNIT	10*6/mL	million per milliliter		0			
DISPENSING	DISPENSE DOSE DISP UNIT	mosm	milliosmole		0			
DISPENSING	DISPENSE DOSE DISP UNIT	mosm/kg	milliosmole per kilogram		0			
DISPENSING	DISPENSE DOSE DISP UNIT	mosm/L	milliosmole per liter		0			
DISPENSING	DISPENSE DOSE DISP UNIT	ms	millisecond		0			
DISPENSING	DISPENSE DOSE DISP UNIT	mV	millivolt		0			
DISPENSING	DISPENSE DOSE DISP UNIT	min/d	min/d=minute per day		0			
DISPENSING	DISPENSE DOSE DISP UNIT	{minidrop}/min	minidrop per minute		0			
DISPENSING	DISPENSE DOSE DISP UNIT	{minidrop}/s	minidrop per second		0			
DISPENSING	DISPENSE DOSE DISP UNIT	min	minute		0			
DISPENSING	DISPENSE DOSE DISP UNIT	mol	mole		0			
DISPENSING	DISPENSE DOSE DISP UNIT	mol/m3	mole per cubic meter		0			
DISPENSING	DISPENSE DOSE DISP UNIT	mol/kg	mole per kilogram		0			
DISPENSING	DISPENSE DOSE DISP UNIT	mol/kg/s	mole per kilogram per second		0			
DISPENSING	DISPENSE DOSE DISP UNIT	mol/L	mole per liter		0			
DISPENSING	DISPENSE DOSE DISP UNIT	mol/mL	mole per milliliter		0			
DISPENSING	DISPENSE DOSE DISP UNIT	mol/mol	mole per mole		0			
DISPENSING	DISPENSE DOSE DISP UNIT	mo	month		0			
DISPENSING	DISPENSE DOSE DISP UNIT	{mutation}	mutation		0			
DISPENSING	DISPENSE DOSE DISP UNIT	mV/s	mV/s=millivolt per second		0			
DISPENSING	DISPENSE DOSE DISP UNIT	nU/mL	nanoenzyme unit per milliliter		0			
DISPENSING	DISPENSE DOSE DISP UNIT	nU/{RBC}	nanoenzyme unit per red blood cell		0			
DISPENSING	DISPENSE DOSE DISP UNIT	ng	nanogram		0			
DISPENSING	DISPENSE DOSE DISP UNIT	ng/(24.h)	nanogram per 24 hour		0			
DISPENSING	DISPENSE DOSE DISP UNIT	ng/(8.h)	nanogram per 8 hour		0			
DISPENSING	DISPENSE DOSE DISP UNIT	ng/d	nanogram per day		0			
DISPENSING	DISPENSE DOSE DISP UNIT	ng/dL	nanogram per deciliter		0			
DISPENSING	DISPENSE DOSE DISP UNIT	ng/g{creat}	nanogram per gram of creatinine		0			
DISPENSING	DISPENSE DOSE DISP UNIT	ng/h	nanogram per hour		0			
DISPENSING	DISPENSE DOSE DISP UNIT	ng/kg/(8.h)	nanogram per kilogram per 8 hour		0			
DISPENSING	DISPENSE DOSE DISP UNIT	ng/kg/h	nanogram per kilogram per hour		0			
DISPENSING	DISPENSE DOSE DISP UNIT	ng/L	nanogram per liter		0			
DISPENSING	DISPENSE DOSE DISP UNIT	ng/mg{prot}	nanogram per milligram of protein		0			
DISPENSING	DISPENSE DOSE DISP UNIT	ng/mg/h	nanogram per milligram per hour		0			
DISPENSING	DISPENSE DOSE DISP UNIT	ng/mL{RBCs}	nanogram per milliliter of red blood cells		0			
DISPENSING	DISPENSE DOSE DISP UNIT	ng/mL/h	nanogram per milliliter per hour		0			
DISPENSING	DISPENSE DOSE DISP UNIT	ng/10*6	nanogram per million		0			
DISPENSING	DISPENSE DOSE DISP UNIT	ng/10*6{RBCs}	nanogram per million red blood cells		0			
DISPENSING	DISPENSE DOSE DISP UNIT	ng/mL	nanogram per millliiter		0			
DISPENSING	DISPENSE DOSE DISP UNIT	ng/min	nanogram per minute		0			
DISPENSING	DISPENSE DOSE DISP UNIT	ng/s	nanogram per second		0			
DISPENSING	DISPENSE DOSE DISP UNIT	ng/m2	nanogram per square meter		0			
DISPENSING	DISPENSE DOSE DISP UNIT	nkat	nanokatal		0			
DISPENSING	DISPENSE DOSE DISP UNIT	nm	nanometer		0			
DISPENSING	DISPENSE DOSE DISP UNIT	nm/s/L	nanometer per second per liter		0			
DISPENSING	DISPENSE DOSE DISP UNIT	nmol{BCE}	nanomole bone collagen equivalent		0			
DISPENSING	DISPENSE DOSE DISP UNIT	nmol{BCE}/L	nanomole bone collagen equivalent per liter		0			
DISPENSING	DISPENSE DOSE DISP UNIT	nmol{ATP}	nanomole of ATP 		0			
DISPENSING	DISPENSE DOSE DISP UNIT	nmol/d	nanomole per day		0			
DISPENSING	DISPENSE DOSE DISP UNIT	nmol/dL{GF}	nanomole per deciliter of glomerular filtrate		0			
DISPENSING	DISPENSE DOSE DISP UNIT	nmol/g	nanomole per gram		0			
DISPENSING	DISPENSE DOSE DISP UNIT	nmol/g{creat}	nanomole per gram of creatinine		0			
DISPENSING	DISPENSE DOSE DISP UNIT	nmol/g{dry_wt}	nanomole per gram of dry weight		0			
DISPENSING	DISPENSE DOSE DISP UNIT	nmol/h/L	nanomole per hour per liter		0			
DISPENSING	DISPENSE DOSE DISP UNIT	nmol/L{RBCs}	nanomole per liter of red blood cells		0			
DISPENSING	DISPENSE DOSE DISP UNIT	nmol/L/mmol{creat}	nanomole per liter per millimole of creatinine		0			
DISPENSING	DISPENSE DOSE DISP UNIT	nmol/m/mg{prot}	nanomole per meter per milligram of protein		0			
DISPENSING	DISPENSE DOSE DISP UNIT	nmol/umol{creat}	nanomole per micromole  of creatinine		0			
DISPENSING	DISPENSE DOSE DISP UNIT	nmol/mg{creat}	nanomole per milligram of creatinine		0			
DISPENSING	DISPENSE DOSE DISP UNIT	nmol/mg{prot}	nanomole per milligram of protein		0			
DISPENSING	DISPENSE DOSE DISP UNIT	nmol/mg/h	nanomole per milligram per hour		0			
DISPENSING	DISPENSE DOSE DISP UNIT	nmol/mL/h	nanomole per milliliter per hour		0			
DISPENSING	DISPENSE DOSE DISP UNIT	nmol/mL/min	nanomole per milliliter per minute		0			
DISPENSING	DISPENSE DOSE DISP UNIT	nmol/mmol	nanomole per millimole		0			
DISPENSING	DISPENSE DOSE DISP UNIT	nmol/mmol{creat}	nanomole per millimole of creatinine		0			
DISPENSING	DISPENSE DOSE DISP UNIT	nmol/min/mg{prot}	nanomole per minute per milligram of protein		0			
DISPENSING	DISPENSE DOSE DISP UNIT	nmol/min/mL	nanomole per minute per milliliter		0			
DISPENSING	DISPENSE DOSE DISP UNIT	nmol/min/10*6{cells}	nanomole per minute per million cells		0			
DISPENSING	DISPENSE DOSE DISP UNIT	N	Newton		0			
DISPENSING	DISPENSE DOSE DISP UNIT	N.cm	Newton centimeter		0			
DISPENSING	DISPENSE DOSE DISP UNIT	nmol/h/mL	nmol/h/mL=nanomole per hour per milliliter		0			
DISPENSING	DISPENSE DOSE DISP UNIT	{#}	number		0			
DISPENSING	DISPENSE DOSE DISP UNIT	{#}/L	number per liter		0			
DISPENSING	DISPENSE DOSE DISP UNIT	{#}/uL	number per microliter		0			
DISPENSING	DISPENSE DOSE DISP UNIT	{#}/mL	number per milliliter		0			
DISPENSING	DISPENSE DOSE DISP UNIT	{#}/min	number per minute		0			
DISPENSING	DISPENSE DOSE DISP UNIT	Ohm.m	Ohm meter		0			
DISPENSING	DISPENSE DOSE DISP UNIT	10*5	one hundred thousand		0			
DISPENSING	DISPENSE DOSE DISP UNIT	osm	osmole		0			
DISPENSING	DISPENSE DOSE DISP UNIT	osm/kg	osmole per kilogram		0			
DISPENSING	DISPENSE DOSE DISP UNIT	{Pan_Bio'U}	panbio unit		0			
DISPENSING	DISPENSE DOSE DISP UNIT	[ppb]	part per billion		0			
DISPENSING	DISPENSE DOSE DISP UNIT	[ppm]	part per million		0			
DISPENSING	DISPENSE DOSE DISP UNIT	[ppm]{v/v}	part per million in volume per volume		0			
DISPENSING	DISPENSE DOSE DISP UNIT	[pptr]	part per trillion		0			
DISPENSING	DISPENSE DOSE DISP UNIT	Pa	Pascal		0			
DISPENSING	DISPENSE DOSE DISP UNIT	/10*10	per 10 billion  		0			
DISPENSING	DISPENSE DOSE DISP UNIT	/100	per 100		0			
DISPENSING	DISPENSE DOSE DISP UNIT	/100{cells}	per 100 cells		0			
DISPENSING	DISPENSE DOSE DISP UNIT	/100{neutrophils}	per 100 neutrophils		0			
DISPENSING	DISPENSE DOSE DISP UNIT	/100{spermatozoa}	per 100 spermatozoa		0			
DISPENSING	DISPENSE DOSE DISP UNIT	/100{WBCs}	per 100 white blood cells		0			
DISPENSING	DISPENSE DOSE DISP UNIT	/[arb'U]	per arbitrary unit		0			
DISPENSING	DISPENSE DOSE DISP UNIT	/10*9	per billion		0			
DISPENSING	DISPENSE DOSE DISP UNIT	/d	per day		0			
DISPENSING	DISPENSE DOSE DISP UNIT	/{entity}	per entity		0			
DISPENSING	DISPENSE DOSE DISP UNIT	/U	per enzyme unit		0			
DISPENSING	DISPENSE DOSE DISP UNIT	/g	per gram		0			
DISPENSING	DISPENSE DOSE DISP UNIT	/g{Hb}	per gram of hemoglobin		0			
DISPENSING	DISPENSE DOSE DISP UNIT	/g{tot_nit}	per gram of total nitrogen		0			
DISPENSING	DISPENSE DOSE DISP UNIT	/g{tot_prot}	per gram of total protein		0			
DISPENSING	DISPENSE DOSE DISP UNIT	/g{wet_tis}	per gram of wet tissue		0			
DISPENSING	DISPENSE DOSE DISP UNIT	/kg	per kilogram		0			
DISPENSING	DISPENSE DOSE DISP UNIT	/kg{body_wt}	per kilogram of body weight		0			
DISPENSING	DISPENSE DOSE DISP UNIT	/[LPF]	per low power field		0			
DISPENSING	DISPENSE DOSE DISP UNIT	/uL	per microliter		0			
DISPENSING	DISPENSE DOSE DISP UNIT	/mg	per milligram		0			
DISPENSING	DISPENSE DOSE DISP UNIT	/mL	per milliliter		0			
DISPENSING	DISPENSE DOSE DISP UNIT	/mm	per millimeter		0			
DISPENSING	DISPENSE DOSE DISP UNIT	/mmol{creat}	per millimole of creatinine		0			
DISPENSING	DISPENSE DOSE DISP UNIT	/mo	per month		0			
DISPENSING	DISPENSE DOSE DISP UNIT	/{OIF}	per oil immersion field		0			
DISPENSING	DISPENSE DOSE DISP UNIT	/10*12	per trillion 		0			
DISPENSING	DISPENSE DOSE DISP UNIT	/10*12{RBCs}	per trillion red blood cells		0			
DISPENSING	DISPENSE DOSE DISP UNIT	%{loss_AChR}	percent  loss of acetylcholine receptor		0			
DISPENSING	DISPENSE DOSE DISP UNIT	%{penetration}	percent  penetration		0			
DISPENSING	DISPENSE DOSE DISP UNIT	%{abnormal}	percent abnormal		0			
DISPENSING	DISPENSE DOSE DISP UNIT	%{activity}	percent activity		0			
DISPENSING	DISPENSE DOSE DISP UNIT	%{at_60_min}	percent at 60 minute		0			
DISPENSING	DISPENSE DOSE DISP UNIT	%{blockade}	percent blockade		0			
DISPENSING	DISPENSE DOSE DISP UNIT	%{blocked}	percent blocked		0			
DISPENSING	DISPENSE DOSE DISP UNIT	%{vol}	percent by volume		0			
DISPENSING	DISPENSE DOSE DISP UNIT	%{deficient}	percent deficient		0			
DISPENSING	DISPENSE DOSE DISP UNIT	%{excretion}	percent excretion		0			
DISPENSING	DISPENSE DOSE DISP UNIT	%{Hb}	percent hemoglobin		0			
DISPENSING	DISPENSE DOSE DISP UNIT	%{hemolysis}	percent hemolysis		0			
DISPENSING	DISPENSE DOSE DISP UNIT	%{index}	percent index		0			
DISPENSING	DISPENSE DOSE DISP UNIT	%{loss}	percent loss		0			
DISPENSING	DISPENSE DOSE DISP UNIT	%{lysis}	percent lysis		0			
DISPENSING	DISPENSE DOSE DISP UNIT	%{pooled_plasma}	percent normal pooled plasma		0			
DISPENSING	DISPENSE DOSE DISP UNIT	%{bacteria}	percent of bacteria		0			
DISPENSING	DISPENSE DOSE DISP UNIT	%{WBCs}	percent of white blood cells		0			
DISPENSING	DISPENSE DOSE DISP UNIT	%{reactive}	percent reactive		0			
DISPENSING	DISPENSE DOSE DISP UNIT	%{reference}	percent reference		0			
DISPENSING	DISPENSE DOSE DISP UNIT	%{residual}	percent residual		0			
DISPENSING	DISPENSE DOSE DISP UNIT	%{saturation}	percent saturation		0			
DISPENSING	DISPENSE DOSE DISP UNIT	%{uptake}	percent uptake		0			
DIAGNOSIS	DX TYPE	11	11=ICD-11-CM		0			
DIAGNOSIS	DX SOURCE	IN	IN=Interim		0			
DIAGNOSIS	DX SOURCE	OT	OT=Other		0			
VITAL	VITAL SOURCE	UN	UN=Unknown		0			
VITAL	VITAL SOURCE	OT	OT=Other		0			
VITAL	TOBACCO TYPE	02	02=Non-smoked  tobacco  only		0			
DISPENSING	DISPENSE SOURCE	UN	UN=Unknown		0			
DISPENSING	DISPENSE DOSE DISP UNIT	10*8	100 million 		0			
DISPENSING	DISPENSE DOSE DISP UNIT	{activity}	activity		0			
DISPENSING	DISPENSE DOSE DISP UNIT	[beth'U]	Bethesda unit		0			
DISPENSING	DISPENSE DOSE DISP UNIT	{cells}/[HPF]	cells per high power field		0			
DISPENSING	DISPENSE DOSE DISP UNIT	cm[H2O]	centimeter of water		0			
DISPENSING	DISPENSE DOSE DISP UNIT	cm[H2O]/L/s	centimeter of water per liter per second		0			
DISPENSING	DISPENSE DOSE DISP UNIT	[CFU]	colony forming unit		0			
DISPENSING	DISPENSE DOSE DISP UNIT	[CFU]/mL	colony forming unit per milliliter		0			
DISPENSING	DISPENSE DOSE DISP UNIT	[cin_i]	cubic inch (international)		0			
DISPENSING	DISPENSE DOSE DISP UNIT	m3/s	cubic meter per second		0			
DISPENSING	DISPENSE DOSE DISP UNIT	dm	decimeter		0			
DISPENSING	DISPENSE DOSE DISP UNIT	K/W	degree Kelvin per Watt		0			
DISPENSING	DISPENSE DOSE DISP UNIT	{dilution}	dilution		0			
DISPENSING	DISPENSE DOSE DISP UNIT	dyn.s/cm	dyne second per centimeter		0			
DISPENSING	DISPENSE DOSE DISP UNIT	{Ehrlich'U}	Ehrlich unit		0			
DISPENSING	DISPENSE DOSE DISP UNIT	{EIA'U}	EIA unit		0			
DISPENSING	DISPENSE DOSE DISP UNIT	{EV}	EIA value		0			
DISPENSING	DISPENSE DOSE DISP UNIT	U/10*10{cells}	enzyme unit per 10 billion cells		0			
DISPENSING	DISPENSE DOSE DISP UNIT	U/(24.h)	enzyme unit per 24 hour		0			
DISPENSING	DISPENSE DOSE DISP UNIT	U/L	enzyme unit per liter		0			
DISPENSING	DISPENSE DOSE DISP UNIT	U/10*6	enzyme unit per million		0			
DISPENSING	DISPENSE DOSE DISP UNIT	U/s	enzyme unit per second		0			
DISPENSING	DISPENSE DOSE DISP UNIT	eq	equivalent		0			
DISPENSING	DISPENSE DOSE DISP UNIT	erg	erg		0			
DISPENSING	DISPENSE DOSE DISP UNIT	fm	femtometer		0			
DISPENSING	DISPENSE DOSE DISP UNIT	[Ch]	French (catheter gauge) 		0			
DISPENSING	DISPENSE DOSE DISP UNIT	{genomes}/mL	genomes per milliliter		0			
DISPENSING	DISPENSE DOSE DISP UNIT	g.m/{beat}	gram meter per heart beat 		0			
DISPENSING	DISPENSE DOSE DISP UNIT	g{total_prot}	gram of total protein		0			
DISPENSING	DISPENSE DOSE DISP UNIT	g/(5.h)	gram per 5 hour		0			
DISPENSING	DISPENSE DOSE DISP UNIT	g/(8.h){shift}	gram per 8 hour shift		0			
DISPENSING	DISPENSE DOSE DISP UNIT	g/g	gram per gram		0			
DISPENSING	DISPENSE DOSE DISP UNIT	g/h/m2	gram per hour per square meter		0			
DISPENSING	DISPENSE DOSE DISP UNIT	ng{FEU}/mL	nanogram fibrinogen equivalent unit per milliliter 		0			
DISPENSING	DISPENSE DOSE DISP UNIT	/10*3{RBCs}	per thousand red blood cells		0			
DISPENSING	DISPENSE DOSE DISP UNIT	/(12.h)	per twelve hour		0			
DISPENSING	DISPENSE DOSE DISP UNIT	g/kg/min	gram per kilogram per minute		0			
DISPENSING	DISPENSE DOSE DISP UNIT	Gy	Gray		0			
DISPENSING	DISPENSE DOSE DISP UNIT	[GPL'U]	IgG anticardiolipin unit**		0			
DISPENSING	DISPENSE DOSE DISP UNIT	{MPS'U}/mL	IgM antiphosphatidylserine unit per milliliter		0			
DISPENSING	DISPENSE DOSE DISP UNIT	{IFA_index}	immunofluorescence assay index		0			
DISPENSING	DISPENSE DOSE DISP UNIT	[IU]	international unit		0			
DISPENSING	DISPENSE DOSE DISP UNIT	[IU]/(24.h)	international unit per 24 hour		0			
DISPENSING	DISPENSE DOSE DISP UNIT	kat	katal		0			
DISPENSING	DISPENSE DOSE DISP UNIT	kU	kilo enzyme unit		0			
DISPENSING	DISPENSE DOSE DISP UNIT	kg/L	kilogram per liter		0			
DISPENSING	DISPENSE DOSE DISP UNIT	kg/(s.m2)	kilogram per second per square meter		0			
DISPENSING	DISPENSE DOSE DISP UNIT	kg/m2	kilogram per square meter		0			
DISPENSING	DISPENSE DOSE DISP UNIT	kPa	kilopascal		0			
DISPENSING	DISPENSE DOSE DISP UNIT	L/s	liter per second		0			
DISPENSING	DISPENSE DOSE DISP UNIT	{Log_copies}/mL	log (base 10) copies per milliliter		0			
DISPENSING	DISPENSE DOSE DISP UNIT	lm	lumen		0			
DISPENSING	DISPENSE DOSE DISP UNIT	[mclg'U]	Maclagan unit		0			
DISPENSING	DISPENSE DOSE DISP UNIT	Ms	megasecond		0			
DISPENSING	DISPENSE DOSE DISP UNIT	m	meter		0			
DISPENSING	DISPENSE DOSE DISP UNIT	m/s	meter per second		0			
DISPENSING	DISPENSE DOSE DISP UNIT	uU/g	micro enzyme unit per gram		0			
DISPENSING	DISPENSE DOSE DISP UNIT	ueq/L	microequivalent per liter		0			
DISPENSING	DISPENSE DOSE DISP UNIT	ug{FEU}/mL	microgram fibrinogen equivalent unit per milliliter		0			
DISPENSING	DISPENSE DOSE DISP UNIT	ug/kg/d	microgram per kilogram per day		0			
DISPENSING	DISPENSE DOSE DISP UNIT	ug/mL{class}	microgram per milliliter class		0			
DISPENSING	DISPENSE DOSE DISP UNIT	umol/(8.h)	micromole per 8 hour		0			
DISPENSING	DISPENSE DOSE DISP UNIT	umol/dL	micromole per deciliter		0			
DISPENSING	DISPENSE DOSE DISP UNIT	umol/g	micromole per gram		0			
DISPENSING	DISPENSE DOSE DISP UNIT	umol/g{Hb}	micromole per gram of hemoglobin		0			
DISPENSING	DISPENSE DOSE DISP UNIT	umol/kg	micromole per kilogram		0			
DISPENSING	DISPENSE DOSE DISP UNIT	umol/mL	micromole per milliliter		0			
DISPENSING	DISPENSE DOSE DISP UNIT	umol/mmol	micromole per millimole		0			
DISPENSING	DISPENSE DOSE DISP UNIT	umol/mmol{creat}	micromole per millimole of creatinine		0			
DISPENSING	DISPENSE DOSE DISP UNIT	umol/min/g{mucosa}	micromole per minute per gram of mucosa		0			
DISPENSING	DISPENSE DOSE DISP UNIT	umol/min/L	micromole per minute per liter		0			
DISPENSING	DISPENSE DOSE DISP UNIT	umol/mol{creat}	micromole per mole of creatinine		0			
DISPENSING	DISPENSE DOSE DISP UNIT	umol/mol{Hb}	micromole per mole of hemoglobin		0			
DISPENSING	DISPENSE DOSE DISP UNIT	um/s	microns per second		0			
DISPENSING	DISPENSE DOSE DISP UNIT	[mi_i]	mile (international)		0			
DISPENSING	DISPENSE DOSE DISP UNIT	m[IU]/mL	milli  international unit per milliliter		0			
DISPENSING	DISPENSE DOSE DISP UNIT	mU/L	milli enzyme unit per liter		0			
DISPENSING	DISPENSE DOSE DISP UNIT	mU/mg	milli enzyme unit per milligram		0			
DISPENSING	DISPENSE DOSE DISP UNIT	mU/mg{creat}	milli enzyme unit per milligram of creatinine		0			
DISPENSING	DISPENSE DOSE DISP UNIT	meq/(8.h)	milliequivalent per 8 hour		0			
DISPENSING	DISPENSE DOSE DISP UNIT	meq/dL	milliequivalent per deciliter		0			
DISPENSING	DISPENSE DOSE DISP UNIT	meq/L	milliequivalent per liter		0			
DISPENSING	DISPENSE DOSE DISP UNIT	meq/min	milliequivalent per minute		0			
DISPENSING	DISPENSE DOSE DISP UNIT	meq/{specimen}	milliequivalent per specimen		0			
DISPENSING	DISPENSE DOSE DISP UNIT	mg/(10.h)	milligram per 10 hour		0			
DISPENSING	DISPENSE DOSE DISP UNIT	mg/(2.h)	milligram per 2 hour		0			
DISPENSING	DISPENSE DOSE DISP UNIT	mg/d	milligram per day		0			
DISPENSING	DISPENSE DOSE DISP UNIT	mg/d/{1.73_m2}	milligram per day per 1.73 square meter		0			
DISPENSING	DISPENSE DOSE DISP UNIT	mg/g{wet_tissue}	milligram per gram of wet tissue		0			
DISPENSING	DISPENSE DOSE DISP UNIT	mg/L	milligram per liter		0			
DISPENSING	DISPENSE DOSE DISP UNIT	mg/mg	milligram per milligram		0			
DISPENSING	DISPENSE DOSE DISP UNIT	mg/mg{creat}	milligram per milligram of creatinine		0			
DISPENSING	DISPENSE DOSE DISP UNIT	mL/(4.h)	milliliter per 4 hour		0			
DISPENSING	DISPENSE DOSE DISP UNIT	mL/d	milliliter per day		0			
DISPENSING	DISPENSE DOSE DISP UNIT	mL/{beat}	milliliter per heart beat		0			
DISPENSING	DISPENSE DOSE DISP UNIT	mL/mbar	milliliter per millibar		0			
DISPENSING	DISPENSE DOSE DISP UNIT	mL/[sin_i]	milliliter per square inch (international)		0			
DISPENSING	DISPENSE DOSE DISP UNIT	mm[H2O]	millimeter of water		0			
DISPENSING	DISPENSE DOSE DISP UNIT	mm/min	millimeter per minute		0			
DISPENSING	DISPENSE DOSE DISP UNIT	mmol/(5.h)	millimole per 5 hour		0			
DISPENSING	DISPENSE DOSE DISP UNIT	mmol/(6.h)	millimole per 6 hour		0			
DISPENSING	DISPENSE DOSE DISP UNIT	mmol/h/mg{prot}	millimole per hour per milligram of protein		0			
DISPENSING	DISPENSE DOSE DISP UNIT	mmol/kg/h	millimole per kilogram per hour		0			
DISPENSING	DISPENSE DOSE DISP UNIT	mmol/kg/min	millimole per kilogram per minute		0			
DISPENSING	DISPENSE DOSE DISP UNIT	mmol/s/L	millimole per second per liter		0			
DISPENSING	DISPENSE DOSE DISP UNIT	mmol/{specimen}	millimole per specimen		0			
DISPENSING	DISPENSE DOSE DISP UNIT	mPa	millipascal		0			
DISPENSING	DISPENSE DOSE DISP UNIT	mPa.s	millipascal second		0			
DISPENSING	DISPENSE DOSE DISP UNIT	min/wk	min/wk=minute per week		0			
DISPENSING	DISPENSE DOSE DISP UNIT	{#}/{platelet}	molecule per platelet		0			
DISPENSING	DISPENSE DOSE DISP UNIT	{mm/dd/yyyy}	month-day-year		0			
DISPENSING	DISPENSE DOSE DISP UNIT	{M.o.M}	multiple of the median		0			
DISPENSING	DISPENSE DOSE DISP UNIT	ng/U	nanogram per enzyme unit		0			
DISPENSING	DISPENSE DOSE DISP UNIT	ng/g	nanogram per gram		0			
DISPENSING	DISPENSE DOSE DISP UNIT	ng/kg	nanogram per kilogram		0			
DISPENSING	DISPENSE DOSE DISP UNIT	ng/mg	nanogram per milligram		0			
DISPENSING	DISPENSE DOSE DISP UNIT	ng/mg{creat}	nanogram per milligram of creatinine		0			
DISPENSING	DISPENSE DOSE DISP UNIT	nL	nanoliter		0			
DISPENSING	DISPENSE DOSE DISP UNIT	nmol	nanomole		0			
DISPENSING	DISPENSE DOSE DISP UNIT	nmol{BCE}/mmol{creat}	nanomole bone collagen equivalent per millimole of creatinine		0			
DISPENSING	DISPENSE DOSE DISP UNIT	nmol{1/2cys}/mg{prot}	nanomole of 1/2 cystine per milligram of protein		0			
DISPENSING	DISPENSE DOSE DISP UNIT	nmol/(24.h)	nanomole per 24 hour		0			
DISPENSING	DISPENSE DOSE DISP UNIT	nmol/dL	nanomole per deciliter		0			
DISPENSING	DISPENSE DOSE DISP UNIT	nmol/h/mg{prot}	nanomole per hour per milligram of protein		0			
DISPENSING	DISPENSE DOSE DISP UNIT	nmol/L	nanomole per liter		0			
DISPENSING	DISPENSE DOSE DISP UNIT	nmol/mg	nanomole per milligram		0			
DISPENSING	DISPENSE DOSE DISP UNIT	nmol/mg{prot}/h	nanomole per milligram of protein per hour		0			
DISPENSING	DISPENSE DOSE DISP UNIT	nmol/mL	nanomole per milliliter		0			
DISPENSING	DISPENSE DOSE DISP UNIT	nmol/min	nanomole per minute		0			
DISPENSING	DISPENSE DOSE DISP UNIT	nmol/mol	nanomole per mole		0			
DISPENSING	DISPENSE DOSE DISP UNIT	nmol/nmol	nanomole per nanomole		0			
DISPENSING	DISPENSE DOSE DISP UNIT	nmol/s	nanomole per second		0			
DISPENSING	DISPENSE DOSE DISP UNIT	nmol/s/L	nanomole per second per liter		0			
DISPENSING	DISPENSE DOSE DISP UNIT	ns	nanosecond		0			
DISPENSING	DISPENSE DOSE DISP UNIT	N.s	Newton second		0			
DISPENSING	DISPENSE DOSE DISP UNIT	nmol/min/mg{protein}	nmol/min/mg{protein}=nanomole per minute per milligram protein		0			
DISPENSING	DISPENSE DOSE DISP UNIT	nmol/mol{creat}	nmol/mol{creat}=nanomole per mole creatinine		0			
DISPENSING	DISPENSE DOSE DISP UNIT	{#}/[HPF]	number per high power field		0			
DISPENSING	DISPENSE DOSE DISP UNIT	Ohm	Ohm		0			
DISPENSING	DISPENSE DOSE DISP UNIT	osm/L	osmole per liter		0			
DISPENSING	DISPENSE DOSE DISP UNIT	[ppth]	part per thousand		0			
DISPENSING	DISPENSE DOSE DISP UNIT	/10*4{RBCs}	per 10 thousand red blood cells		0			
DISPENSING	DISPENSE DOSE DISP UNIT	/cm[H2O]	per centimeter of water		0			
DISPENSING	DISPENSE DOSE DISP UNIT	/m3	per cubic meter		0			
DISPENSING	DISPENSE DOSE DISP UNIT	/dL	per deciliter		0			
DISPENSING	DISPENSE DOSE DISP UNIT	/g{creat}	per gram of creatinine		0			
DISPENSING	DISPENSE DOSE DISP UNIT	/[HPF]	per high power field		0			
DISPENSING	DISPENSE DOSE DISP UNIT	/h	per hour		0			
DISPENSING	DISPENSE DOSE DISP UNIT	/L	per liter		0			
DISPENSING	DISPENSE DOSE DISP UNIT	/s	per second		0			
DISPENSING	DISPENSE DOSE DISP UNIT	/m2	per square meter		0			
DISPENSING	DISPENSE DOSE DISP UNIT	/10*3	per thousand		0			
DISPENSING	DISPENSE DOSE DISP UNIT	/wk	per week		0			
DISPENSING	DISPENSE DOSE DISP UNIT	/a	per year		0			
DISPENSING	DISPENSE DOSE DISP UNIT	%{aggregation}	percent aggregation		0			
DISPENSING	DISPENSE DOSE DISP UNIT	%{basal_activity}	percent basal activity		0			
DISPENSING	DISPENSE DOSE DISP UNIT	%{binding}	percent binding		0			
DISPENSING	DISPENSE DOSE DISP UNIT	%{bound}	percent bound		0			
DISPENSING	DISPENSE DOSE DISP UNIT	%{breakdown}	percent breakdown		0			
DISPENSING	DISPENSE DOSE DISP UNIT	%{dose}	percent dose		0			
DISPENSING	DISPENSE DOSE DISP UNIT	%{inhibition}	percent inhibition		0			
DISPENSING	DISPENSE DOSE DISP UNIT	%{normal}	percent normal		0			
DISPENSING	DISPENSE DOSE DISP UNIT	%{cells}	percent of cells		0			
DISPENSING	DISPENSE DOSE DISP UNIT	%{RBCs}	percent of red blood cells		0			
DISPENSING	DISPENSE DOSE DISP UNIT	%{positive}	percent positive		0			
DISPENSING	DISPENSE DOSE DISP UNIT	%{recovery}	percent recovery		0			
DISPENSING	DISPENSE DOSE DISP UNIT	%{total}	percent total		0			
DISPENSING	DISPENSE DOSE DISP UNIT	U/g{protein}	enzyme unit per gram of protein		0			
DISPENSING	DISPENSE DOSE DISP UNIT	{Log}	log base 10		0			
DISPENSING	DISPENSE DOSE DISP UNIT	meq/m2	milliequivalent per square meter		0			
DISPENSING	DISPENSE DOSE DISP UNIT	mg/dL{RBCs}	milligram per deciliter of red blood cells		0			
DISPENSING	DISPENSE DOSE DISP UNIT	mol/s	mole per second		0			
DISPENSING	DISPENSE DOSE DISP UNIT	nmol/min/mg{Hb}	nanomole per minute per milligram of hemoglobin		0			
DISPENSING	DISPENSE DOSE DISP UNIT	/10*6	per million		0			
DISPENSING	DISPENSE DOSE DISP UNIT	/min	per minute		0			
DISPENSING	DISPENSE DOSE DISP UNIT	%{baseline}	percent of baseline		0			
DISPENSING	DISPENSE DOSE DISP UNIT	%{viable}	percent viable		0			
DISPENSING	DISPENSE DOSE DISP UNIT	{percentile}	percentile		0			
DISPENSING	DISPENSE DOSE DISP UNIT	pg/mL{sLT}	pg/mL{sLT}=picogram per milliliter sulfidoleukotrienes		0			
DIAGNOSIS	DX POA	Y	Y=Diagnosis  present	dx_poa	4188539	Y	Yes	
DIAGNOSIS	DX POA	N	N=Diagnosis  not  present	dx_poa	4188540	N	No	
DIAGNOSIS	DX POA	U	U=Insufficient  documentation	dx_poa		U		
DIAGNOSIS	DX POA	W	W=Clinically  undetermined	dx_poa		W		
DIAGNOSIS	DX POA	01	1=Unreported  /  not  used	dx_poa	0	1	none	
DIAGNOSIS	DX POA	NI	NI=No  information	dx_poa	44814650	NI	No Information	
DIAGNOSIS	DX POA	UN	UN=Unknown	dx_poa	44814653	UN	Unknown	
DIAGNOSIS	DX POA	OT	OT=Other	dx_poa	44814649	OT	Other	
PROCEDURES	PPX	P	P=Principal	ppx	44786630	P	Primary Procedure	
PROCEDURES	PPX	S	S=Secondary	ppx	44786631	S	Secondary Procedure	
VITAL	SMOKING	NI	NI=No  information	smoking	4275495	NI	No information	44814650
VITAL	SMOKING	UN	UN=Unknown	smoking	4275495	UN	Unknown	44814653
VITAL	SMOKING	OT	OT=Other	smoking	4275495	OT	Other	44814649
VITAL	TOBACCO	NI	NI=No  information	tobacco	4005823	NI	No information	44814650
VITAL	TOBACCO	OT	OT=Other	tobacco	4005823	OT	Other	44814649
VITAL	TOBACCO	UN	UN=Unknown	tobacco	4005823	UN	Unknown	44814653
VITAL	SMOKING	07	07=Heavy  tobacco  smoker	smoking	4275495	07	Heavy tobacco smoker	4209006
VITAL	SMOKING	08	08=Light  tobacco  smoker	smoking	4275495	08	Light tobacco smoker	4209585
VITAL	SMOKING	06	06=Unknown  if  ever  smoked	smoking	4275495	06	Unknown if ever smoked	4141786
VITAL	SMOKING	03	03=Former  smoker	smoking	4275495	03	Former smoker	4310250
VITAL	TOBACCO	03	03=Quit/former  user	tobacco	4005823	03	Quit/Former smoker	45765917
VITAL	SMOKING	04	04=Never  smoker	smoking	4275495	04	Never smoker	4144272
VITAL	TOBACCO	04	04=Passive  or  environmental  exposure	tobacco	4005823	04	Passive or environmental exposure	4030580
VITAL	SMOKING	05	05=Smoker,  current  status  unknown	smoking	4275495	05	Smoker current status unknown	4298794
VITAL	SMOKING	02	02=Current  some  day  smoker	smoking	4275495	02	Current someday smoker	4.28E+14
VITAL	TOBACCO	02	02=Never	tobacco	4005823	02	Never	45765920
VITAL	SMOKING	01	01=Current  every  day  smoker	smoking	4275495	01	Current everyday smoker	42709996
VITAL	TOBACCO	01	01=Current  user	tobacco	4005823	01	Current user	4005823
DISPENSING	DISPENSE DOSE DISP UNIT	cm	centimeter	Dose unit	8582	cm	centimeter	
DISPENSING	DISPENSE DOSE DISP UNIT	g/h	gram per hour	Dose unit	44777594	g/h	gram per hour	
DISPENSING	DISPENSE DOSE DISP UNIT	g/kg	gram per kilogram	Dose unit	9512	g/kg	gram per kilogram	
DISPENSING	DISPENSE DOSE DISP UNIT	g/m2	gram per square meter	Dose unit	9513	g/m2	gram per square meter	
DISPENSING	DISPENSE DOSE DISP UNIT	g	gram	Dose unit	8504	g	gram	
DISPENSING	DISPENSE DOSE DISP UNIT	[IU]/h	international unit per hour	Dose unit	9687	[IU]/h	international unit per hour	
DISPENSING	DISPENSE DOSE DISP UNIT	[IU]/kg	international unit per kilogram	Dose unit	9335	[IU]/kg	international unit per kilogram	
DISPENSING	DISPENSE DOSE DISP UNIT	[IU]/kg/h	international unit per kilogram per hour	Dose unit		[IU]/kg/h		
DISPENSING	DISPENSE DOSE DISP UNIT	[IU]/mL	international unit per milliliter	Dose unit	8985	[IU]/mL	international unit per milliliter	
DISPENSING	DISPENSE DOSE DISP UNIT	[IU]/min	international unit per minute	Dose unit		[IU]/min		
DISPENSING	DISPENSE DOSE DISP UNIT	ug	microgram	Dose unit	9655	ug	microgram	
DISPENSING	DISPENSE DOSE DISP UNIT	ug/d	microgram per day	Dose unit	8906	ug/d	microgram per 24 hours	
DISPENSING	DISPENSE DOSE DISP UNIT	ug/h	microgram per hour	Dose unit	44777645	ug/h	microgram per hour	
DISPENSING	DISPENSE DOSE DISP UNIT	ug/m2	microgram per square meter	Dose unit	9663	ug/m2	microgram per square meter	
DISPENSING	DISPENSE DOSE DISP UNIT	meq	milliequivalent	Dose unit	9551	meq	milliequivalent	
DISPENSING	DISPENSE DOSE DISP UNIT	meq/kg	milliequivalent per kilogram	Dose unit	9556	meq/kg	milliequivalent per kilogram	
DISPENSING	DISPENSE DOSE DISP UNIT	mg	milligram	Dose unit	8576	mg	milligram	
DISPENSING	DISPENSE DOSE DISP UNIT	mg/kg	milligram per kilogram	Dose unit	9562	mg/kg	milligram per kilogram	
DISPENSING	DISPENSE DOSE DISP UNIT	mg/kg/d	milligram per kilogram per day	Dose unit		mg/kg/d		
DISPENSING	DISPENSE DOSE DISP UNIT	mg/m2	milligram per square meter	Dose unit	9563	mg/m2	milligram per square meter	
DISPENSING	DISPENSE DOSE DISP UNIT	mg/mL	milligram per milliliter	Dose unit	8861	mg/mL	milligram per milliliter	
DISPENSING	DISPENSE DOSE DISP UNIT	mL	milliliter	Dose unit	8587	mL	milliliter	
DISPENSING	DISPENSE DOSE DISP UNIT	mL/h	milliliter per hour	Dose unit	44777613	mL/h	milliliter per hour	
DISPENSING	DISPENSE DOSE DISP UNIT	mL/kg	milliliter per kilogram	Dose unit	9571	mL/kg	milliliter per kilogram	
DISPENSING	DISPENSE DOSE DISP UNIT	mL/m2	milliliter per square meter	Dose unit		mL/m2		
DISPENSING	DISPENSE DOSE DISP UNIT	mmol	millimole	Dose unit	9573	mmol	millimole	
DISPENSING	DISPENSE DOSE DISP UNIT	10*6.[IU]	million international unit	Dose unit		10*6.[IU]		
DISPENSING	DISPENSE DOSE DISP UNIT	ng/kg/min	nanogram per kilogram per minute	Dose unit		ng/kg/min		
DISPENSING	DISPENSE DOSE DISP UNIT	/[IU]	per international unit	Dose unit		/[IU]		
DISPENSING	DISPENSE DOSE DISP UNIT	/[IU]/mL	per international unit per milliliter	Dose unit		/[IU]/mL		
DISPENSING	DISPENSE DOSE DISP UNIT	%	percent	Dose unit	8554	%	percent	
DISPENSING	DISPENSE DOSE DISP UNIT	ug/kg/h	microgram per kilogram per hour	Dose unit	9690	ug/kg/h	microgram per kilogram per hour	
DISPENSING	DISPENSE DOSE DISP UNIT	ug/kg/min	microgram per kilogram per minute	Dose unit		ug/kg/min		
DISPENSING	DISPENSE DOSE DISP UNIT	ug/min	microgram per minute	Dose unit	8774	ug/min	microgram per minute	
DISPENSING	DISPENSE DOSE DISP UNIT	meq/kg/h	milliequivalent per kilogram per hour	Dose unit		meq/kg/h		
DISPENSING	DISPENSE DOSE DISP UNIT	mg/h	milligram per hour	Dose unit	44777610	mg/h	milligram per hour	
DISPENSING	DISPENSE DOSE DISP UNIT	mg/kg/h	milligram per kilogram per hour	Dose unit	9691	mg/kg/h	milligram per kilogram per hour	
DISPENSING	DISPENSE DOSE DISP UNIT	mg/kg/min	milligram per kilogram per minute	Dose unit	9692	mg/kg/min	milligram per kilogram per minute	
DISPENSING	DISPENSE DOSE DISP UNIT	mL/kg/h	milliliter per kilogram per hour	Dose unit		mL/kg/h		
DISPENSING	DISPENSE DOSE DISP UNIT	mmol/kg	millimole per kilogram	Dose unit	9577	mmol/kg	millimole per kilogram	
DISPENSING	DISPENSE DOSE DISP UNIT	[oz_av]	ounce (US and British)	Dose unit	9304	[oz_av]	fluid ounce (US)	
DISPENSING	DISPENSE DOSE DISP UNIT	ug/kg	microgram per kilogram	Dose unit	9662	ug/kg	microgram per kilogram	
ENCOUNTER	FACILITY TYPE	ADULT_DAY_CARE_CENTER	ADULT_DAY_CARE_CENTER=OTHER_CARE_SITE-subset	Facility type	8882	ADULT_DAY_CARE_CENTER	Adult Living Care Facility	
ENCOUNTER	FACILITY TYPE	AMBULANCE_BASED_CARE	AMBULANCE_BASED_CARE=OTHER_OUTPATIENT_CARE_SITE-subset	Facility type	8850	AMBULANCE_BASED_CARE	Ambulance - Air or Water	
ENCOUNTER	FACILITY TYPE	AMBULATORY_SURGERY_CENTER	AMBULATORY_SURGERY_CENTER=CLINIC/CENTER_AMBULATORY_OUTPATIENT_CARE-subset	Facility type	8883	AMBULATORY_SURGERY_CENTER	Ambulatory Surgical Center	
ENCOUNTER	FACILITY TYPE	CARE_OF_THE_ELDERLY_DAY_HOSPITAL	CARE_OF_THE_ELDERLY_DAY_HOSPITAL=CLINIC/CENTER_AMBULATORY_OUTPATIENT_CARE-subset	Facility type		CARE_OF_THE_ELDERLY_DAY_HOSPITAL		
ENCOUNTER	FACILITY TYPE	CHILD_DAY_CARE_CENTER	CHILD_DAY_CARE_CENTER=OTHER_CARE_SITE-subset	Facility type		CHILD_DAY_CARE_CENTER		
ENCOUNTER	FACILITY TYPE	CONTAINED_CASUALTY_SETTING	CONTAINED_CASUALTY_SETTING=OTHER_OUTPATIENT_CARE_SITE-subset	Facility type		CONTAINED_CASUALTY_SETTING		
ENCOUNTER	FACILITY TYPE	DIALYSIS_UNIT_HOSPITAL	DIALYSIS_UNIT_HOSPITAL=HOSPITAL_OUTPATIENT_CLINIC-AMBULATORY_CARE-subset	Facility type		DIALYSIS_UNIT_HOSPITAL		
ENCOUNTER	FACILITY TYPE	ELDERLY_ASSESSMENT_CLINIC	ELDERLY_ASSESSMENT_CLINIC=CLINIC/CENTER_AMBULATORY_OUTPATIENT_CARE-subset	Facility type		ELDERLY_ASSESSMENT_CLINIC		
ENCOUNTER	FACILITY TYPE	EMERGENCY_DEPARTMENT_HOSPITAL	EMERGENCY_DEPARTMENT_HOSPITAL=HOSPITAL_OUTPATIENT_CLINIC-AMBULATORY_CARE-subset	Facility type	8870	EMERGENCY_DEPARTMENT_HOSPITAL	Emergency Room - Hospital	
ENCOUNTER	FACILITY TYPE	FEE_FOR_SERVICE_PRIVATE_PHYSICIANS_GROUP_OFFICE	FEE_FOR_SERVICE_PRIVATE_PHYSICIANS_GROUP_OFFICE=INDEPENDENT_PROVIDER_OF_OUTPATIENT_AMBULATORY_CARE-subset	Facility type		FEE_FOR_SERVICE_PRIVATE_PHYSICIANS_GROUP_OFFICE		
ENCOUNTER	FACILITY TYPE	FREE_STANDING_AMBULATORY_SURGERY_FACILITY	FREE_STANDING_AMBULATORY_SURGERY_FACILITY=CLINIC/CENTER_AMBULATORY_OUTPATIENT_CARE-subset	Facility type		FREE_STANDING_AMBULATORY_SURGERY_FACILITY		
ENCOUNTER	FACILITY TYPE	FREE_STANDING_BIRTHING_CENTER	FREE_STANDING_BIRTHING_CENTER=CLINIC/CENTER_AMBULATORY_OUTPATIENT_CARE-subset	Facility type		FREE_STANDING_BIRTHING_CENTER		
ENCOUNTER	FACILITY TYPE	FREE_STANDING_GERIATRIC_HEALTH_CENTER	FREE_STANDING_GERIATRIC_HEALTH_CENTER=CLINIC/CENTER_AMBULATORY_OUTPATIENT_CARE-subset	Facility type		FREE_STANDING_GERIATRIC_HEALTH_CENTER		
ENCOUNTER	FACILITY TYPE	FREE_STANDING_LABORATORY_FACILITY	FREE_STANDING_LABORATORY_FACILITY=CLINIC/CENTER_AMBULATORY_OUTPATIENT_CARE-subset	Facility type		FREE_STANDING_LABORATORY_FACILITY		
ENCOUNTER	FACILITY TYPE	FREE_STANDING_MENTAL_HEALTH_CENTER	FREE_STANDING_MENTAL_HEALTH_CENTER=CLINIC/CENTER_AMBULATORY_OUTPATIENT_CARE-subset	Facility type		FREE_STANDING_MENTAL_HEALTH_CENTER		
ENCOUNTER	FACILITY TYPE	FREE_STANDING_RADIOLOGY_FACILITY	FREE_STANDING_RADIOLOGY_FACILITY=CLINIC/CENTER_AMBULATORY_OUTPATIENT_CARE-subset	Facility type		FREE_STANDING_RADIOLOGY_FACILITY		
ENCOUNTER	FACILITY TYPE	HEALTH_ENCOUNTER_SITE_NOT_LISTED	HEALTH_ENCOUNTER_SITE_NOT_LISTED=OTHER_CARE_SITE-subset	Facility type		HEALTH_ENCOUNTER_SITE_NOT_LISTED		
ENCOUNTER	FACILITY TYPE	HEALTH_MAINTENANCE_ORGANIZATION	HEALTH_MAINTENANCE_ORGANIZATION=CLINIC/CENTER_AMBULATORY_OUTPATIENT_CARE-subset	Facility type		HEALTH_MAINTENANCE_ORGANIZATION		
ENCOUNTER	FACILITY TYPE	HELICOPTER_BASED_CARE	HELICOPTER_BASED_CARE=OTHER_OUTPATIENT_CARE_SITE-subset	Facility type		HELICOPTER_BASED_CARE		
ENCOUNTER	FACILITY TYPE	HOSPICE_FACILITY	HOSPICE_FACILITY=INPATIENT_HEALTH_FACILITY_CARE-subset	Facility type	8546	HOSPICE_FACILITY	Hospice	
ENCOUNTER	FACILITY TYPE	HOSPITAL_AMBULATORY_SURGERY_FACILITY	HOSPITAL_AMBULATORY_SURGERY_FACILITY=HOSPITAL_OUTPATIENT_CLINIC-AMBULATORY_CARE-subset	Facility type	8883	HOSPITAL_AMBULATORY_SURGERY_FACILITY	Ambulatory Surgical Center	
ENCOUNTER	FACILITY TYPE	HOSPITAL_BASED_OUTPATIENT_CLINIC_OR_DEPARTMENT_OTHER	HOSPITAL_BASED_OUTPATIENT_CLINIC_OR_DEPARTMENT_OTHER=HOSPITAL_OUTPATIENT_CLINIC-AMBULATORY_CARE-subset	Facility type		HOSPITAL_BASED_OUTPATIENT_CLINIC_OR_DEPARTMENT_OTHER		
ENCOUNTER	FACILITY TYPE	HOSPITAL_BIRTHING_CENTER	HOSPITAL_BIRTHING_CENTER=HOSPITAL_OUTPATIENT_CLINIC-AMBULATORY_CARE-subset	Facility type	8650	HOSPITAL_BIRTHING_CENTER	Birthing Center	
ENCOUNTER	FACILITY TYPE	HOSPITAL_COMMUNITY	HOSPITAL_COMMUNITY=INPATIENT_HEALTH_FACILITY_CARE-subset	Facility type		HOSPITAL_COMMUNITY		
ENCOUNTER	FACILITY TYPE	HOSPITAL_GOVERNMENT	HOSPITAL_GOVERNMENT=INPATIENT_HEALTH_FACILITY_CARE-subset	Facility type		HOSPITAL_GOVERNMENT		
ENCOUNTER	FACILITY TYPE	HOSPITAL_MILITARY_FIELD	HOSPITAL_MILITARY_FIELD=INPATIENT_HEALTH_FACILITY_CARE-subset	Facility type	8905	HOSPITAL_MILITARY_FIELD	Military Treatment Facility	
ENCOUNTER	FACILITY TYPE	HOSPITAL_OUTPATIENT_CARDIOLOGY_CLINIC	HOSPITAL_OUTPATIENT_CARDIOLOGY_CLINIC=HOSPITAL_OUTPATIENT_CLINIC-AMBULATORY_CARE-subset	Facility type	8756	HOSPITAL_OUTPATIENT_CARDIOLOGY_CLINIC	Outpatient Hospital Cardiology	45756805
ENCOUNTER	FACILITY TYPE	HOSPITAL_OUTPATIENT_DENTAL_CLINIC	HOSPITAL_OUTPATIENT_DENTAL_CLINIC=HOSPITAL_OUTPATIENT_CLINIC-AMBULATORY_CARE-subset	Facility type	9202	HOSPITAL_OUTPATIENT_DENTAL_CLINIC	Ambulatory Visit	38004218
ENCOUNTER	FACILITY TYPE	HOSPITAL_OUTPATIENT_ENDOCRINOLOGY_CLINIC	HOSPITAL_OUTPATIENT_ENDOCRINOLOGY_CLINIC=HOSPITAL_OUTPATIENT_CLINIC-AMBULATORY_CARE-subset	Facility type	9202	HOSPITAL_OUTPATIENT_ENDOCRINOLOGY_CLINIC	Ambulatory Visit	38004485
ENCOUNTER	FACILITY TYPE	HOSPITAL_OUTPATIENT_GASTROENTEROLOGY_CLINIC	HOSPITAL_OUTPATIENT_GASTROENTEROLOGY_CLINIC=HOSPITAL_OUTPATIENT_CLINIC-AMBULATORY_CARE-subset	Facility type	9202	HOSPITAL_OUTPATIENT_GASTROENTEROLOGY_CLINIC	Ambulatory Visit	38004455
ENCOUNTER	FACILITY TYPE	HOSPITAL_OUTPATIENT_GENERAL_SURGERY_CLINIC	HOSPITAL_OUTPATIENT_GENERAL_SURGERY_CLINIC=HOSPITAL_OUTPATIENT_CLINIC-AMBULATORY_CARE-subset	Facility type	9202	HOSPITAL_OUTPATIENT_GENERAL_SURGERY_CLINIC	Ambulatory Visit	38004447
ENCOUNTER	FACILITY TYPE	HOSPITAL_OUTPATIENT_GERIATRIC_HEALTH_CENTER	HOSPITAL_OUTPATIENT_GERIATRIC_HEALTH_CENTER=HOSPITAL_OUTPATIENT_CLINIC-AMBULATORY_CARE-subset	Facility type	9202	HOSPITAL_OUTPATIENT_GERIATRIC_HEALTH_CENTER	Ambulatory Visit	38004478
ENCOUNTER	FACILITY TYPE	HOSPITAL_OUTPATIENT_HEMATOLOGY_CLINIC	HOSPITAL_OUTPATIENT_HEMATOLOGY_CLINIC=HOSPITAL_OUTPATIENT_CLINIC-AMBULATORY_CARE-subset	Facility type	9202	HOSPITAL_OUTPATIENT_HEMATOLOGY_CLINIC	Ambulatory Visit	38004501
ENCOUNTER	FACILITY TYPE	HOSPITAL_OUTPATIENT_HEMONC_CLINIC	HOSPITAL_OUTPATIENT_HEMONC_CLINIC=HOSPITAL_OUTPATIENT_CLINIC-AMBULATORY_CARE-subset	Facility type	8756	HOSPITAL_OUTPATIENT_HEMONC_CLINIC	outpatient hospital Hematology Oncology	45756811
ENCOUNTER	FACILITY TYPE	HOSPITAL_OUTPATIENT_INFECTIOUS_DISEASE_CLINIC	HOSPITAL_OUTPATIENT_INFECTIOUS_DISEASE_CLINIC=HOSPITAL_OUTPATIENT_CLINIC-AMBULATORY_CARE-subset	Facility type	9202	HOSPITAL_OUTPATIENT_INFECTIOUS_DISEASE_CLINIC	Ambulatory Visit	38004484
ENCOUNTER	FACILITY TYPE	HOSPITAL_OUTPATIENT_MENTAL_HEALTH_CENTER	HOSPITAL_OUTPATIENT_MENTAL_HEALTH_CENTER=HOSPITAL_OUTPATIENT_CLINIC-AMBULATORY_CARE-subset	Facility type	9202	HOSPITAL_OUTPATIENT_MENTAL_HEALTH_CENTER	Ambulatory Visit	38004230
ENCOUNTER	FACILITY TYPE	HOSPITAL_OUTPATIENT_NEUROLOGY_CLINIC	HOSPITAL_OUTPATIENT_NEUROLOGY_CLINIC=HOSPITAL_OUTPATIENT_CLINIC-AMBULATORY_CARE-subset	Facility type	9202	HOSPITAL_OUTPATIENT_NEUROLOGY_CLINIC	Ambulatory Visit	38004458
ENCOUNTER	FACILITY TYPE	HOSPITAL_OUTPATIENT_NEUROSURGERY_CLINIC	HOSPITAL_OUTPATIENT_NEUROSURGERY_CLINIC=HOSPITAL_OUTPATIENT_CLINIC-AMBULATORY_CARE-subset	Facility type	8756	HOSPITAL_OUTPATIENT_NEUROSURGERY_CLINIC	Outpatient Hospital Neurosurgery	38004459
ENCOUNTER	FACILITY TYPE	HOSPITAL_OUTPATIENT_OBGYN_CLINIC	HOSPITAL_OUTPATIENT_OBGYN_CLINIC=HOSPITAL_OUTPATIENT_CLINIC-AMBULATORY_CARE-subset	Facility type	8756	HOSPITAL_OUTPATIENT_OBGYN_CLINIC	Obstetrics and Gynecology	38004461
ENCOUNTER	FACILITY TYPE	HOSPITAL_OUTPATIENT_ONCOLOGY_CLINIC	HOSPITAL_OUTPATIENT_ONCOLOGY_CLINIC=HOSPITAL_OUTPATIENT_CLINIC-AMBULATORY_CARE-subset	Facility type	9202	HOSPITAL_OUTPATIENT_ONCOLOGY_CLINIC	Ambulatory Visit	38004507
ENCOUNTER	FACILITY TYPE	HOSPITAL_OUTPATIENT_OPHTHALMOLOGY_CLINIC	HOSPITAL_OUTPATIENT_OPHTHALMOLOGY_CLINIC=HOSPITAL_OUTPATIENT_CLINIC-AMBULATORY_CARE-subset	Facility type	9202	HOSPITAL_OUTPATIENT_OPHTHALMOLOGY_CLINIC	Ambulatory Visit	38004463
ENCOUNTER	FACILITY TYPE	HOSPITAL_OUTPATIENT_ORTHOPEDICS_CLINIC	HOSPITAL_OUTPATIENT_ORTHOPEDICS_CLINIC=HOSPITAL_OUTPATIENT_CLINIC-AMBULATORY_CARE-subset	Facility type	9202	HOSPITAL_OUTPATIENT_ORTHOPEDICS_CLINIC	Ambulatory Visit	45756794
ENCOUNTER	FACILITY TYPE	HOSPITAL_OUTPATIENT_PEDIATRIC_CLINIC	HOSPITAL_OUTPATIENT_PEDIATRIC_CLINIC=HOSPITAL_OUTPATIENT_CLINIC-AMBULATORY_CARE-subset	Facility type	9202	HOSPITAL_OUTPATIENT_PEDIATRIC_CLINIC	Ambulatory Visit	38004477
ENCOUNTER	FACILITY TYPE	HOSPITAL_OUTPATIENT_PERIPHERAL_VASCULAR_CLINIC	HOSPITAL_OUTPATIENT_PERIPHERAL_VASCULAR_CLINIC=HOSPITAL_OUTPATIENT_CLINIC-AMBULATORY_CARE-subset	Facility type	9202	HOSPITAL_OUTPATIENT_PERIPHERAL_VASCULAR_CLINIC	Ambulatory Visit	38004495
ENCOUNTER	FACILITY TYPE	HOSPITAL_OUTPATIENT_REHABILITATION_CLINIC	HOSPITAL_OUTPATIENT_REHABILITATION_CLINIC=HOSPITAL_OUTPATIENT_CLINIC-AMBULATORY_CARE-subset	Facility type	9202	HOSPITAL_OUTPATIENT_REHABILITATION_CLINIC	Ambulatory Visit	45756817
ENCOUNTER	FACILITY TYPE	HOSPITAL_OUTPATIENT_RESPIRATORY_DISEASE_CLINIC	HOSPITAL_OUTPATIENT_RESPIRATORY_DISEASE_CLINIC=HOSPITAL_OUTPATIENT_CLINIC-AMBULATORY_CARE-subset	Facility type	9202	HOSPITAL_OUTPATIENT_RESPIRATORY_DISEASE_CLINIC	Ambulatory Visit	
ENCOUNTER	FACILITY TYPE	HOSPITAL_OUTPATIENT_RHEUMATOLOGY_CLINIC	HOSPITAL_OUTPATIENT_RHEUMATOLOGY_CLINIC=HOSPITAL_OUTPATIENT_CLINIC-AMBULATORY_CARE-subset	Facility type	9202	HOSPITAL_OUTPATIENT_RHEUMATOLOGY_CLINIC	Ambulatory Visit	38004491
ENCOUNTER	FACILITY TYPE	HOSPITAL_OUTPATIENT_UROLOGY_CLINIC	HOSPITAL_OUTPATIENT_UROLOGY_CLINIC=HOSPITAL_OUTPATIENT_CLINIC-AMBULATORY_CARE-subset	Facility type	9202	HOSPITAL_OUTPATIENT_UROLOGY_CLINIC	Ambulatory Visit	43125861
ENCOUNTER	FACILITY TYPE	HOSPITAL_PRISON	HOSPITAL_PRISON=INPATIENT_HEALTH_FACILITY_CARE-subset	Facility type	38003619	HOSPITAL_PRISON	Prison/Correctional Facility	
ENCOUNTER	FACILITY TYPE	HOSPITAL_PSYCHIATRIC	HOSPITAL_PSYCHIATRIC=INPATIENT_HEALTH_FACILITY_CARE-subset	Facility type	8971	HOSPITAL_PSYCHIATRIC	Inpatient Psychiatric Facility	
ENCOUNTER	FACILITY TYPE	HOSPITAL_RADIOLOGY_FACILITY	HOSPITAL_RADIOLOGY_FACILITY=HOSPITAL_OUTPATIENT_CLINIC-AMBULATORY_CARE-subset	Facility type	9202	HOSPITAL_RADIOLOGY_FACILITY	Ambulatory Visit	45756825
ENCOUNTER	FACILITY TYPE	HOSPITAL_REHABILITATION	HOSPITAL_REHABILITATION=INPATIENT_HEALTH_FACILITY_CARE-subset	Facility type	8920	HOSPITAL_REHABILITATION	Comprehensive Inpatient Rehabilitation Facility	
ENCOUNTER	FACILITY TYPE	HOSPITAL_SHIP	HOSPITAL_SHIP=OTHER_OUTPATIENT_CARE_SITE-subset	Facility type		HOSPITAL_SHIP		
ENCOUNTER	FACILITY TYPE	HOSPITAL_TRAUMA_CENTER	HOSPITAL_TRAUMA_CENTER=INPATIENT_HEALTH_FACILITY_CARE-subset	Facility type		HOSPITAL_TRAUMA_CENTER		
ENCOUNTER	FACILITY TYPE	HOSPITAL_VETERANS_ADMINISTRATION	HOSPITAL_VETERANS_ADMINISTRATION=INPATIENT_HEALTH_FACILITY_CARE-subset	Facility type		HOSPITAL_VETERANS_ADMINISTRATION		
ENCOUNTER	FACILITY TYPE	INDEPENDENT_AMBULATORY_CARE_PROVIDER_SITE_OTHER	INDEPENDENT_AMBULATORY_CARE_PROVIDER_SITE_OTHER=INDEPENDENT_PROVIDER_OF_OUTPATIENT_AMBULATORY_CARE-subset	Facility type	8716	INDEPENDENT_AMBULATORY_CARE_PROVIDER_SITE_OTHER	Independent Clinic	
ENCOUNTER	FACILITY TYPE	LOCAL_COMMUNITY_HEALTH_CENTER	LOCAL_COMMUNITY_HEALTH_CENTER=CLINIC/CENTER_AMBULATORY_OUTPATIENT_CARE-subset	Facility type		LOCAL_COMMUNITY_HEALTH_CENTER		
ENCOUNTER	FACILITY TYPE	NURSING_HOME	NURSING_HOME=INPATIENT_HEALTH_FACILITY_CARE-subset	Facility type	8676	NURSING_HOME	Nursing Facility	
ENCOUNTER	FACILITY TYPE	PRIVATE_PHYSICIANS_GROUP_OFFICE	PRIVATE_PHYSICIANS_GROUP_OFFICE=INDEPENDENT_PROVIDER_OF_OUTPATIENT_AMBULATORY_CARE-subset	Facility type	8940	PRIVATE_PHYSICIANS_GROUP_OFFICE	Office	
ENCOUNTER	FACILITY TYPE	PRIVATE_RESIDENTIAL_HOME	PRIVATE_RESIDENTIAL_HOME=OTHER_CARE_SITE-subset	Facility type	8536	PRIVATE_RESIDENTIAL_HOME	Home	
ENCOUNTER	FACILITY TYPE	PSYCHOGERIATRIC_DAY_HOSPITAL	PSYCHOGERIATRIC_DAY_HOSPITAL=CLINIC/CENTER_AMBULATORY_OUTPATIENT_CARE-subset	Facility type		PSYCHOGERIATRIC_DAY_HOSPITAL		
ENCOUNTER	FACILITY TYPE	RESIDENTIAL_INSTITUTION	RESIDENTIAL_INSTITUTION=OTHER_CARE_SITE-subset	Facility type		RESIDENTIAL_INSTITUTION		
ENCOUNTER	FACILITY TYPE	RESIDENTIAL_SCHOOL_INFIRMARY	RESIDENTIAL_SCHOOL_INFIRMARY=CLINIC/CENTER_AMBULATORY_OUTPATIENT_CARE-subset	Facility type	8537	RESIDENTIAL_SCHOOL_INFIRMARY	School	
ENCOUNTER	FACILITY TYPE	RURAL_HEALTH_CENTER	RURAL_HEALTH_CENTER=CLINIC/CENTER_AMBULATORY_OUTPATIENT_CARE-subset	Facility type	8761	RURAL_HEALTH_CENTER	Rural Health Clinic	
ENCOUNTER	FACILITY TYPE	SEXUALLY_TRANSMITTED_DISEASE_HEALTH_CENTER	SEXUALLY_TRANSMITTED_DISEASE_HEALTH_CENTER=CLINIC/CENTER_AMBULATORY_OUTPATIENT_CARE-subset	Facility type		SEXUALLY_TRANSMITTED_DISEASE_HEALTH_CENTER		
ENCOUNTER	FACILITY TYPE	SKILLED_NURSING_FACILITY	SKILLED_NURSING_FACILITY=INPATIENT_HEALTH_FACILITY_CARE-subset	Facility type	8863	SKILLED_NURSING_FACILITY	Skilled Nursing Facility	
ENCOUNTER	FACILITY TYPE	SUBSTANCE_ABUSE_TREATMENT_CENTER	SUBSTANCE_ABUSE_TREATMENT_CENTER=CLINIC/CENTER_AMBULATORY_OUTPATIENT_CARE-subset	Facility type	8974	SUBSTANCE_ABUSE_TREATMENT_CENTER	Non-residential Substance Abuse Treatment Facility	
ENCOUNTER	FACILITY TYPE	TRAVELERS_AID_CLINIC	TRAVELERS_AID_CLINIC=OTHER_OUTPATIENT_CARE_SITE-subset	Facility type		TRAVELERS_AID_CLINIC		
ENCOUNTER	FACILITY TYPE	VACCINATION_CLINIC	VACCINATION_CLINIC=CLINIC/CENTER_AMBULATORY_OUTPATIENT_CARE-subset	Facility type		VACCINATION_CLINIC		
ENCOUNTER	FACILITY TYPE	WALK_IN_CLINIC	WALK_IN_CLINIC=CLINIC/CENTER_AMBULATORY_OUTPATIENT_CARE-subset	Facility type	38003620	WALK_IN_CLINIC	Walk-in Retail Health Clinic	
ENCOUNTER	FACILITY TYPE	NI	NI=No  information	Facility type	44814650	NI	No information	
ENCOUNTER	FACILITY TYPE	UN	UN=Unknown	Facility type	44814653	UN	Unknown	
ENCOUNTER	FACILITY TYPE	OT	OT=Other	Facility type	44814649	OT	Other	
ENCOUNTER	FACILITY TYPE	HOSPITAL_CHILDRENS	HOSPITAL_CHILDRENS=INPATIENT_HEALTH_FACILITY_CARE-subset	Facility type		HOSPITAL_CHILDRENS		
ENCOUNTER	FACILITY TYPE	HOSPITAL_LONG_TERM_CARE	HOSPITAL_LONG_TERM_CARE=INPATIENT_HEALTH_FACILITY_CARE-subset	Facility type	42898160	HOSPITAL_LONG_TERM_CARE	long term care visit	
ENCOUNTER	FACILITY TYPE	HOSPITAL_OUTPATIENT_DERMATOLOGY_CLINIC	HOSPITAL_OUTPATIENT_DERMATOLOGY_CLINIC=HOSPITAL_OUTPATIENT_CLINIC-AMBULATORY_CARE-subset	Facility type	9202	HOSPITAL_OUTPATIENT_DERMATOLOGY_CLINIC	Ambulatory Visit	38004452
ENCOUNTER	FACILITY TYPE	HOSPITAL_OUTPATIENT_FAMILY_MEDICINE_CLINIC	HOSPITAL_OUTPATIENT_FAMILY_MEDICINE_CLINIC=HOSPITAL_OUTPATIENT_CLINIC-AMBULATORY_CARE-subset	Facility type	9202	HOSPITAL_OUTPATIENT_FAMILY_MEDICINE_CLINIC	Ambulatory Visit	38004453
ENCOUNTER	FACILITY TYPE	HOSPITAL_OUTPATIENT_PAIN_CLINIC	HOSPITAL_OUTPATIENT_PAIN_CLINIC=HOSPITAL_OUTPATIENT_CLINIC-AMBULATORY_CARE-subset	Facility type	9202	HOSPITAL_OUTPATIENT_PAIN_CLINIC	Ambulatory Visit	38004494
ENCOUNTER	FACILITY TYPE	SOLO_PRACTICE_PRIVATE_OFFICE	SOLO_PRACTICE_PRIVATE_OFFICE=INDEPENDENT_PROVIDER_OF_OUTPATIENT_AMBULATORY_CARE-subset	Facility type		SOLO_PRACTICE_PRIVATE_OFFICE		
ENCOUNTER	FACILITY TYPE	SPORTS_FACILITY	SPORTS_FACILITY=OTHER_CARE_SITE-subset	Facility type		SPORTS_FACILITY		
VITAL	BP POSITION	NI	NI=No  information	BP Position	44814650	NI	No information	NULL
VITAL	BP POSITION	UN	UN=Unknown	BP Position	44814653	UN	Unknown	NULL
VITAL	BP POSITION	OT	OT=Other	BP Position	44814649	OT	Other	NULL
VITAL	BP POSITION	03	03=Supine	BP Position	3009395	03	Supine (Systolic)	NULL
VITAL	TOBACCO TYPE	03	03=Use  of  both  smoked  and  non-smoked  tobacco  products	tobacco type	4219336	03	Chewing tobacco	4219234
VITAL	TOBACCO TYPE	04	04=None	tobacco type	4219336	04	None	4218917
VITAL	TOBACCO TYPE	NI	NI=No  information	tobacco type	4219336	NI	No information	44814650
VITAL	TOBACCO TYPE	UN	UN=Unknown	tobacco type	4219336	UN	Unknown	44814653
VITAL	TOBACCO TYPE	OT	OT=Other	tobacco type	4219336	OT	Other	44814649
VITAL	BP POSITION	02	02=Standing	BP Position	3035856	02	Standing (Systolic)	NULL
VITAL	BP POSITION	01	01=Sitting	BP Position	3018586	01	Sitting (Systolic)	NULL
VITAL	TOBACCO TYPE	01	01=Smoked  tobacco  only	tobacco type	4219336	01	Smoked tobacco only	4298794
DISPENSING	DISPENSE DOSE DISP UNIT	[tsp_us]	teaspoon (US)	Dose unit	9416	[tsp_us]	teaspoon	
DISPENSING	DISPENSE DOSE DISP UNIT	[tbs_us]	tablespoon (US)	Dose unit	9412	[tbs_us]	tablespoon	
DISPENSING	DISPENSE DOSE DISP UNIT	NI	No information	Dose unit	44814650	NI		
DISPENSING	DISPENSE DOSE DISP UNIT	UN	Unknown	Dose unit	44814653	UN		
DISPENSING	DISPENSE DOSE DISP UNIT	OT	Other	Dose unit	44814649	OT		
LAB_RESULT_CM	PRIORITY	E	E=Expedite	Lab priority	2000000059	E	Expedite	NULL
LAB_RESULT_CM	PRIORITY	R	R=Routine	Lab priority	2000000061	R	Routine	NULL
LAB_RESULT_CM	PRIORITY	S	S=Stat	Lab priority	2000000060	S	Stat	NULL
LAB_RESULT_CM	PRIORITY	NI	NI=No  information	Lab priority	44814650	NI	No Information	NULL
LAB_RESULT_CM	PRIORITY	UN	UN=Unknown	Lab priority	44814653	UN	Unknown	NULL
LAB_RESULT_CM	PRIORITY	OT	OT=Other	Lab priority	44814649	OT	Other	NULL
DISPENSING	DISPENSE ROUTE	ARTERIOVENOUS_FISTULA	ARTERIOVENOUS_FISTULA=Arteriovenous  fistula  route  (qualifier  value)	Route	44783786	ARTERIOVENOUS_FISTULA	Arteriovenous fistula route	
DISPENSING	DISPENSE ROUTE	ARTERIOVENOUS_GRAFT	ARTERIOVENOUS_GRAFT=Arteriovenous  graft  route  (qualifier  value)	Route	762840	ARTERIOVENOUS_GRAFT	Arteriovenous graft route	
DISPENSING	DISPENSE ROUTE	BODY_CAVITY	BODY_CAVITY=Body  cavity  route  (qualifier  value)	Route	4222254	BODY_CAVITY	Body cavity use	
DISPENSING	DISPENSE ROUTE	BUCCAL	BUCCAL=Buccal  route  (qualifier  value)	Route	4181897	BUCCAL	Buccal	
DISPENSING	DISPENSE ROUTE	CAUDAL	CAUDAL=Caudal  route  (qualifier  value)	Route	4220455	CAUDAL	Caudal route	
DISPENSING	DISPENSE ROUTE	COLOSTOMY	COLOSTOMY=Colostomy  route  (qualifier  value)	Route	4168047	COLOSTOMY	Colostomy route	
DISPENSING	DISPENSE ROUTE	CONJUNCTIVAL	CONJUNCTIVAL=Conjunctival  route  (qualifier  value)	Route	40486444	CONJUNCTIVAL	Conjunctival route	
DISPENSING	DISPENSE ROUTE	CUTANEOUS	CUTANEOUS=Cutaneous  route  (qualifier  value)	Route	4263689	CUTANEOUS	Cutaneous	
DISPENSING	DISPENSE ROUTE	DENTAL	DENTAL=Dental  route  (qualifier  value)	Route	4163765	DENTAL	Dental	
DISPENSING	DISPENSE ROUTE	DIGESTIVE_TRACT	DIGESTIVE_TRACT=Digestive  tract  route  (qualifier  value)	Route	40487501	DIGESTIVE_TRACT	Digestive tract route	
DISPENSING	DISPENSE ROUTE	ENDOCERVICAL	ENDOCERVICAL=Endocervical  route  (qualifier  value)	Route	4186831	ENDOCERVICAL	Endocervical	
DISPENSING	DISPENSE ROUTE	ENDOSINUSIAL	ENDOSINUSIAL=Endosinusial  route  (qualifier  value)	Route	4157756	ENDOSINUSIAL	Endosinusial	
DISPENSING	DISPENSE ROUTE	ENDOTRACHEOPULMONARY	ENDOTRACHEOPULMONARY=Endotracheopulmonary  route  (qualifier  value)	Route	4186832	ENDOTRACHEOPULMONARY	Endotracheopulmonary	
DISPENSING	DISPENSE ROUTE	ENTERAL	ENTERAL=Enteral  route  (qualifier  value)	Route	4167540	ENTERAL	Enteral route	
DISPENSING	DISPENSE ROUTE	EPIDURAL	EPIDURAL=Epidural  route  (qualifier  value)	Route	4225555	EPIDURAL	Epidural	
DISPENSING	DISPENSE ROUTE	EPILESIONAL	EPILESIONAL=Epilesional route (qualifier value)	Route	35608078	EPILESIONAL	Epilesional route	
DISPENSING	DISPENSE ROUTE	ESOPHAGOSTOMY	ESOPHAGOSTOMY=Esophagostomy  route  (qualifier  value)	Route	4172191	ESOPHAGOSTOMY	Esophagostomy route	
DISPENSING	DISPENSE ROUTE	EXTRA_AMNIOTIC	EXTRA_AMNIOTIC=Extra-amniotic  route  (qualifier  value)	Route	4186833	EXTRA_AMNIOTIC	Extraamniotic	
DISPENSING	DISPENSE ROUTE	EXTRACORPOREAL	EXTRACORPOREAL=Extracorporeal  route  (qualifier  value)	Route		EXTRACORPOREAL		
DISPENSING	DISPENSE ROUTE	EXTRACORPOREAL_HEMODIALYSIS	EXTRACORPOREAL_HEMODIALYSIS=Extracorporeal hemodialysis route (qualifier value)	Route	44801748	EXTRACORPOREAL_HEMODIALYSIS	Haemodiafiltration route	
DISPENSING	DISPENSE ROUTE	FISTULA	FISTULA=Fistula  route  (qualifier  value)	Route	4304277	FISTULA	retrograde thru fistula	
DISPENSING	DISPENSE ROUTE	GASTRO_INTESTINAL_STOMA	GASTRO_INTESTINAL_STOMA=Gastro-intestinal  stoma  route  (qualifier  value)	Route	4168665	GASTRO_INTESTINAL_STOMA	Gastro-intestinal stoma route	
DISPENSING	DISPENSE ROUTE	GASTROENTERAL	GASTROENTERAL=Gastroenteral  route  (qualifier  value)	Route	4186834	GASTROENTERAL	Gastroenteral	
DISPENSING	DISPENSE ROUTE	GASTROSTOMY	GASTROSTOMY=Gastrostomy  route  (qualifier  value)	Route	4132254	GASTROSTOMY	Gastrostomy Tube (FDB)	
DISPENSING	DISPENSE ROUTE	GINGIVAL	GINGIVAL=Gingival  route  (qualifier  value)	Route	4156704	GINGIVAL	Gingival	
DISPENSING	DISPENSE ROUTE	ILEOSTOMY	ILEOSTOMY=Ileostomy  route  (qualifier  value)	Route	4305679	ILEOSTOMY	retrograde ileostomy	
DISPENSING	DISPENSE ROUTE	INFILTRATION	INFILTRATION=Infiltration route (qualifier value)	Route	37397638	INFILTRATION	Infiltration route	
DISPENSING	DISPENSE ROUTE	INTERSTITIAL	INTERSTITIAL=Interstitial  route  (qualifier  value)	Route	4327128	INTERSTITIAL	Interstitial route	
DISPENSING	DISPENSE ROUTE	INTESTINAL	INTESTINAL=Intestinal route (qualifier value)	Route	37207459	INTESTINAL	Intestinal route	
DISPENSING	DISPENSE ROUTE	INTRA_ARTERIAL	INTRA_ARTERIAL=Intra-arterial  route  (qualifier  value)	Route	4240824	INTRA_ARTERIAL	Intraarterial	
DISPENSING	DISPENSE ROUTE	INTRA_ARTICULAR	INTRA_ARTICULAR=Intra-articular  route  (qualifier  value)	Route	4006860	INTRA_ARTICULAR	Intraarticular	
DISPENSING	DISPENSE ROUTE	INTRAABDOMINAL	INTRAABDOMINAL=Intraabdominal  route  (qualifier  value)	Route	4304882	INTRAABDOMINAL	Intraabdominal route	
DISPENSING	DISPENSE ROUTE	INTRAAMNIOTIC	INTRAAMNIOTIC=Intraamniotic  route  (qualifier  value)	Route	4163767	INTRAAMNIOTIC	Intraamniotic	
DISPENSING	DISPENSE ROUTE	INTRABILIARY	INTRABILIARY=Intrabiliary  route  (qualifier  value)	Route	3268575	INTRABILIARY	Intrabiliary route	
DISPENSING	DISPENSE ROUTE	INTRABRONCHIAL	INTRABRONCHIAL=Intrabronchial  route  (qualifier  value)	Route	3459214	INTRABRONCHIAL	Intrabronchial route	
DISPENSING	DISPENSE ROUTE	INTRABURSAL	INTRABURSAL=Intrabursal  route  (qualifier  value)	Route	4163768	INTRABURSAL	Intrabursal	
DISPENSING	DISPENSE ROUTE	INTRACAMERAL	INTRACAMERAL=Intracameral  route  (qualifier  value)	Route	4303409	INTRACAMERAL	Intracameral	
DISPENSING	DISPENSE ROUTE	INTRACARDIAC	INTRACARDIAC=Intracardiac  route  (qualifier  value)	Route	4156705	INTRACARDIAC	Intracardiac	
DISPENSING	DISPENSE ROUTE	INTRACARTILAGINOUS	INTRACARTILAGINOUS=Intracartilaginous  route  (qualifier  value)	Route	4303676	INTRACARTILAGINOUS	Intracartilaginous route	
DISPENSING	DISPENSE ROUTE	INTRACAVERNOUS	INTRACAVERNOUS=Intracavernous  route  (qualifier  value)	Route	4157757	INTRACAVERNOUS	Intracavernous	
DISPENSING	DISPENSE ROUTE	INTRACEREBRAL	INTRACEREBRAL=Intracerebral  route  (qualifier  value)	Route	40488317	INTRACEREBRAL	Intracerebral route	
DISPENSING	DISPENSE ROUTE	INTRACEREBROVENTRICULAR	INTRACEREBROVENTRICULAR=Intracerebroventricular  route  (qualifier  value)	Route	4224886	INTRACEREBROVENTRICULAR	Intracerebroventricular	
DISPENSING	DISPENSE ROUTE	INTRACHOLANGIOPANCREATIC	INTRACHOLANGIOPANCREATIC=Intracholangiopancreatic route (qualifier value)	Route	37207461	INTRACHOLANGIOPANCREATIC	Intracholangiopancreatic route	
DISPENSING	DISPENSE ROUTE	INTRACISTERNAL	INTRACISTERNAL=Intracisternal  route  (qualifier  value)	Route	4305993	INTRACISTERNAL	Intracisternal route	
DISPENSING	DISPENSE ROUTE	INTRACOLONIC	INTRACOLONIC=Intracolonic  route  (qualifier  value)	Route	40489990	INTRACOLONIC	Intracolonic route	
DISPENSING	DISPENSE ROUTE	INTRACORNEAL	INTRACORNEAL=Intracorneal  route  (qualifier  value)	Route	4305690	INTRACORNEAL	Intracorneal route	
DISPENSING	DISPENSE ROUTE	INTRACORONAL	INTRACORONAL=Intracoronal  route  (qualifier  value)	Route	4303667	INTRACORONAL	Intracoronal route	
DISPENSING	DISPENSE ROUTE	INTRACORONARY	INTRACORONARY=Intracoronary  route  (qualifier  value)	Route	4186836	INTRACORONARY	Intracoronary	
DISPENSING	DISPENSE ROUTE	INTRACORPUS_CAVERNOSUM	INTRACORPUS_CAVERNOSUM=Intracorpus  cavernosum  route  (qualifier  value)	Route	40492302	INTRACORPUS_CAVERNOSUM	Intracorporus cavernosum route	
DISPENSING	DISPENSE ROUTE	INTRACRANIAL	INTRACRANIAL=Intracranial  route  (qualifier  value)	Route	4171079	INTRACRANIAL	Intracranial route	
DISPENSING	DISPENSE ROUTE	INTRADERMAL	INTRADERMAL=Intradermal  route  (qualifier  value)	Route	4156706	INTRADERMAL	Intradermal	
DISPENSING	DISPENSE ROUTE	INTRADISCAL	INTRADISCAL=Intradiscal  route  (qualifier  value)	Route	4163769	INTRADISCAL	Intradiscal	
DISPENSING	DISPENSE ROUTE	INTRADUCTAL	INTRADUCTAL=Intraductal  route  (qualifier  value)	Route	4170083	INTRADUCTAL	Intraductal	
DISPENSING	DISPENSE ROUTE	INTRADUODENAL	INTRADUODENAL=Intraduodenal  route  (qualifier  value)	Route	4302354	INTRADUODENAL	Intraduodenal route	
DISPENSING	DISPENSE ROUTE	INTRADURAL	INTRADURAL=Intradural  route  (qualifier  value)	Route	40492288	INTRADURAL	Intradural route	
DISPENSING	DISPENSE ROUTE	INTRAEPICARDIAL	INTRAEPICARDIAL=Intraepicardial  route  (qualifier  value)	Route	40492305	INTRAEPICARDIAL	Intrapericardial route	
DISPENSING	DISPENSE ROUTE	INTRAESOPHAGEAL	INTRAESOPHAGEAL=Intraesophageal  route  (qualifier  value)	Route	40492284	INTRAESOPHAGEAL	Intraesophageal route	
DISPENSING	DISPENSE ROUTE	INTRAGASTRIC	INTRAGASTRIC=Intragastric  route  (qualifier  value)	Route	40492301	INTRAGASTRIC	Intragastric route	
DISPENSING	DISPENSE ROUTE	INTRAGINGIVAL	INTRAGINGIVAL=Intragingival  route  (qualifier  value)	Route	40492286	INTRAGINGIVAL	Intragingival route	
DISPENSING	DISPENSE ROUTE	INTRAGLANDULAR	INTRAGLANDULAR=Intraglandular route (qualifier value)	Route	703330	INTRAGLANDULAR	Intraglandular	
DISPENSING	DISPENSE ROUTE	INTRAHEPATIC	INTRAHEPATIC=Intrahepatic  route  (qualifier  value)	Route	40493258	INTRAHEPATIC	intrahepatic	
DISPENSING	DISPENSE ROUTE	INTRAILEAL	INTRAILEAL=Intraileal  route  (qualifier  value)	Route	40490837	INTRAILEAL	Intraileal route	
DISPENSING	DISPENSE ROUTE	INTRAJEJUNAL	INTRAJEJUNAL=Intrajejunal  route  (qualifier  value)	Route	40489989	INTRAJEJUNAL	Intrajejunal route	
DISPENSING	DISPENSE ROUTE	INTRALESIONAL	INTRALESIONAL=Intralesional  route  (qualifier  value)	Route	4157758	INTRALESIONAL	Intralesional	
DISPENSING	DISPENSE ROUTE	INTRALINGUAL	INTRALINGUAL=Intralingual  route  (qualifier  value)	Route	40493227	INTRALINGUAL	Intralingual route	
DISPENSING	DISPENSE ROUTE	INTRALUMINAL	INTRALUMINAL=Intraluminal  route  (qualifier  value)	Route	4292410	INTRALUMINAL	Intraluminal route	
DISPENSING	DISPENSE ROUTE	INTRALYMPHATIC	INTRALYMPHATIC=Intralymphatic  route  (qualifier  value)	Route	4157759	INTRALYMPHATIC	Intralymphatic	
DISPENSING	DISPENSE ROUTE	INTRAMEDULLARY	INTRAMEDULLARY=Intramedullary  route  (qualifier  value)	Route	4246511	INTRAMEDULLARY	Intramedullary route	
DISPENSING	DISPENSE ROUTE	INTRAMENINGEAL	INTRAMENINGEAL=Intrameningeal  route  (qualifier  value)	Route	40492300	INTRAMENINGEAL	Intrameningeal route	
DISPENSING	DISPENSE ROUTE	INTRAMURAL	INTRAMURAL=Intramural  route  (qualifier  value)	Route	46272926	INTRAMURAL	Intramural route	
DISPENSING	DISPENSE ROUTE	INTRAMUSCULAR	INTRAMUSCULAR=Intramuscular  route  (qualifier  value)	Route	4302612	INTRAMUSCULAR	Intramuscular	
DISPENSING	DISPENSE ROUTE	INTRANEURAL	INTRANEURAL=Intraneural  route  (qualifier  value)	Route	46272911	INTRANEURAL	Intraneural  route	
DISPENSING	DISPENSE ROUTE	INTRAOCULAR	INTRAOCULAR=Intraocular  route  (qualifier  value)	Route	4157760	INTRAOCULAR	Intraocular	
DISPENSING	DISPENSE ROUTE	INTRAOSSEOUS	INTRAOSSEOUS=Intraosseous  route  (qualifier  value)	Route	4213522	INTRAOSSEOUS	Intraosseous	
DISPENSING	DISPENSE ROUTE	INTRAOVARIAN	INTRAOVARIAN=Intraovarian  route  (qualifier  value)	Route	4306657	INTRAOVARIAN	Intraovarian route	
DISPENSING	DISPENSE ROUTE	INTRAPERITONEAL	INTRAPERITONEAL=Intraperitoneal  route  (qualifier  value)	Route	4243022	INTRAPERITONEAL	Intraperitoneal	
DISPENSING	DISPENSE ROUTE	INTRAPLEURAL	INTRAPLEURAL=Intrapleural  route  (qualifier  value)	Route	4156707	INTRAPLEURAL	Intrapleural	
DISPENSING	DISPENSE ROUTE	INTRAPORTAL	INTRAPORTAL=Intraportal route (qualifier value)	Route	37207462	INTRAPORTAL	Intraportal route	
DISPENSING	DISPENSE ROUTE	INTRAPROSTATIC	INTRAPROSTATIC=Intraprostatic  route  (qualifier  value)	Route	4171725	INTRAPROSTATIC	Intraprostatic route	
DISPENSING	DISPENSE ROUTE	INTRASINAL	INTRASINAL=Intrasinal  route  (qualifier  value)	Route	4169440	INTRASINAL	Intrasinal route	
DISPENSING	DISPENSE ROUTE	INTRASPINAL	INTRASPINAL=Intraspinal  route  (qualifier  value)	Route	4302788	INTRASPINAL	intraspina	
DISPENSING	DISPENSE ROUTE	INTRASTERNAL	INTRASTERNAL=Intrasternal  route  (qualifier  value)	Route	4186837	INTRASTERNAL	Intrasternal	
DISPENSING	DISPENSE ROUTE	INTRASYNOVIAL	INTRASYNOVIAL=Intrasynovial  route  (qualifier  value)	Route	4302352	INTRASYNOVIAL	Intrasynovial route	
DISPENSING	DISPENSE ROUTE	INTRATENDINOUS	INTRATENDINOUS=Intratendinous  route  (qualifier  value)	Route	4303939	INTRATENDINOUS	Intratendinous route	
DISPENSING	DISPENSE ROUTE	INTRATESTICULAR	INTRATESTICULAR=Intratesticular  route  (qualifier  value)	Route	4171067	INTRATESTICULAR	Intratesticular route	
DISPENSING	DISPENSE ROUTE	INTRATHECAL	INTRATHECAL=Intrathecal  route  (qualifier  value)	Route	4217202	INTRATHECAL	Intrathecal	
DISPENSING	DISPENSE ROUTE	INTRATHORACIC	INTRATHORACIC=Intrathoracic  route  (qualifier  value)	Route	4167393	INTRATHORACIC	Intrathoracic route	
DISPENSING	DISPENSE ROUTE	INTRATRACHEAL	INTRATRACHEAL=Intratracheal  route  (qualifier  value)	Route	4229543	INTRATRACHEAL	Intratracheal	
DISPENSING	DISPENSE ROUTE	INTRATUMOR	INTRATUMOR=Intratumor  route  (qualifier  value)	Route	40491322	INTRATUMOR	Intratumoral	
DISPENSING	DISPENSE ROUTE	INTRATYMPANIC	INTRATYMPANIC=Intratympanic  route  (qualifier  value)	Route	4168656	INTRATYMPANIC	intratympanic	
DISPENSING	DISPENSE ROUTE	INTRAVASCULAR	INTRAVASCULAR=Intravascular  route  (qualifier  value)	Route	40492287	INTRAVASCULAR	Intravascular	
DISPENSING	DISPENSE ROUTE	INTRAVENOUS	INTRAVENOUS=Intravenous  route  (qualifier  value)	Route	4112421	INTRAVENOUS	Intravenous	
DISPENSING	DISPENSE ROUTE	INTRAVENOUS_CENTRAL	INTRAVENOUS_CENTRAL=Intravenous  central  route  (qualifier  value)	Route	4170113	INTRAVENOUS_CENTRAL	central venous line infusion	
DISPENSING	DISPENSE ROUTE	INTRAVENTRICULAR_CARDIAC	INTRAVENTRICULAR_CARDIAC=Intraventricular  route  -  cardiac  (qualifier  value)	Route	4222259	INTRAVENTRICULAR_CARDIAC	Intraventricular cardiac	
DISPENSING	DISPENSE ROUTE	INTRAVESICAL	INTRAVESICAL=Intravesical  route  (qualifier  value)	Route	4186838	INTRAVESICAL	Intravesical	
DISPENSING	DISPENSE ROUTE	INTRAVITREAL	INTRAVITREAL=Intravitreal  route  (qualifier  value)	Route	4302785	INTRAVITREAL	Intravitreal	
DISPENSING	DISPENSE ROUTE	JEJUNOSTOMY	JEJUNOSTOMY=Jejunostomy  route  (qualifier  value)	Route	4133177	JEJUNOSTOMY	Jejunostomy route	
DISPENSING	DISPENSE ROUTE	LARYNGEAL	LARYNGEAL=Laryngeal  route  (qualifier  value)	Route	4170440	LARYNGEAL	Laryngeal route	
DISPENSING	DISPENSE ROUTE	LOWER_RESPIRATORY_TRACT	LOWER_RESPIRATORY_TRACT=Lower  respiratory  tract  route  (qualifier  value)	Route	40490898	LOWER_RESPIRATORY_TRACT	Lower respiratory tract route	
DISPENSING	DISPENSE ROUTE	MUCOUS_FISTULA	MUCOUS_FISTULA=Mucous  fistula  route  (qualifier  value)	Route	4171243	MUCOUS_FISTULA	Mucus Fistula	
DISPENSING	DISPENSE ROUTE	NASAL	NASAL=Nasal  route  (qualifier  value)	Route	4128792	NASAL	Nasal	
DISPENSING	DISPENSE ROUTE	NASODUODENAL	NASODUODENAL=Nasoduodenal  route  (qualifier  value)	Route	4172316	NASODUODENAL	nasoduodenal tube	
DISPENSING	DISPENSE ROUTE	NASOGASTRIC	NASOGASTRIC=Nasogastric  route  (qualifier  value)	Route	4132711	NASOGASTRIC	Nasogastric	
DISPENSING	DISPENSE ROUTE	NASOJEJUNAL	NASOJEJUNAL=Nasojejunal  route  (qualifier  value)	Route	4305834	NASOJEJUNAL	Nasojejunal Tube	
DISPENSING	DISPENSE ROUTE	OPHTHALMIC	OPHTHALMIC=Ophthalmic  route  (qualifier  value)	Route	4184451	OPHTHALMIC	Ophthalmic	
DISPENSING	DISPENSE ROUTE	ORAL	ORAL=Oral  route  (qualifier  value)	Route	4128794	ORAL	Oral	
DISPENSING	DISPENSE ROUTE	OROGASTRIC	OROGASTRIC=Orogastric  route  (qualifier  value)	Route	4303795	OROGASTRIC	Orogastric	
DISPENSING	DISPENSE ROUTE	OROMUCOSAL	OROMUCOSAL=Oromucosal  route  (qualifier  value)	Route	4186839	OROMUCOSAL	Oromucosal	
DISPENSING	DISPENSE ROUTE	OROPHARYNGEAL	OROPHARYNGEAL=Oropharyngeal  route  (qualifier  value)	Route	4303277	OROPHARYNGEAL	oropharyngeal route	
DISPENSING	DISPENSE ROUTE	OTIC	OTIC=Otic  route  (qualifier  value)	Route	4023156	OTIC	OTIC	
DISPENSING	DISPENSE ROUTE	PARACERVICAL	PARACERVICAL=Paracervical  route  (qualifier  value)	Route	4303515	PARACERVICAL	Paracervical route	
DISPENSING	DISPENSE ROUTE	PARAVERTEBRAL	PARAVERTEBRAL=Paravertebral  route  (qualifier  value)	Route	4170267	PARAVERTEBRAL	Paravertebral	
DISPENSING	DISPENSE ROUTE	PERCUTANEOUS	PERCUTANEOUS=Percutaneous  route  (qualifier  value)	Route	4177987	PERCUTANEOUS	Percutaneous	
DISPENSING	DISPENSE ROUTE	PERIARTICULAR	PERIARTICULAR=Periarticular  route  (qualifier  value)	Route	4156708	PERIARTICULAR	Periarticular	
DISPENSING	DISPENSE ROUTE	PERIBULBAR	PERIBULBAR=Peribulbar  route  (qualifier  value)	Route	4304274	PERIBULBAR	Peribulbar route	
DISPENSING	DISPENSE ROUTE	PERIDURAL	PERIDURAL=Peridural  route  (qualifier  value)	Route	40490896	PERIDURAL	Peridural route	
DISPENSING	DISPENSE ROUTE	PERINEURAL	PERINEURAL=Perineural  route  (qualifier  value)	Route	4157761	PERINEURAL	Perineural	
DISPENSING	DISPENSE ROUTE	PERIODONTAL	PERIODONTAL=Periodontal  route  (qualifier  value)	Route	40490866	PERIODONTAL	Periodontal route	
DISPENSING	DISPENSE ROUTE	PERIOSTEAL	PERIOSTEAL=Periosteal  route  (qualifier  value)	Route	4171893	PERIOSTEAL	Periosteal route	
DISPENSING	DISPENSE ROUTE	PERITENDINOUS	PERITENDINOUS=Peritendinous  route  (qualifier  value)	Route	4305564	PERITENDINOUS	Peritendinous route	
DISPENSING	DISPENSE ROUTE	PERITUMORAL	PERITUMORAL=Peritumoral route (qualifier value)	Route	37207463	PERITUMORAL	Peritumoral route	
DISPENSING	DISPENSE ROUTE	PERIURETHRAL	PERIURETHRAL=Periurethral  route  (qualifier  value)	Route	4303646	PERIURETHRAL	Periurethral route	
DISPENSING	DISPENSE ROUTE	RESPIRATORY_TRACT	RESPIRATORY_TRACT=Respiratory  tract  route  (qualifier  value)	Route	40486069	RESPIRATORY_TRACT	Respiratory tract route	
DISPENSING	DISPENSE ROUTE	RETROBULBAR	RETROBULBAR=Retrobulbar  route  (qualifier  value)	Route	4303673	RETROBULBAR	Retrobulbar route	
DISPENSING	DISPENSE ROUTE	SUBCONJUNCTIVAL	SUBCONJUNCTIVAL=Subconjunctival  route  (qualifier  value)	Route	4163770	SUBCONJUNCTIVAL	Subconjunctival	
DISPENSING	DISPENSE ROUTE	SUBCUTANEOUS	SUBCUTANEOUS=Subcutaneous  route  (qualifier  value)	Route	4139962	SUBCUTANEOUS	Subcutaneous	
DISPENSING	DISPENSE ROUTE	SUBGINGIVAL	SUBGINGIVAL=Subgingival  route  (qualifier  value)	Route	4306649	SUBGINGIVAL	Subgingival route	
DISPENSING	DISPENSE ROUTE	SUBLESIONAL	SUBLESIONAL=Sublesional  route  (qualifier  value)	Route	46270168	SUBLESIONAL	Sublesional route	
DISPENSING	DISPENSE ROUTE	SUBLINGUAL	SUBLINGUAL=Sublingual  route  (qualifier  value)	Route	4292110	SUBLINGUAL	Sublingual	
DISPENSING	DISPENSE ROUTE	SUBMUCOSAL	SUBMUCOSAL=Submucosal  route  (qualifier  value)	Route	45956878	SUBMUCOSAL	Submucosal rectal	
DISPENSING	DISPENSE ROUTE	SUBORBITAL	SUBORBITAL=Suborbital  route  (qualifier  value)	Route	4166865	SUBORBITAL	Suborbital route	
DISPENSING	DISPENSE ROUTE	SUBRETINAL	SUBRETINAL=Subretinal route (qualifier value)	Route	36703536	SUBRETINAL	Subretinal route	
DISPENSING	DISPENSE ROUTE	SUBTENDINOUS	SUBTENDINOUS=Subtendinous  route  (qualifier  value)	Route	4302493	SUBTENDINOUS	Subtendinous route	
DISPENSING	DISPENSE ROUTE	SURGICAL_DRAIN	SURGICAL_DRAIN=Surgical  drain  route  (qualifier  value)	Route	4304412	SURGICAL_DRAIN	abdominal drain	
DISPENSING	DISPENSE ROUTE	TOPICAL	TOPICAL=Topical  route  (qualifier  value)	Route	4231622	TOPICAL	Topical	
DISPENSING	DISPENSE ROUTE	TRANSCERVICAL	TRANSCERVICAL=Transcervical  route  (qualifier  value)	Route	4304730	TRANSCERVICAL	Transcervical route	
DISPENSING	DISPENSE ROUTE	TRANSDERMAL	TRANSDERMAL=Transdermal  route  (qualifier  value)	Route	4262099	TRANSDERMAL	Transdermal	
DISPENSING	DISPENSE ROUTE	TRANSENDOCARDIAL	TRANSENDOCARDIAL=Transendocardial  route  (qualifier  value)	Route	40487850	TRANSENDOCARDIAL	Transendocardial route	
DISPENSING	DISPENSE ROUTE	TRANSMUCOSAL	TRANSMUCOSAL=Transmucosal  route  (qualifier  value)	Route	4232601	TRANSMUCOSAL	Transmucosal	
DISPENSING	DISPENSE ROUTE	TRANSPLACENTAL	TRANSPLACENTAL=Transplacental  route  (qualifier  value)	Route	40487858	TRANSPLACENTAL	Transplacental route	
DISPENSING	DISPENSE ROUTE	TRANSTRACHEAL	TRANSTRACHEAL=Transtracheal  route  (qualifier  value)	Route	40491832	TRANSTRACHEAL	Transtracheal route	
DISPENSING	DISPENSE ROUTE	TRANSTYMPANIC	TRANSTYMPANIC=Transtympanic  route  (qualifier  value)	Route	40491830	TRANSTYMPANIC	Transtympanic route	
DISPENSING	DISPENSE ROUTE	TRANSURETHRAL	TRANSURETHRAL=Transurethral  route  (qualifier  value)	Route	4305382	TRANSURETHRAL	Transurethral route	
DISPENSING	DISPENSE ROUTE	TUMOR_CAVITY	TUMOR_CAVITY=Tumor  cavity  route  (qualifier  value)	Route	4169472	TUMOR_CAVITY	Tumor cavity route	
DISPENSING	DISPENSE ROUTE	URETERAL	URETERAL=Ureteral  route  (qualifier  value)	Route	4304571	URETERAL	Ureteral route	
DISPENSING	DISPENSE ROUTE	URETHRAL	URETHRAL=Urethral  route  (qualifier  value)	Route	4233974	URETHRAL	Urethral	
DISPENSING	DISPENSE ROUTE	UROSTOMY	UROSTOMY=Urostomy  route  (qualifier  value)	Route	4170435	UROSTOMY	Urostomy route	
DISPENSING	DISPENSE ROUTE	UN	UN=Unknown	Route		UN		
DISPENSING	DISPENSE ROUTE	VAGINAL	VAGINAL=Vaginal  route  (qualifier  value)	Route	4057765	VAGINAL	Vaginal	
DISPENSING	DISPENSE ROUTE	NI	NI=No  information	Route	44814650	NI		
DISPENSING	DISPENSE ROUTE	INTRAEPIDERMAL	INTRAEPIDERMAL=Intraepidermal  route  (qualifier  value)	Route	40487983	INTRAEPIDERMAL	Intraepidermal route	
DISPENSING	DISPENSE ROUTE	INTRAMAMMARY	INTRAMAMMARY=Intramammary  route  (qualifier  value)	Route	40491321	INTRAMAMMARY	Intramammary route	
DISPENSING	DISPENSE ROUTE	INTRAMYOMETRIAL	INTRAMYOMETRIAL=Intramyometrial  route  (qualifier  value)	Route	4168038	INTRAMYOMETRIAL	Intramyometrial route	
DISPENSING	DISPENSE ROUTE	INTRAPULMONARY	INTRAPULMONARY=Intrapulmonary  route  (qualifier  value)	Route	4169270	INTRAPULMONARY	Intrapulmonary route	
DISPENSING	DISPENSE ROUTE	INTRAUTERINE	INTRAUTERINE=Intrauterine  route  (qualifier  value)	Route	4269621	INTRAUTERINE	Intrauterine	
DISPENSING	DISPENSE ROUTE	INTRAVENOUS_PERIPHERAL	INTRAVENOUS_PERIPHERAL=Intravenous  peripheral  route  (qualifier  value)	Route	4171884	INTRAVENOUS_PERIPHERAL	peripheral nerve	
DISPENSING	DISPENSE ROUTE	POSTERIOR_JUXTASCLERAL	POSTERIOR_JUXTASCLERAL=Posterior juxtascleral route (qualifier value)	Route	37207464	POSTERIOR_JUXTASCLERAL	Posterior juxtascleral route	
DISPENSING	DISPENSE ROUTE	RECTAL	RECTAL=Rectal  route  (qualifier  value)	Route	4115462	RECTAL	Rectal	
DISPENSING	DISPENSE ROUTE	SURGICAL_CAVITY	SURGICAL_CAVITY=Surgical  cavity  route  (qualifier  value)	Route	4170771	SURGICAL_CAVITY	Surgical cavity route	
DISPENSING	DISPENSE ROUTE	OT	OT=Other	Route		OT		
LAB_RESULT_CM	SPECIMEN SOURCE	^STEM_CELL_PRODUCT	^STEM_CELL_PRODUCT=^Stem_cell_product	Specimen concept	44806863	^STEM_CELL_PRODUCT	Stem Cell|Stem Cell	
LAB_RESULT_CM	SPECIMEN SOURCE	ABSCESS	ABSCESS=Abscess	Specimen concept	4124271	ABSCESS	Abscess swab	
LAB_RESULT_CM	SPECIMEN SOURCE	AIR	AIR=Air	Specimen concept	40487357	AIR	Air sample	
LAB_RESULT_CM	SPECIMEN SOURCE	ANAL	ANAL=Anal	Specimen concept	46270278	ANAL	Anal smear sample	
LAB_RESULT_CM	SPECIMEN SOURCE	ASP	ASP=Asp	Specimen concept	4204960	ASP	Gastric Brush Tissue|Gastric Aspirate|	
LAB_RESULT_CM	SPECIMEN SOURCE	BONE	BONE=Bone	Specimen concept	4205816	BONE	Bone biopsy sample	
LAB_RESULT_CM	SPECIMEN SOURCE	BONE_MARROW	BONE_MARROW=Bone_marrow	Specimen concept	4043443	BONE_MARROW	Bone marrow source	
LAB_RESULT_CM	SPECIMEN SOURCE	BREAST	BREAST=Breast	Specimen concept	4203102	BREAST	Breast duct sample	
LAB_RESULT_CM	SPECIMEN SOURCE	BRONCHIAL	BRONCHIAL=Bronchial	Specimen concept	4206409	BRONCHIAL	Bronchial biopsy sample	
LAB_RESULT_CM	SPECIMEN SOURCE	BRONCHIAL_BRUSH	BRONCHIAL_BRUSH=Bronchial_brush	Specimen concept	4204953	BRONCHIAL_BRUSH	Bronchial brushings sample	
LAB_RESULT_CM	SPECIMEN SOURCE	BUCCAL	BUCCAL=Buccal	Specimen concept	4120353	BUCCAL	Buccal smear sample	
LAB_RESULT_CM	SPECIMEN SOURCE	CALCULUS	CALCULUS=Calculus	Specimen concept	4124270	CALCULUS	Renal stone sample	
LAB_RESULT_CM	SPECIMEN SOURCE	CELLS.XXX	CELLS.XXX=Cells.XXX	Specimen concept	4120355	CELLS.XXX	DNA|DNA	
LAB_RESULT_CM	SPECIMEN SOURCE	COLON	COLON=Colon	Specimen concept	4202782	COLON	Colonic biopsy sample	
LAB_RESULT_CM	SPECIMEN SOURCE	CVX_VAG	CVX_VAG=Cervix/Vagina	Specimen concept	4119516	CVX_VAG	Cervical swab	
LAB_RESULT_CM	SPECIMEN SOURCE	DRAIN	DRAIN=Drain	Specimen concept	4124417	DRAIN	Drain tip	
LAB_RESULT_CM	SPECIMEN SOURCE	EAR	EAR=Ear	Specimen concept	4204951	EAR	Ear sample	
LAB_RESULT_CM	SPECIMEN SOURCE	ESOPHAGEAL_BRUSH	ESOPHAGEAL_BRUSH=Esophageal_brush	Specimen concept	4204335	ESOPHAGEAL_BRUSH	Esophageal brushings sample	
LAB_RESULT_CM	SPECIMEN SOURCE	EXHL_GAS	EXHL_GAS=Exhl_gas	Specimen concept	44806862	EXHL_GAS	|Human breath	
LAB_RESULT_CM	SPECIMEN SOURCE	EYE	EYE=Eye	Specimen concept	40482447	EYE	Swab of eye	
LAB_RESULT_CM	SPECIMEN SOURCE	GENITAL	GENITAL=Genital	Specimen concept	4124286	GENITAL	Genitourinary sample	
LAB_RESULT_CM	SPECIMEN SOURCE	HAIR	HAIR=Hair	Specimen concept	4119376	HAIR	Hair bulb sample	
LAB_RESULT_CM	SPECIMEN SOURCE	KIDNEY	KIDNEY=Kidney	Specimen concept	46270206	KIDNEY	Kidney brushings sample	
LAB_RESULT_CM	SPECIMEN SOURCE	KIDNEY.FNA	KIDNEY.FNA=Kidney.FNA	Specimen concept	4204351	KIDNEY.FNA	Kidney biopsy sample	
LAB_RESULT_CM	SPECIMEN SOURCE	LIVER.FNA	LIVER.FNA=Liver.FNA	Specimen concept	4202778	LIVER.FNA	Liver biopsy sample	
LAB_RESULT_CM	SPECIMEN SOURCE	LYMPH_NODE	LYMPH_NODE=Lymph_node	Specimen concept	4124291	LYMPH_NODE	Lymph node sample	
LAB_RESULT_CM	SPECIMEN SOURCE	LYMPH_NODE.FNA	LYMPH_NODE.FNA=Lymph_node.FNA	Specimen concept	4205808	LYMPH_NODE.FNA	Lymph node biopsy sample	
LAB_RESULT_CM	SPECIMEN SOURCE	MILK	MILK=Milk	Specimen concept	45478812	MILK	Maternal milk sample	
LAB_RESULT_CM	SPECIMEN SOURCE	OVARY	OVARY=Ovary	Specimen concept	4021081	OVARY	Ovary cytologic material	
LAB_RESULT_CM	SPECIMEN SOURCE	PENIS	PENIS=Penis	Specimen concept	4120344	PENIS	Penis swab	
LAB_RESULT_CM	SPECIMEN SOURCE	PLACENTA	PLACENTA=Placenta	Specimen concept	4204355	PLACENTA	Placenta biopsy sample	
LAB_RESULT_CM	SPECIMEN SOURCE	LUNG	LUNG=Lung	Specimen concept	4204326	LUNG	Lung direct smear sample	
LAB_RESULT_CM	SPECIMEN SOURCE	PANCREAS	PANCREAS=Pancreas	Specimen concept	4206415	PANCREAS	Pancreas biopsy sample	
LAB_RESULT_CM	SPECIMEN SOURCE	RECTUM	RECTUM=Rectum	Specimen concept	4205087	RECTUM	|Rectal Biopsy	
LAB_RESULT_CM	SPECIMEN SOURCE	RESPIRATORY	RESPIRATORY=Respiratory	Specimen concept	4119536	RESPIRATORY	Respiratory sample	
LAB_RESULT_CM	SPECIMEN SOURCE	RESPIRATORY.LOWER	RESPIRATORY.LOWER=Respiratory.lower	Specimen concept	4119538	RESPIRATORY.LOWER	Lower respiratory sample	
LAB_RESULT_CM	SPECIMEN SOURCE	SALIVA	SALIVA=Saliva	Specimen concept	45422140	SALIVA	Saliva sample	
LAB_RESULT_CM	SPECIMEN SOURCE	SKIN	SKIN=Skin	Specimen concept	4122261	SKIN	Skin swab	
LAB_RESULT_CM	SPECIMEN SOURCE	SPECIMEN	SPECIMEN=Specimen	Specimen concept	4048506	SPECIMEN	Specimen	
LAB_RESULT_CM	SPECIMEN SOURCE	SPLEEN	SPLEEN=Spleen	Specimen concept	4205807	SPLEEN	Spleen resection sample	
LAB_RESULT_CM	SPECIMEN SOURCE	STOOL	STOOL=Stool	Specimen concept	4002879	STOOL	Stool specimen	
LAB_RESULT_CM	SPECIMEN SOURCE	SWEAT	SWEAT=Sweat	Specimen concept	45455244	SWEAT	Sweat sample	
LAB_RESULT_CM	SPECIMEN SOURCE	TESTIS	TESTIS=Testis	Specimen concept	4007434	TESTIS	Testis cytologic material	
LAB_RESULT_CM	SPECIMEN SOURCE	THYROID	THYROID=Thyroid	Specimen concept	4023410	THYROID	Thyroid cytologic material	
LAB_RESULT_CM	SPECIMEN SOURCE	THYROID.FNA	THYROID.FNA=Thyroid.FNA	Specimen concept	4204318	THYROID.FNA	Thyroid fine needle aspirate sample	
LAB_RESULT_CM	SPECIMEN SOURCE	TISS.FNA	TISS.FNA=Tiss.FNA	Specimen concept	4121220	TISS.FNA	|Biopsy.	
LAB_RESULT_CM	SPECIMEN SOURCE	TISSUE	TISSUE=Tissue	Specimen concept	4002890	TISSUE	Tissue specimen	
LAB_RESULT_CM	SPECIMEN SOURCE	WOUND	WOUND=Wound	Specimen concept	45435367	WOUND	Wound exudate sample	
LAB_RESULT_CM	SPECIMEN SOURCE	XXX.SWAB	XXX.SWAB=XXX.swab	Specimen concept	4120698	XXX.SWAB	Swab	
LAB_RESULT_CM	SPECIMEN SOURCE	NI	NI=No  information	Specimen concept	44814650	NI		
LAB_RESULT_CM	SPECIMEN SOURCE	PROSTATE.FNA	PROSTATE.FNA=Prostate.FNA	Specimen concept	4204947	PROSTATE.FNA	Prostate biopsy sample	
LAB_RESULT_CM	SPECIMEN SOURCE	RESPIRATORY.UPPER	RESPIRATORY.UPPER=Respiratory.upper	Specimen concept	4119537	RESPIRATORY.UPPER	Upper respiratory sample	
LAB_RESULT_CM	SPECIMEN SOURCE	XXX.TISSUE	XXX.TISSUE=XXX.tissue	Specimen concept	4202623	XXX.TISSUE	Joint Tissue|Joint Tissue	
LAB_RESULT_CM	RESULT QUAL	ABNORMAL	ABNORMAL=Abnormal	Result qualifier	4183448	ABNORMAL	Abnormal presence of	
LAB_RESULT_CM	RESULT QUAL	BORDERLINE	BORDERLINE=Borderline	Result qualifier	4162852	BORDERLINE	Borderline normal	
LAB_RESULT_CM	RESULT QUAL	DETECTED	DETECTED=Detected	Result qualifier	4126681	DETECTED	Detected	
LAB_RESULT_CM	RESULT QUAL	EQUIVOCAL	EQUIVOCAL=Equivocal	Result qualifier	4172976	EQUIVOCAL	Equivocal	
LAB_RESULT_CM	RESULT QUAL	HIGH	HIGH=High	Result qualifier	4328749	HIGH	High	
LAB_RESULT_CM	RESULT QUAL	LOW	LOW=Low	Result qualifier	4267416	LOW	Low	
LAB_RESULT_CM	RESULT QUAL	NOT DETECTED	NOT DETECTED=Not Detected	Result qualifier	9190	NOT DETECTED	Not detected	
LAB_RESULT_CM	RESULT QUAL	POSITIVE	POSITIVE=Positive	Result qualifier	4127785	POSITIVE	Weakly positive	
LAB_RESULT_CM	RESULT QUAL	SUSPECTED	SUSPECTED=Suspected	Result qualifier	4038110	SUSPECTED	Susceptible	
LAB_RESULT_CM	RESULT QUAL	UNDETERMINED	UNDETERMINED=Undetermined	Result qualifier	4160775	UNDETERMINED	Undetermined	
LAB_RESULT_CM	RESULT QUAL	NI	NI=No  Information	Result qualifier	44814650	NI	No information	
LAB_RESULT_CM	RESULT QUAL	UN	UN=Unknown	Result qualifier	44814653	UN	Unknown	
LAB_RESULT_CM	RESULT QUAL	OT	OT=Other	Result qualifier	44814649	OT	Other	
LAB_RESULT_CM	RESULT QUAL	NEGATIVE	NEGATIVE=Negative	Result qualifier	4188540	NEGATIVE	No	
LAB_RESULT_CM	RESULT QUAL	NONREACTIVE	NONREACTIVE=Nonreactive	Result qualifier	763703	NONREACTIVE	Repeatedly non-reactive	
LAB_RESULT_CM	RESULT QUAL	NORMAL	NORMAL=Normal	Result qualifier	4128647	NORMAL	Normal limits	
PRESCRIBING	RX DOSE ORDERED UNIT	g	gram	Dose unit	8504	g	gram	
PRESCRIBING	RX DOSE ORDERED UNIT	g/h	gram per hour	Dose unit	44777594	g/h	gram per hour	
PRESCRIBING	RX DOSE ORDERED UNIT	g/m2	gram per square meter	Dose unit	9513	g/m2	gram per square meter	
PRESCRIBING	RX DOSE ORDERED UNIT	[IU]/kg/h	international unit per kilogram per hour	Dose unit		[IU]/kg/h		
PRESCRIBING	RX DOSE ORDERED UNIT	ug	microgram	Dose unit	9655	ug	microgram	
PRESCRIBING	RX DOSE ORDERED UNIT	ug/h	microgram per hour	Dose unit	44777645	ug/h	microgram per hour	
PRESCRIBING	RX DOSE ORDERED UNIT	ug/kg/min	microgram per kilogram per minute	Dose unit		ug/kg/min		
PRESCRIBING	RX DOSE ORDERED UNIT	ug/min	microgram per minute	Dose unit	8774	ug/min	microgram per minute	
PRESCRIBING	RX DOSE ORDERED UNIT	cm	centimeter	Dose unit	8582	cm	centimeter	
PRESCRIBING	RX DOSE ORDERED UNIT	g/kg	gram per kilogram	Dose unit	9512	g/kg	gram per kilogram	
PRESCRIBING	RX DOSE ORDERED UNIT	[IU]/kg	international unit per kilogram	Dose unit	9335	[IU]/kg	international unit per kilogram	
PRESCRIBING	RX DOSE ORDERED UNIT	[IU]/mL	international unit per milliliter	Dose unit	8985	[IU]/mL	international unit per milliliter	
PRESCRIBING	RX DOSE ORDERED UNIT	[IU]/min	international unit per minute	Dose unit		[IU]/min		
PRESCRIBING	RX DOSE ORDERED UNIT	ug/d	microgram per day	Dose unit	8906	ug/d	microgram per 24 hours	
PRESCRIBING	RX DOSE ORDERED UNIT	ug/kg	microgram per kilogram	Dose unit	9662	ug/kg	microgram per kilogram	
PRESCRIBING	RX DOSE ORDERED UNIT	ug/kg/h	microgram per kilogram per hour	Dose unit	9690	ug/kg/h	microgram per kilogram per hour	
PRESCRIBING	RX DOSE ORDERED UNIT	ug/m2	microgram per square meter	Dose unit	9663	ug/m2	microgram per square meter	
PRESCRIBING	RX DOSE ORDERED UNIT	[IU]/h	international unit per hour	Dose unit	9687	[IU]/h	international unit per hour	
LAB_RESULT_CM	RESULT UNIT	[diop]	[diop]=diopter	Result unit	9291	[diop]	diopter	
LAB_RESULT_CM	RESULT UNIT	{breaths}/min	{breaths}/min=breaths per minute	Result unit	3197833	{breaths}/min	Breaths/minute	
LAB_RESULT_CM	RESULT UNIT	{score}	{score}=score	Result unit	44777566	{score}	score	
LAB_RESULT_CM	RESULT UNIT	{activity}	activity	Result unit	8654	{activity}	ENZ ACT	
LAB_RESULT_CM	RESULT UNIT	A	ampere	Result unit	8528	a	year	
LAB_RESULT_CM	RESULT UNIT	[arb'U]/mL	arbitrary unit per milliliter	Result unit	8980	[arb'U]/mL	arbitrary unit per milliliter	
LAB_RESULT_CM	RESULT UNIT	[beth'U]	Bethesda unit	Result unit	9161	[beth'U]	Bethesda unit	
LAB_RESULT_CM	RESULT UNIT	10*9/L	billion per liter	Result unit	9444	10*9/L	10*9/L	
LAB_RESULT_CM	RESULT UNIT	10*9/uL	billion per microliter	Result unit	9446	10*9/uL	billion per microliter	
LAB_RESULT_CM	RESULT UNIT	cal	calorie	Result unit	9472	cal	cal	
LAB_RESULT_CM	RESULT UNIT	{cells}	cells	Result unit	45744812	{cells}	cells	
LAB_RESULT_CM	RESULT UNIT	{cells}/[HPF]	cells per high power field	Result unit	8889	{cells}/[HPF]	cells per high power field	
LAB_RESULT_CM	RESULT UNIT	{cells}/uL	cells per microliter	Result unit	8784	{cells}/uL	cells per microliter	
LAB_RESULT_CM	RESULT UNIT	cL	centiliter	Result unit	9482	cL	centiliter	
LAB_RESULT_CM	RESULT UNIT	cm	centimeter	Result unit	8582	cm	centimeter	
LAB_RESULT_CM	RESULT UNIT	cm/s	cm/s=centimeter per second	Result unit	32738	cm/s	centimeter per second	
LAB_RESULT_CM	RESULT UNIT	cm3	cm3=cubic centimeter	Result unit	44777662	cm3	cubic centimeter	
LAB_RESULT_CM	RESULT UNIT	{CAE'U}	complement activity enzyme unit	Result unit	8998	{CAE'U}	cae	
LAB_RESULT_CM	RESULT UNIT	{copies}	copies	Result unit		{copies}		
LAB_RESULT_CM	RESULT UNIT	d/wk	d/wk=days per week	Result unit	8621	d/wk	day per week	
LAB_RESULT_CM	RESULT UNIT	d	day	Result unit	8512	d	day	
LAB_RESULT_CM	RESULT UNIT	dL	deciliter	Result unit	9486	dL	deciliter	
LAB_RESULT_CM	RESULT UNIT	Cel	degree Celsius	Result unit	8653	Cel	degree Celsius	
LAB_RESULT_CM	RESULT UNIT	[degF]	degree Fahrenheit	Result unit	9289	[degF]	degf	
LAB_RESULT_CM	RESULT UNIT	K	degree Kelvin	Result unit	9523	K	kelvin	
LAB_RESULT_CM	RESULT UNIT	{EIA'U}	EIA unit	Result unit	8556	{EIA'U}	eia units	
LAB_RESULT_CM	RESULT UNIT	eV	electron Volt	Result unit	9495	eV	electron volt	
LAB_RESULT_CM	RESULT UNIT	{ELISA'U}	ELISA unit	Result unit	8600	{ELISA'U}	elisa units	
LAB_RESULT_CM	RESULT UNIT	U	enzyme unit	Result unit	8510	U	Units	
LAB_RESULT_CM	RESULT UNIT	U/(24.h)	enzyme unit per 24 hour	Result unit	44777567	U/(24.h)	units/24 hr	
LAB_RESULT_CM	RESULT UNIT	U/dL	enzyme unit per deciliter	Result unit	44777568	U/dL	[U]/dL | unit per deciliter	
LAB_RESULT_CM	RESULT UNIT	U/g{Hb}	enzyme unit per gram of hemoglobin	Result unit	8916	U/g{Hb}	Unit per gram of Hemoglobin	
LAB_RESULT_CM	RESULT UNIT	U/L	enzyme unit per liter	Result unit	8645	U/L	unit per liter	
LAB_RESULT_CM	RESULT UNIT	U/mL	enzyme unit per milliliter	Result unit	8763	U/mL	unit per milliliter	
LAB_RESULT_CM	RESULT UNIT	F	Farad	Result unit	8517	F	Farad	
LAB_RESULT_CM	RESULT UNIT	fL	femtoliter	Result unit	8583	fL	femtoliter	
LAB_RESULT_CM	RESULT UNIT	fmol/L	femtomole per liter	Result unit	8745	fmol/L	femtomole per liter	
LAB_RESULT_CM	RESULT UNIT	g	gram	Result unit	8504	g	gram	
LAB_RESULT_CM	RESULT UNIT	g/(12.h)	gram per 12 hour	Result unit	44777593	g/(12.h)	g/12 hr	
LAB_RESULT_CM	RESULT UNIT	g/(24.h)	gram per 24 hour	Result unit	8807	g/(24.h)	gram per 24 hours	
LAB_RESULT_CM	RESULT UNIT	g/dL	gram per deciliter	Result unit	8713	g/dL	gram per deciliter	
LAB_RESULT_CM	RESULT UNIT	g/g	gram per gram	Result unit	9510	g/g	gram per gram	
LAB_RESULT_CM	RESULT UNIT	g/L	gram per liter	Result unit	8636	g/L	gram per liter	
LAB_RESULT_CM	RESULT UNIT	{beats}/min	heart beats per minute	Result unit	8541	{beats}/min	beats per minute	
LAB_RESULT_CM	RESULT UNIT	[HPF]	high power field	Result unit	8673	[HPF]	[HPF]	
LAB_RESULT_CM	RESULT UNIT	h	hour	Result unit	8518	H	Henry	
LAB_RESULT_CM	RESULT UNIT	[APL'U]/mL	IgA anticardiolipin unit per milliliter**	Result unit	9684	[APL'U]/mL	IgA Phospholipid Units Per MilliLiter [Arbitrary Concentration Units]	
LAB_RESULT_CM	RESULT UNIT	[APL'U]	IgA anticardiolipin unit**	Result unit	9099	[APL'U]	IgA phospholipid unit	
LAB_RESULT_CM	RESULT UNIT	{APS'U}	IgA antiphosphatidylserine unit 	Result unit	8542	{APS'U}	anti-phosphatidylserine IgA concentration (APS) unit	
LAB_RESULT_CM	RESULT UNIT	[GPL'U]/mL	IgG anticardiolipin unit per milliliter**	Result unit	9685	[GPL'U]/mL	IgG Phospholipid Units Per MilliLiter [Arbitrary Concentration Units]	
LAB_RESULT_CM	RESULT UNIT	{MPS'U}	IgM antiphosphatidylserine unit	Result unit	8495	{MPS'U}	anti-phosphatidylserine IgM concentration (MPS) unit	
LAB_RESULT_CM	RESULT UNIT	{ISR}	immune status ratio	Result unit	8488	{ISR}	immune status ratio	
LAB_RESULT_CM	RESULT UNIT	[in_i]	inch (international)	Result unit	8533	[in_i]	inches	
LAB_RESULT_CM	RESULT UNIT	[IU]	international unit	Result unit	8718	[IU]	international unit	
LAB_RESULT_CM	RESULT UNIT	[IU]/g{Hb}	international unit per gram of hemoglobin	Result unit	9334	[IU]/g{Hb}	international unit per gram of hemoglobin	
LAB_RESULT_CM	RESULT UNIT	[IU]/L	international unit per liter	Result unit	8923	[IU]/L	international unit per liter	
LAB_RESULT_CM	RESULT UNIT	kcal/(24.h)	kcal/(24.h)=kilocalorie per 24 hour	Result unit	4038014	kcal/(24.h)	kcal/24h	
LAB_RESULT_CM	RESULT UNIT	k[IU]/L	kilo international unit per liter	Result unit	9058	k[IU]/L	kilo-international unit per liter	
LAB_RESULT_CM	RESULT UNIT	kg	kilogram	Result unit	9529	kg	kilogram	
LAB_RESULT_CM	RESULT UNIT	L/min/m2	L/min/m2=liter per minute per sqaure meter	Result unit	32710	L/min/m2	liter per minute per square meter	
LAB_RESULT_CM	RESULT UNIT	L/L	liter per liter	Result unit	44777604	L/L	L/L | liter per liter	
LAB_RESULT_CM	RESULT UNIT	L/min	liter per minute	Result unit	8698	L/min	liter per minute	
LAB_RESULT_CM	RESULT UNIT	{Log_copies}/mL	log (base 10) copies per milliliter	Result unit	8873	{Log_copies}/mL	log copies per milliliter	
LAB_RESULT_CM	RESULT UNIT	{Log_IU}/mL	log (base 10) international unit per milliliter	Result unit	9084	{Log_IU}/mL	log IUnits/mL	
LAB_RESULT_CM	RESULT UNIT	{Log}	log base 10	Result unit	9096	{Log}	log10	
LAB_RESULT_CM	RESULT UNIT	[LPF]	low power field	Result unit	8656	[LPF]	Low Power Field	
LAB_RESULT_CM	RESULT UNIT	Ms	megasecond	Result unit	9593	ms	millisecond	
LAB_RESULT_CM	RESULT UNIT	m/s	meter per second	Result unit	44777606	m/s	meter per second	
LAB_RESULT_CM	RESULT UNIT	t	metric ton	Result unit	9646	T	T	
LAB_RESULT_CM	RESULT UNIT	uU/L	micro enzyme unit per liter	Result unit	8750	uU/L	microunit per liter	
LAB_RESULT_CM	RESULT UNIT	uU/mL	micro enzyme unit per milliliter	Result unit	8860	uU/mL	microunit per milliliter	
LAB_RESULT_CM	RESULT UNIT	ueq/L	microequivalent per liter	Result unit	8875	ueq/L	mceq/l	
LAB_RESULT_CM	RESULT UNIT	ug	microgram	Result unit	9655	ug	microgram	
LAB_RESULT_CM	RESULT UNIT	ug{FEU}/mL	microgram fibrinogen equivalent unit per milliliter	Result unit	8990	ug{FEU}/mL	Microgram per milliliter of FEU	
LAB_RESULT_CM	RESULT UNIT	ug/dL	microgram per deciliter	Result unit	8837	ug/dL	microgram per deciliter	
LAB_RESULT_CM	RESULT UNIT	ug/g{creat}	microgram per gram of creatinine	Result unit	9014	ug/g{creat}	microgram per gram of creatinine	
LAB_RESULT_CM	RESULT UNIT	ug/g{Hb}	microgram per gram of hemoglobin	Result unit	9661	ug/g{Hb}	mcg/g hgb	
LAB_RESULT_CM	RESULT UNIT	ug/mg	microgram per milligram	Result unit	8838	ug/mg	microgram per milligram	
LAB_RESULT_CM	RESULT UNIT	ug/mg{creat}	microgram per milligram of creatinine	Result unit	9072	ug/mg{creat}	microgram per milligram of creatinine	
LAB_RESULT_CM	RESULT UNIT	ug/mL	microgram per milliliter	Result unit	8859	ug/mL	microgram per milliliter	
LAB_RESULT_CM	RESULT UNIT	ug/min	microgram per minute	Result unit	8774	ug/min	microgram per minute	
LAB_RESULT_CM	RESULT UNIT	ug/{specimen}	microgram per specimen	Result unit	9657	ug/{specimen}	ug/{spec}	
LAB_RESULT_CM	RESULT UNIT	u[IU]/L	microinternational unit per liter	Result unit	44777583	u[IU]/L	10*-6.[iU]/L | micro-international unit per liter	
LAB_RESULT_CM	RESULT UNIT	uL	microliter	Result unit	9665	uL	microliter	
LAB_RESULT_CM	RESULT UNIT	umol/(24.h)	micromole per 24 hour	Result unit	8907	umol/(24.h)	micromole per 24 hours	
LAB_RESULT_CM	RESULT UNIT	umol/dL	micromole per deciliter	Result unit	8839	umol/dL	micromole per deciliter	
LAB_RESULT_CM	RESULT UNIT	umol/g	micromole per gram	Result unit	9668	umol/g	umol/g	
LAB_RESULT_CM	RESULT UNIT	umol/g{creat}	micromole per gram of creatinine	Result unit	9015	umol/g{creat}	micromole per gram of creatinine	
LAB_RESULT_CM	RESULT UNIT	umol/g{Hb}	micromole per gram of hemoglobin	Result unit	9669	umol/g{Hb}	umol/g{HBG}	
LAB_RESULT_CM	RESULT UNIT	umol/L	micromole per liter	Result unit	8749	umol/L	micromole per liter	
LAB_RESULT_CM	RESULT UNIT	umol/mL	micromole per milliliter	Result unit	9673	umol/mL	umol/mL	
LAB_RESULT_CM	RESULT UNIT	umol/mmol	micromole per millimole	Result unit	44777656	umol/mmol	mcmol/mmol	
LAB_RESULT_CM	RESULT UNIT	umol/mmol{creat}	micromole per millimole of creatinine	Result unit	9073	umol/mmol{creat}	mcmol/mmol cr	
LAB_RESULT_CM	RESULT UNIT	um/s	microns per second	Result unit		um/s		
LAB_RESULT_CM	RESULT UNIT	us	microsecond	Result unit	9676	us	us	
LAB_RESULT_CM	RESULT UNIT	mU/mL	milli  enzyme unit per milliliter	Result unit	8719	mU/mL	milliunit per milliliter	
LAB_RESULT_CM	RESULT UNIT	m[IU]/mL	milli  international unit per milliliter	Result unit	9550	m[IU]/mL	milli-international unit per milliliter	
LAB_RESULT_CM	RESULT UNIT	mU/L	milli enzyme unit per liter	Result unit		mU/L		
LAB_RESULT_CM	RESULT UNIT	m[IU]/L	milli international unit per liter	Result unit	9040	m[IU]/L	milli-international unit per liter	
LAB_RESULT_CM	RESULT UNIT	umol/mol{creat}	micromole per mole of creatinine	Result unit	9675	umol/mol{creat}	micromole per mole of creatinine	
LAB_RESULT_CM	RESULT UNIT	meq	milliequivalent	Result unit	9551	meq	milliequivalent	
LAB_RESULT_CM	RESULT UNIT	meq/kg	milliequivalent per kilogram	Result unit	9556	meq/kg	meq/kg	
LAB_RESULT_CM	RESULT UNIT	meq/L	milliequivalent per liter	Result unit	9557	meq/L	milliequivalent per liter	
LAB_RESULT_CM	RESULT UNIT	mg/(12.h)	milligram per 12 hour	Result unit	8908	mg/(12.h)	mg/12 hr	
LAB_RESULT_CM	RESULT UNIT	mg/(24.h)	milligram per 24 hour	Result unit	8909	mg/(24.h)	milligram per 24 hours	
LAB_RESULT_CM	RESULT UNIT	mg/d	milligram per day	Result unit	8700	mg/d	mg/d	
LAB_RESULT_CM	RESULT UNIT	mg/dL	milligram per deciliter	Result unit	8840	mg/dL	milligram per deciliter	
LAB_RESULT_CM	RESULT UNIT	mg/g	milligram per gram	Result unit	8723	mg/g	milligram per gram	
LAB_RESULT_CM	RESULT UNIT	mg/kg	milligram per kilogram	Result unit	9562	mg/kg	mg/kg	
LAB_RESULT_CM	RESULT UNIT	mg/L	milligram per liter	Result unit	8751	mg/L	milligram per liter	
LAB_RESULT_CM	RESULT UNIT	mg/mg{creat}	milligram per milligram of creatinine	Result unit	9074	mg/mg{creat}	milligram per milligram of creatinine	
LAB_RESULT_CM	RESULT UNIT	mg/mL	milligram per milliliter	Result unit	8861	mg/mL	milligram per milliliter	
LAB_RESULT_CM	RESULT UNIT	mg/mmol	milligram per millimole	Result unit	44777612	mg/mmol	milligram per millimole	
LAB_RESULT_CM	RESULT UNIT	mg/mmol{creat}	milligram per millimole of creatinine	Result unit	9075	mg/mmol{creat}	mg/mmole cr	
LAB_RESULT_CM	RESULT UNIT	mL	milliliter	Result unit	8587	mL	milliliter	
LAB_RESULT_CM	RESULT UNIT	mL/(24.h)	milliliter per 24 hour	Result unit	8930	mL/(24.h)	milliliter per 24 hours	
LAB_RESULT_CM	RESULT UNIT	mL/dL	milliliter per deciliter	Result unit	9570	mL/dL	milliliter per deciliter	
LAB_RESULT_CM	RESULT UNIT	mL/min	milliliter per minute	Result unit	8795	mL/min	milliliter per minute	
LAB_RESULT_CM	RESULT UNIT	mL/min/{1.73_m2}	milliliter per minute per 1.73 square meter	Result unit	9117	mL/min/{1.73_m2}	milliliter per minute per 1.73 square meter	
LAB_RESULT_CM	RESULT UNIT	mL/s	milliliter per second	Result unit	44777614	mL/s	milliliter per second	
LAB_RESULT_CM	RESULT UNIT	mL/m2	milliliter per square meter	Result unit	32739	ml/m2	milliliter per square meter	
LAB_RESULT_CM	RESULT UNIT	mm	millimeter	Result unit	8588	mm	millimeter	
LAB_RESULT_CM	RESULT UNIT	mm[Hg]	millimeter of mercury	Result unit	8876	mm[Hg]	millimeter mercury column	
LAB_RESULT_CM	RESULT UNIT	mmol/(24.h)	millimole per 24 hour	Result unit	8910	mmol/(24.h)	millimole per 24 hours	
LAB_RESULT_CM	RESULT UNIT	mmol/dL	millimole per deciliter	Result unit	9575	mmol/dL	mmol/dL	
LAB_RESULT_CM	RESULT UNIT	mmol/g{creat}	millimole per gram of creatinine	Result unit	9018	mmol/g{creat}	mmol/g cr	
LAB_RESULT_CM	RESULT UNIT	mmol/kg	millimole per kilogram	Result unit	9577	mmol/kg	mmol/kg	
LAB_RESULT_CM	RESULT UNIT	mmol/L	millimole per liter	Result unit	8753	mmol/L	millimole per liter	
LAB_RESULT_CM	RESULT UNIT	mmol/mol{creat}	millimole per mole of creatinine	Result unit	9019	mmol/mol{creat}	millimole per mole of creatinine	
LAB_RESULT_CM	RESULT UNIT	mmol/{specimen}	millimole per specimen	Result unit	44777615	mmol/{specimen}	mmol/specimen	
LAB_RESULT_CM	RESULT UNIT	10*6	million	Result unit	8549	10*6	million	
LAB_RESULT_CM	RESULT UNIT	10*6/L	million per liter	Result unit	9442	10*6/L	million per liter	
LAB_RESULT_CM	RESULT UNIT	10*6/uL	million per microliter	Result unit	8815	10*6/uL	million per microliter	
LAB_RESULT_CM	RESULT UNIT	10*6/mL	million per milliliter	Result unit	8816	10*6/mL	million per milliliter	
LAB_RESULT_CM	RESULT UNIT	mosm	milliosmole	Result unit	8605	mosm	milliosmole	
LAB_RESULT_CM	RESULT UNIT	mosm/kg	milliosmole per kilogram	Result unit	8862	mosm/kg	milliosmole per kilogram	
LAB_RESULT_CM	RESULT UNIT	mosm/L	milliosmole per liter	Result unit	9591	mosm/L	mosm/L	
LAB_RESULT_CM	RESULT UNIT	ms	millisecond	Result unit	9593	ms	millisecond	
LAB_RESULT_CM	RESULT UNIT	min	minute	Result unit	8550	min	minute	
LAB_RESULT_CM	RESULT UNIT	mol/L	mole per liter	Result unit	9586	mol/L	mole per liter	
LAB_RESULT_CM	RESULT UNIT	ng	nanogram	Result unit	9600	ng	ng	
LAB_RESULT_CM	RESULT UNIT	ng/g	nanogram per gram	Result unit	8701	ng/g	nanogram per gram	
LAB_RESULT_CM	RESULT UNIT	ng/L	nanogram per liter	Result unit	8725	ng/L	nanogram per liter	
LAB_RESULT_CM	RESULT UNIT	ng/mg	nanogram per milligram	Result unit	8818	ng/mg	nanogram per milligram	
LAB_RESULT_CM	RESULT UNIT	ng/mL/h	nanogram per milliliter per hour	Result unit	9020	ng/mL/h	nanogram per milliliter and hour	
LAB_RESULT_CM	RESULT UNIT	nL	nanoliter	Result unit	9606	nL	nL	
LAB_RESULT_CM	RESULT UNIT	nmol	nanomole	Result unit	9607	nmol	nmol	
LAB_RESULT_CM	RESULT UNIT	nmol/g	nanomole per gram	Result unit	9609	nmol/g	nmol/g	
LAB_RESULT_CM	RESULT UNIT	nmol/h/mg{prot}	nanomole per hour per milligram of protein	Result unit	8993	nmol/h/mg{prot}	nmol/h/mg | nanomole per hour and milligram	
LAB_RESULT_CM	RESULT UNIT	nmol/L	nanomole per liter	Result unit	8736	nmol/L	nanomole per liter	
LAB_RESULT_CM	RESULT UNIT	nmol/mL	nanomole per milliliter	Result unit	8843	nmol/mL	nanomole per milliliter	
LAB_RESULT_CM	RESULT UNIT	nmol/mL/min	nanomole per milliliter per minute	Result unit	44777635	nmol/mL/min	nanomole per minute and milliliter	
LAB_RESULT_CM	RESULT UNIT	nmol/mol{creat}	nmol/mol{creat}=nanomole per mole creatinine	Result unit	44777636	nmol/mol{creat}	nanomole per mole of creatinine	
LAB_RESULT_CM	RESULT UNIT	{#}	number	Result unit		{#}		
LAB_RESULT_CM	RESULT UNIT	{#}/[HPF]	number per high power field	Result unit	8786	{#}/[HPF]	per high power field	
LAB_RESULT_CM	RESULT UNIT	{#}/uL	number per microliter	Result unit	8647	{#}/uL	per microliter	
LAB_RESULT_CM	RESULT UNIT	{#}/mL	number per milliliter	Result unit	9257	{#}/mL	per milliliter	
LAB_RESULT_CM	RESULT UNIT	{#}/min	number per minute	Result unit	8483	{#}/min	number per minute	
LAB_RESULT_CM	RESULT UNIT	osm/kg	osmole per kilogram	Result unit	9620	osm/kg	osm/kg	
LAB_RESULT_CM	RESULT UNIT	/100	per 100	Result unit	9243	/100	per hundread	
LAB_RESULT_CM	RESULT UNIT	/100{WBCs}	per 100 white blood cells	Result unit	9032	/100{WBCs}	per 100 white blood cells	
LAB_RESULT_CM	RESULT UNIT	/dL	per deciliter	Result unit	9245	/dL	per deciliter	
LAB_RESULT_CM	RESULT UNIT	/[HPF]	per high power field	Result unit	8786	/[HPF]	/[HPF]=per high power field	
LAB_RESULT_CM	RESULT UNIT	/[IU]/mL	per international unit per milliliter	Result unit	8985	/[IU]/mL	international unit per milliliter	
LAB_RESULT_CM	RESULT UNIT	%	percent	Result unit	8554	%	percent	
LAB_RESULT_CM	RESULT UNIT	%{blocked}	percent blocked	Result unit	9219	%{blocked}	% blocking	
LAB_RESULT_CM	RESULT UNIT	%{vol}	percent by volume	Result unit	9234	%{vol}	volume %	
LAB_RESULT_CM	RESULT UNIT	%{Hb}	percent hemoglobin	Result unit	9225	%{Hb}	% a1c ngsp	
LAB_RESULT_CM	RESULT UNIT	%{hemolysis}	percent hemolysis	Result unit	9226	%{hemolysis}	percent hemolysis	
LAB_RESULT_CM	RESULT UNIT	N	Newton	Result unit	9599	N	newton	
LAB_RESULT_CM	RESULT UNIT	%{total}	percent total	Result unit	8632	%{total}	% of total	
LAB_RESULT_CM	RESULT UNIT	[pH]	pH	Result unit	8482	[pH]	pH	
LAB_RESULT_CM	RESULT UNIT	pg	picogram	Result unit	8564	pg	picogram	
LAB_RESULT_CM	RESULT UNIT	pL	picoliter	Result unit	9628	pL	pL	
LAB_RESULT_CM	RESULT UNIT	pmol/{RBC}	picomole per red blood cell	Result unit	9148	pmol/{RBC}	pmol/rbc	
LAB_RESULT_CM	RESULT UNIT	{ratio}	ratio	Result unit	8523	{ratio}	ratio	
LAB_RESULT_CM	RESULT UNIT	s	second	Result unit	9639	S	siemens	
LAB_RESULT_CM	RESULT UNIT	cm2	square centimeter	Result unit	9483	cm2	square centimeter	
LAB_RESULT_CM	RESULT UNIT	10*3{copies}/mL	thousand copies per milliliter	Result unit	9437	10*3{copies}/mL	x 10(3) copies/ml	
LAB_RESULT_CM	RESULT UNIT	10*3/uL	thousand per microliter	Result unit	8848	10*3/uL	thousand per microliter	
LAB_RESULT_CM	RESULT UNIT	{titer}	titer	Result unit	8525	{titer}	titer	
LAB_RESULT_CM	RESULT UNIT	10*12/L	trillion per liter	Result unit	8734	10*12/L	trillion per liter	
LAB_RESULT_CM	RESULT UNIT	a	year	Result unit	8543	A	ampere	
LAB_RESULT_CM	RESULT UNIT	NI	No information	Result unit	44814650	NI	No information	
LAB_RESULT_CM	RESULT UNIT	OT	Other	Result unit	44814649	OT	Other	
LAB_RESULT_CM	RESULT MODIFIER	EQ	EQ=Equal	Result modifier	4172703	EQ	EQUAL	NULL
LAB_RESULT_CM	RESULT MODIFIER	GE	GE=Greater  than  or  equal  to	Result modifier	4171755	GE	Greater than or equal to	NULL
LAB_RESULT_CM	RESULT MODIFIER	GT	GT=Greater  than	Result modifier	4172704	GT	Greater than	NULL
LAB_RESULT_CM	RESULT MODIFIER	LE	LE=Less  than  or  equal  to	Result modifier	4171754	LE	Less than or equal to	NULL
LAB_RESULT_CM	RESULT MODIFIER	LT	LT=Less  than	Result modifier	4171756	LT	Less than	NULL
LAB_RESULT_CM	RESULT MODIFIER	UN	UN=Unknown	Result modifier	44814653	UN	Unkown	NULL
LAB_RESULT_CM	RESULT MODIFIER	OT	OT=Other	Result modifier	44814649	OT	Other	NULL
LAB_RESULT_CM	RESULT UNIT	{risk}	{risk}=risk	Result unit	8509	{risk}	risk	
LAB_RESULT_CM	RESULT UNIT	[arb'U]	arbitrary unit	Result unit	9260	[arb'U]	arbitrary unit	
LAB_RESULT_CM	RESULT UNIT	cm[H2O]	centimeter of water	Result unit	44777590	cm[H2O]	cm h2o	
LAB_RESULT_CM	RESULT UNIT	{clock_time}	clock time e.g 12:30PM	Result unit		{clock_time}		
LAB_RESULT_CM	RESULT UNIT	{copies}/mL	copies per milliliter	Result unit	8799	{copies}/mL	copies per milliliter	
LAB_RESULT_CM	RESULT UNIT	{CPM}	counts per minute	Result unit	8483	{CPM}	counts/min	
LAB_RESULT_CM	RESULT UNIT	deg	degree (plane angle)	Result unit	9484	deg	degree	
LAB_RESULT_CM	RESULT UNIT	{Ehrlich'U}/dL	Ehrlich unit per deciliter	Result unit	8829	{Ehrlich'U}/dL	Ehrlich unit per deciliter	
LAB_RESULT_CM	RESULT UNIT	g/cm2	g/cm2=gram per square centimeter	Result unit	32701	g/cm2	gram per square centimeter	
LAB_RESULT_CM	RESULT UNIT	[MPL'U]/mL	IgM anticardiolipin unit per milliliter**	Result unit	9686	[MPL'U]/mL	IgM Phospholipid Units Per MilliLiter [Arbitrary Concentration Units]	
LAB_RESULT_CM	RESULT UNIT	[MPL'U]	IgM anticardiolipin unit**	Result unit	9101	[MPL'U]	IgM phospholipid unit	
LAB_RESULT_CM	RESULT UNIT	{index_val}	index value	Result unit	8779	{index_val}	index	
LAB_RESULT_CM	RESULT UNIT	{INR}	international normalized ratio	Result unit		{INR}		
LAB_RESULT_CM	RESULT UNIT	[IU]/dL	international unit per deciliter	Result unit	9332	[IU]/dL	international unit per deciliter	
LAB_RESULT_CM	RESULT UNIT	[IU]/mL	international unit per milliliter	Result unit	8985	[IU]/mL	international unit per milliliter	
LAB_RESULT_CM	RESULT UNIT	k[IU]/mL	kilo international unit per milliliter	Result unit	9525	k[IU]/mL	kilo-international unit per milliliter	
LAB_RESULT_CM	RESULT UNIT	L	liter	Result unit	8519	L	liter	
LAB_RESULT_CM	RESULT UNIT	u[IU]/mL	micro international unit per milliliter	Result unit	9093	u[IU]/mL	micro-international unit per milliliter	
LAB_RESULT_CM	RESULT UNIT	ueq/mL	microequivalent per milliliter	Result unit	9046	ueq/mL	mcg Eq/mL	
LAB_RESULT_CM	RESULT UNIT	ug/(24.h)	microgram per 24 hour	Result unit	8906	ug/(24.h)	microgram per 24 hours	
LAB_RESULT_CM	RESULT UNIT	ug/g	microgram per gram	Result unit	8720	ug/g	microgram per gram	
LAB_RESULT_CM	RESULT UNIT	ug/L	microgram per liter	Result unit	8748	ug/L	microgram per liter	
LAB_RESULT_CM	RESULT UNIT	umol	micromole	Result unit	9667	umol	umol	
LAB_RESULT_CM	RESULT UNIT	meq/(24.h)	milliequivalent per 24 hour	Result unit	44777582	meq/(24.h)	10*-3.eq/(24.h) | milliequivalent per 24 hours	
LAB_RESULT_CM	RESULT UNIT	mg/g{creat}	milligram per gram of creatinine	Result unit	9017	mg/g{creat}	milligram per gram of creatinine	
LAB_RESULT_CM	RESULT UNIT	mg/mg	milligram per milligram	Result unit	9565	mg/mg	milligram per milligram	
LAB_RESULT_CM	RESULT UNIT	mg/min	milligram per minute	Result unit	44777611	mg/min	mg/min	
LAB_RESULT_CM	RESULT UNIT	mg/{specimen}	milligram per specimen	Result unit	8675	mg/{specimen}	mg/specimen	
LAB_RESULT_CM	RESULT UNIT	mm/h	millimeter per hour	Result unit	8752	mm/h	millimeter per hour	
LAB_RESULT_CM	RESULT UNIT	mmol	millimole	Result unit	9573	mmol	mmol	
LAB_RESULT_CM	RESULT UNIT	mmol/mol	millimole per mole	Result unit	9579	mmol/mol	millimole per mole	
LAB_RESULT_CM	RESULT UNIT	{M.o.M}	multiple of the median	Result unit	8494	{M.o.M}	mom	
LAB_RESULT_CM	RESULT UNIT	nm	nanometer	Result unit	8577	nm	nanometer	
LAB_RESULT_CM	RESULT UNIT	nmol/(24.h)	nanomole per 24 hour	Result unit	44777627	nmol/(24.h)	nmol/24 hr	
LAB_RESULT_CM	RESULT UNIT	nmol/dL	nanomole per deciliter	Result unit	9608	nmol/dL	nmol/dL	
LAB_RESULT_CM	RESULT UNIT	nmol/mg	nanomole per milligram	Result unit	9611	nmol/mg	nmol/mg	
LAB_RESULT_CM	RESULT UNIT	nmol/mmol	nanomole per millimole	Result unit	9612	nmol/mmol	nmol/mmol	
LAB_RESULT_CM	RESULT UNIT	nmol/mol	nanomole per mole	Result unit	9614	nmol/mol	nmol/mol	
LAB_RESULT_CM	RESULT UNIT	{#}/L	number per liter	Result unit	9254	{#}/L	per liter	
LAB_RESULT_CM	RESULT UNIT	Ohm	Ohm	Result unit	9618	Ohm	Ohm	
LAB_RESULT_CM	RESULT UNIT	/kg	per kilogram	Result unit	9252	/kg	per kilogram	
LAB_RESULT_CM	RESULT UNIT	/[LPF]	per low power field	Result unit	8765	/[LPF]	per low powered field	
LAB_RESULT_CM	RESULT UNIT	/uL	per microliter	Result unit	8785	/uL	/cumm	
LAB_RESULT_CM	RESULT UNIT	%{binding}	percent binding	Result unit	9218	%{binding}	% binding	
LAB_RESULT_CM	RESULT UNIT	%{inhibition}	percent inhibition	Result unit	8738	%{inhibition}	percent inhibition	
LAB_RESULT_CM	RESULT UNIT	%{normal}	percent normal	Result unit	8648	%{normal}	% normal	
LAB_RESULT_CM	RESULT UNIT	%{baseline}	percent of baseline	Result unit	8688	%{baseline}	% baseli	
LAB_RESULT_CM	RESULT UNIT	pg/dL	picogram per deciliter	Result unit	8820	pg/dL	picogram per deciliter	
LAB_RESULT_CM	RESULT UNIT	pg/L	picogram per liter	Result unit	9625	pg/L	picogram per liter	
LAB_RESULT_CM	RESULT UNIT	pg/mL	picogram per milliliter	Result unit	8845	pg/mL	picogram per milliliter	
LAB_RESULT_CM	RESULT UNIT	pg/mm	picogram per millimeter	Result unit	9626	pg/mm	picogram per millimeter	
LAB_RESULT_CM	RESULT UNIT	pmol/L	picomole per liter	Result unit	8729	pmol/L	picomole per liter	
LAB_RESULT_CM	RESULT UNIT	pmol/mL	picomole per milliliter	Result unit	9632	pmol/mL	picomole per milliliter	
LAB_RESULT_CM	RESULT UNIT	[lb_av]	pound (US and British)	Result unit	8739	[lb_av]	pound (US)	
LAB_RESULT_CM	RESULT UNIT	S	Siemens	Result unit	9639	S	siemens	
LAB_RESULT_CM	RESULT UNIT	m2	square meter	Result unit	8617	m2	square meter	
LAB_RESULT_CM	RESULT UNIT	T	Tesla	Result unit	9647	t	tonne	
LAB_RESULT_CM	RESULT UNIT	10*3	thousand	Result unit	8566	10*3	thousand	
LAB_RESULT_CM	RESULT UNIT	10*3/L	thousand per liter	Result unit	9435	10*3/L	thousanf per liter	
LAB_RESULT_CM	RESULT UNIT	10*3/mL	thousand per milliliter	Result unit	9436	10*3/mL	thousand per milliliter	
LAB_RESULT_CM	RESULT UNIT	V	volt	Result unit	9677	V	V	
LAB_RESULT_CM	RESULT UNIT	wk	week	Result unit	8511	wk	week	
LAB_RESULT_CM	RESULT UNIT	UN	Unknown	Result unit	44814653	UN	Unknown	
LAB_RESULT_CM	RESULT MODIFIER	NI	NI=No  information	Result modifier	44814650	NI	No Information	NULL
LAB_RESULT_CM	RESULT UNIT	dg	decigram	Result unit	9485	dg	Decigram	
LAB_RESULT_CM	RESULT UNIT	g/mL	gram per milliliter	Result unit	9514	g/mL	gram per milliliter	
LAB_RESULT_CM	RESULT UNIT	H	Henry	Result unit	8518	H	Henry	
LAB_RESULT_CM	RESULT UNIT	[GPL'U]	IgG anticardiolipin unit**	Result unit	9100	[GPL'U]	IgG phospholipid unit	
LAB_RESULT_CM	RESULT UNIT	um	micrometer	Result unit	9666	um	micrometer	
LAB_RESULT_CM	RESULT UNIT	ng/dL	nanogram per deciliter	Result unit	8817	ng/dL	nanogram per deciliter	
LAB_RESULT_CM	RESULT UNIT	ng/mL	nanogram per millliiter	Result unit	8842	ng/mL	nanogram per milliliter	
LAB_RESULT_CM	RESULT UNIT	nmol/mL/h	nanomole per milliliter per hour	Result unit	44777631	nmol/mL/h	nmol/ml/hr	
LAB_RESULT_CM	RESULT UNIT	mg	milligram	Result unit	8576	mg	milligram	
LAB_RESULT_CM	NORM MODIFIER LOW	EQ	EQ=Equal	Result modifier	4172703	EQ	EQUAL	NULL
LAB_RESULT_CM	NORM MODIFIER LOW	GT	GT=Greater  than	Result modifier	4172704	GT	Greater than	NULL
LAB_RESULT_CM	NORM MODIFIER LOW	UN	UN=Unknown	Result modifier	44814653	UN	Unkown	NULL
LAB_RESULT_CM	NORM MODIFIER LOW	OT	OT=Other	Result modifier	44814649	OT	Other	NULL
LAB_RESULT_CM	NORM MODIFIER HIGH	EQ	EQ=Equal	Result modifier	4172703	EQ	EQUAL	NULL
LAB_RESULT_CM	NORM MODIFIER HIGH	LE	LE=Less  than  or  equal  to	Result modifier	4171754	LE	Less than or equal to	NULL
DISPENSING	DISPENSE DOSE DISP UNIT	[pH]	pH		0			
DISPENSING	DISPENSE DOSE DISP UNIT	{phenotype}	phenotype		0			
DISPENSING	DISPENSE DOSE DISP UNIT	pA	picoampere		0			
DISPENSING	DISPENSE DOSE DISP UNIT	pg	picogram		0			
DISPENSING	DISPENSE DOSE DISP UNIT	pg/{cell}	picogram per cell		0			
DISPENSING	DISPENSE DOSE DISP UNIT	pg/dL	picogram per deciliter		0			
DISPENSING	DISPENSE DOSE DISP UNIT	pg/L	picogram per liter		0			
DISPENSING	DISPENSE DOSE DISP UNIT	pg/mg	picogram per milligram		0			
DISPENSING	DISPENSE DOSE DISP UNIT	pg/mg{creat}	picogram per milligram of creatinine		0			
DISPENSING	DISPENSE DOSE DISP UNIT	pg/mL	picogram per milliliter		0			
DISPENSING	DISPENSE DOSE DISP UNIT	pg/mm	picogram per millimeter		0			
DISPENSING	DISPENSE DOSE DISP UNIT	pg/{RBC}	picogram per red blood cell		0			
DISPENSING	DISPENSE DOSE DISP UNIT	pkat	picokatal		0			
DISPENSING	DISPENSE DOSE DISP UNIT	pL	picoliter		0			
DISPENSING	DISPENSE DOSE DISP UNIT	pm	picometer		0			
DISPENSING	DISPENSE DOSE DISP UNIT	pmol	picomole		0			
DISPENSING	DISPENSE DOSE DISP UNIT	pmol/(24.h)	picomole per 24 hour		0			
DISPENSING	DISPENSE DOSE DISP UNIT	pmol/d	picomole per day		0			
DISPENSING	DISPENSE DOSE DISP UNIT	pmol/dL	picomole per deciliter		0			
DISPENSING	DISPENSE DOSE DISP UNIT	pmol/g	picomole per gram		0			
DISPENSING	DISPENSE DOSE DISP UNIT	pmol/h/mg{prot}	picomole per hour per milligram of protein		0			
DISPENSING	DISPENSE DOSE DISP UNIT	pmol/h/mL	picomole per hour per milliliter 		0			
DISPENSING	DISPENSE DOSE DISP UNIT	pmol/L	picomole per liter		0			
DISPENSING	DISPENSE DOSE DISP UNIT	pmol/umol	picomole per micromole		0			
DISPENSING	DISPENSE DOSE DISP UNIT	pmol/umol{creat}	picomole per micromole of creatinine		0			
DISPENSING	DISPENSE DOSE DISP UNIT	pmol/mg{prot}	picomole per milligram of protein		0			
DISPENSING	DISPENSE DOSE DISP UNIT	pmol/mL	picomole per milliliter		0			
DISPENSING	DISPENSE DOSE DISP UNIT	pmol/mmol{creat}	picomole per millimole of creatinine		0			
DISPENSING	DISPENSE DOSE DISP UNIT	pmol/min	picomole per minute		0			
DISPENSING	DISPENSE DOSE DISP UNIT	pmol/min/mg{prot}	picomole per minute per milligram of protein		0			
DISPENSING	DISPENSE DOSE DISP UNIT	pmol/{RBC}	picomole per red blood cell		0			
DISPENSING	DISPENSE DOSE DISP UNIT	ps	picosecond		0			
DISPENSING	DISPENSE DOSE DISP UNIT	pT	picotesla		0			
DISPENSING	DISPENSE DOSE DISP UNIT	[pt_us]	pint (US)		0			
DISPENSING	DISPENSE DOSE DISP UNIT	pmol/H/mg{protein}	pmol/H/mg{protein}=picomole per hour per milligram protein		0			
DISPENSING	DISPENSE DOSE DISP UNIT	[lb_av]	pound (US and British)		0			
DISPENSING	DISPENSE DOSE DISP UNIT	[psi]	pound per square inch		0			
DISPENSING	DISPENSE DOSE DISP UNIT	[qt_us]	quart (US)		0			
DISPENSING	DISPENSE DOSE DISP UNIT	{ratio}	ratio		0			
DISPENSING	DISPENSE DOSE DISP UNIT	{RBC}/uL	red blood cell per microliter		0			
DISPENSING	DISPENSE DOSE DISP UNIT	%{relative}	relative percent		0			
DISPENSING	DISPENSE DOSE DISP UNIT	{rel_saturation}	relative saturation		0			
DISPENSING	DISPENSE DOSE DISP UNIT	{Rubella_virus}	rubella virus		0			
DISPENSING	DISPENSE DOSE DISP UNIT	{saturation}	saturation		0			
DISPENSING	DISPENSE DOSE DISP UNIT	s	second		0			
DISPENSING	DISPENSE DOSE DISP UNIT	s/{control}	second per control		0			
DISPENSING	DISPENSE DOSE DISP UNIT	{shift}	shift		0			
DISPENSING	DISPENSE DOSE DISP UNIT	S	Siemens		0			
DISPENSING	DISPENSE DOSE DISP UNIT	{s_co_ratio}	signal to cutoff ratio		0			
DISPENSING	DISPENSE DOSE DISP UNIT	{spermatozoa}/mL	spermatozoa per milliliter		0			
DISPENSING	DISPENSE DOSE DISP UNIT	cm2	square centimeter		0			
DISPENSING	DISPENSE DOSE DISP UNIT	cm2/s	square centimeter per second		0			
DISPENSING	DISPENSE DOSE DISP UNIT	dm2/s2	square decimeter per square second		0			
DISPENSING	DISPENSE DOSE DISP UNIT	[sft_i]	square foot (international)		0			
DISPENSING	DISPENSE DOSE DISP UNIT	[sin_i]	square inch (international)		0			
DISPENSING	DISPENSE DOSE DISP UNIT	m2	square meter		0			
DISPENSING	DISPENSE DOSE DISP UNIT	m2/s	square meter per second		0			
DISPENSING	DISPENSE DOSE DISP UNIT	mm2	square millimeter		0			
DISPENSING	DISPENSE DOSE DISP UNIT	[syd_i]	square yard (international)		0			
DISPENSING	DISPENSE DOSE DISP UNIT	{STDV}	standard deviation		0			
DISPENSING	DISPENSE DOSE DISP UNIT	T	Tesla		0			
DISPENSING	DISPENSE DOSE DISP UNIT	10*3	thousand		0			
DISPENSING	DISPENSE DOSE DISP UNIT	10*3{copies}/mL	thousand copies per milliliter		0			
DISPENSING	DISPENSE DOSE DISP UNIT	10*3/L	thousand per liter		0			
DISPENSING	DISPENSE DOSE DISP UNIT	10*3/uL	thousand per microliter		0			
DISPENSING	DISPENSE DOSE DISP UNIT	10*3/mL	thousand per milliliter		0			
DISPENSING	DISPENSE DOSE DISP UNIT	{OD_unit}	optical density unit		0			
DISPENSING	DISPENSE DOSE DISP UNIT	{JDF'U}/L	Juvenile Diabetes Foundation unit per liter		0			
DISPENSING	DISPENSE DOSE DISP UNIT	{#}/[LPF]	number per low power field		0			
DISPENSING	DISPENSE DOSE DISP UNIT	Sv	Sievert		0			
DISPENSING	DISPENSE DOSE DISP UNIT	10*3{RBCs}	thousand red blood cells		0			
DISPENSING	DISPENSE DOSE DISP UNIT	{TSI_index}	thyroid-stimulating immunoglobulin index		0			
DISPENSING	DISPENSE DOSE DISP UNIT	{titer}	titer		0			
DISPENSING	DISPENSE DOSE DISP UNIT	[todd'U]	Todd unit		0			
DISPENSING	DISPENSE DOSE DISP UNIT	Torr	Torr		0			
DISPENSING	DISPENSE DOSE DISP UNIT	10*12/L	trillion per liter		0			
DISPENSING	DISPENSE DOSE DISP UNIT	[oz_tr]	Troy ounce		0			
DISPENSING	DISPENSE DOSE DISP UNIT	[tb'U]	tuberculin unit		0			
DISPENSING	DISPENSE DOSE DISP UNIT	umol/10*6{RBC}	umol/10*6{RBC}=micromole per million red blood cell		0			
DISPENSING	DISPENSE DOSE DISP UNIT	V	volt		0			
DISPENSING	DISPENSE DOSE DISP UNIT	Wb	Weber		0			
DISPENSING	DISPENSE DOSE DISP UNIT	wk	week		0			
DISPENSING	DISPENSE DOSE DISP UNIT	{WBCs}	white blood cells		0			
DISPENSING	DISPENSE DOSE DISP UNIT	[yd_i]	yard (international)		0			
DISPENSING	DISPENSE DOSE DISP UNIT	a	year		0			
DISPENSING	DISPENSE ROUTE	INTRACERVICAL	INTRACERVICAL=Intracervical route (qualifier value)		0			
DISPENSING	DISPENSE ROUTE	OCULAR	OCULAR=Ocular route (qualifier value)		0			
LAB_RESULT_CM	SPECIMEN SOURCE	^BPU	^BPU=^BPU		0			
LAB_RESULT_CM	SPECIMEN SOURCE	^BPU.AUTOLOGOUS	^BPU.AUTOLOGOUS=^BPU.autologous		0			
LAB_RESULT_CM	SPECIMEN SOURCE	^BPU.PLATELET_PHERESIS	^BPU.PLATELET_PHERESIS=^BPU.platelet_pheresis		0			
LAB_RESULT_CM	SPECIMEN SOURCE	^CANCER	^CANCER=^Cancer		0			
DISPENSING	DISPENSE ROUTE	INTRAPERICARDIAL	INTRAPERICARDIAL=Intrapericardial  route  (qualifier  value)		0			
LAB_RESULT_CM	SPECIMEN SOURCE	^EGG_DONOR	^EGG_DONOR=^Egg_donor		0			
LAB_RESULT_CM	SPECIMEN SOURCE	^EMBRYO	^EMBRYO=^Embryo		0			
LAB_RESULT_CM	SPECIMEN SOURCE	^FATHER	^FATHER=^Father		0			
LAB_RESULT_CM	SPECIMEN SOURCE	^FETUS	^FETUS=^Fetus		0			
LAB_RESULT_CM	SPECIMEN SOURCE	^GUARDIAN_OR_LEGALLY_AUTHORIZED_REPRESENTATIVE	^GUARDIAN_OR_LEGALLY_AUTHORIZED_REPRESENTATIVE=^Guardian_or_legally_authorized_representative		0			
LAB_RESULT_CM	SPECIMEN SOURCE	^MOTHER	^MOTHER=^Mother		0			
LAB_RESULT_CM	SPECIMEN SOURCE	^MUSHROOM_SPECIMEN	^MUSHROOM_SPECIMEN=^Mushroom_specimen		0			
LAB_RESULT_CM	SPECIMEN SOURCE	^POPULATION	^POPULATION=^Population		0			
LAB_RESULT_CM	SPECIMEN SOURCE	^SPECIMEN	^SPECIMEN=^Specimen		0			
LAB_RESULT_CM	SPECIMEN SOURCE	^TICK	^TICK=^Tick		0			
LAB_RESULT_CM	SPECIMEN SOURCE	{SETTING}	{SETTING}={Setting}		0			
LAB_RESULT_CM	SPECIMEN SOURCE	ABDOMEN.FNA	ABDOMEN.FNA=Abdomen.FNA		0			
LAB_RESULT_CM	SPECIMEN SOURCE	AMNIO_FLD	AMNIO_FLD=Amnio_fld		0			
LAB_RESULT_CM	SPECIMEN SOURCE	AMNIO_FLD_CELLS	AMNIO_FLD_CELLS=Amnio_fld_cells		0			
LAB_RESULT_CM	SPECIMEN SOURCE	AMNIO_FLD_CVS	AMNIO_FLD_CVS=Amnio_fld/CVS		0			
LAB_RESULT_CM	SPECIMEN SOURCE	ANOGENITAL	ANOGENITAL=Anogenital		0			
LAB_RESULT_CM	SPECIMEN SOURCE	ANORECTAL	ANORECTAL=Anorectal		0			
LAB_RESULT_CM	SPECIMEN SOURCE	ANORECTAL_ISOLATE	ANORECTAL_ISOLATE=Anorectal/isolate		0			
LAB_RESULT_CM	SPECIMEN SOURCE	ANORECTAL_STOOL	ANORECTAL_STOOL=Anorectal/Stool		0			
LAB_RESULT_CM	SPECIMEN SOURCE	AORTA.ROOT	AORTA.ROOT=Aorta.root		0			
LAB_RESULT_CM	SPECIMEN SOURCE	BAL	BAL=BAL		0			
LAB_RESULT_CM	SPECIMEN SOURCE	BARTHOLIN_CYST	BARTHOLIN_CYST=Bartholin_cyst		0			
LAB_RESULT_CM	SPECIMEN SOURCE	BBL	BBL=BBL		0			
LAB_RESULT_CM	SPECIMEN SOURCE	BLD.BUFFY_COAT	BLD.BUFFY_COAT=Bld.buffy_coat		0			
LAB_RESULT_CM	SPECIMEN SOURCE	BLD.DOT	BLD.DOT=Bld.dot		0			
LAB_RESULT_CM	SPECIMEN SOURCE	BLD.POS_GROWTH	BLD.POS_GROWTH=Bld.pos_growth		0			
LAB_RESULT_CM	SPECIMEN SOURCE	BLD^BPU	BLD^BPU=Bld^BPU		0			
LAB_RESULT_CM	SPECIMEN SOURCE	BLD^CONTROL	BLD^CONTROL=Bld^control		0			
LAB_RESULT_CM	SPECIMEN SOURCE	BLD^DONOR	BLD^DONOR=Bld^donor		0			
LAB_RESULT_CM	SPECIMEN SOURCE	BLD^FATHER	BLD^FATHER=Bld^father		0			
LAB_RESULT_CM	SPECIMEN SOURCE	BLD^FETUS	BLD^FETUS=Bld^fetus		0			
LAB_RESULT_CM	SPECIMEN SOURCE	BLD^MOTHER	BLD^MOTHER=Bld^Mother		0			
LAB_RESULT_CM	SPECIMEN SOURCE	BLD^NEWBORN	BLD^NEWBORN=Bld^newborn		0			
LAB_RESULT_CM	SPECIMEN SOURCE	BLD^PATIENT	BLD^PATIENT=Bld^patient		0			
LAB_RESULT_CM	SPECIMEN SOURCE	BLD_BONE_MAR	BLD_BONE_MAR=Bld/Bone_mar		0			
LAB_RESULT_CM	SPECIMEN SOURCE	BLD_BONE_MAR^DONOR	BLD_BONE_MAR^DONOR=Bld/Bone_mar^donor		0			
LAB_RESULT_CM	SPECIMEN SOURCE	BLD_MC	BLD_MC=Bld_MC		0			
LAB_RESULT_CM	SPECIMEN SOURCE	BLD_TISS	BLD_TISS=Bld/Tiss		0			
LAB_RESULT_CM	SPECIMEN SOURCE	BLD_TISS^DONOR	BLD_TISS^DONOR=Bld/Tiss^donor		0			
LAB_RESULT_CM	SPECIMEN SOURCE	BLD_TISS_SAL	BLD_TISS_SAL=Bld/Tiss/Sal		0			
LAB_RESULT_CM	SPECIMEN SOURCE	BLD_URINE	BLD_URINE=Bld/Urine		0			
LAB_RESULT_CM	SPECIMEN SOURCE	BLD+INHL_GAS	BLD+INHL_GAS=Bld+Inhl_gas		0			
LAB_RESULT_CM	SPECIMEN SOURCE	BLDA+INHL_GAS	BLDA+INHL_GAS=BldA+Inhl_gas		0			
LAB_RESULT_CM	SPECIMEN SOURCE	BLDC+INHL_GAS	BLDC+INHL_GAS=BldC+Inhl_gas		0			
LAB_RESULT_CM	SPECIMEN SOURCE	BLDCOA	BLDCOA=BldCoA		0			
LAB_RESULT_CM	SPECIMEN SOURCE	BLDCOMV	BLDCOMV=BldCoMV		0			
LAB_RESULT_CM	SPECIMEN SOURCE	BLDCOV	BLDCOV=BldCoV		0			
LAB_RESULT_CM	SPECIMEN SOURCE	BLDCRRT	BLDCRRT=BldCRRT		0			
LAB_RESULT_CM	SPECIMEN SOURCE	BLDMV	BLDMV=BldMV		0			
LAB_RESULT_CM	SPECIMEN SOURCE	BLDMV+INHL_GAS	BLDMV+INHL_GAS=BldMV+Inhl_gas		0			
LAB_RESULT_CM	SPECIMEN SOURCE	BLDP	BLDP=BldP		0			
LAB_RESULT_CM	SPECIMEN SOURCE	BLDV+INHL_GAS	BLDV+INHL_GAS=BldV+Inhl_gas		0			
LAB_RESULT_CM	SPECIMEN SOURCE	BODY_FLD.SPUN	BODY_FLD.SPUN=Body_fld.spun		0			
LAB_RESULT_CM	SPECIMEN SOURCE	BODY_FLD^FETUS	BODY_FLD^FETUS=Body_Fld^fetus		0			
LAB_RESULT_CM	SPECIMEN SOURCE	BODY_FLD+SER_PLAS	BODY_FLD+SER_PLAS=Body_fld+Ser/Plas		0			
LAB_RESULT_CM	SPECIMEN SOURCE	BONE^DONOR	BONE^DONOR=Bone^donor		0			
LAB_RESULT_CM	SPECIMEN SOURCE	BONE_MAR	BONE_MAR=Bone_mar		0			
LAB_RESULT_CM	SPECIMEN SOURCE	BRAIN	BRAIN=Brain		0			
LAB_RESULT_CM	SPECIMEN SOURCE	BREAST.DUCTAL_LAVAGE	BREAST.DUCTAL_LAVAGE=Breast.ductal_lavage		0			
LAB_RESULT_CM	SPECIMEN SOURCE	BREAST.FNA	BREAST.FNA=Breast.FNA		0			
LAB_RESULT_CM	SPECIMEN SOURCE	BREAST_CANCER_SPECIMEN	BREAST_CANCER_SPECIMEN=Breast_cancer_specimen		0			
LAB_RESULT_CM	SPECIMEN SOURCE	BREAST_TUMOR	BREAST_TUMOR=Breast_tumor		0			
LAB_RESULT_CM	SPECIMEN SOURCE	BUCCAL_SMEAR	BUCCAL_SMEAR=Buccal_smear		0			
LAB_RESULT_CM	SPECIMEN SOURCE	BURN	BURN=Burn		0			
LAB_RESULT_CM	SPECIMEN SOURCE	BURSA_OF_FABRICIUS	BURSA_OF_FABRICIUS=Bursa_of_Fabricius		0			
LAB_RESULT_CM	SPECIMEN SOURCE	CANCER_SPECIMEN	CANCER_SPECIMEN=Cancer_specimen		0			
LAB_RESULT_CM	SPECIMEN SOURCE	CHEESE	CHEESE=Cheese		0			
LAB_RESULT_CM	SPECIMEN SOURCE	CNJT	CNJT=Cnjt		0			
LAB_RESULT_CM	SPECIMEN SOURCE	CNL	CNL=Cnl		0			
LAB_RESULT_CM	SPECIMEN SOURCE	COL	COL=Col		0			
LAB_RESULT_CM	SPECIMEN SOURCE	COLORECTAL_CANCER_SPECIMEN	COLORECTAL_CANCER_SPECIMEN=Colorectal_cancer_specimen		0			
LAB_RESULT_CM	SPECIMEN SOURCE	CONTACT_LENS	CONTACT_LENS=Contact_lens		0			
LAB_RESULT_CM	SPECIMEN SOURCE	CORONARY_SINUS	CORONARY_SINUS=Coronary_sinus		0			
LAB_RESULT_CM	SPECIMEN SOURCE	CRN	CRN=Crn		0			
LAB_RESULT_CM	SPECIMEN SOURCE	CSF.SPUN	CSF.SPUN=CSF.spun		0			
LAB_RESULT_CM	SPECIMEN SOURCE	CTP	CTP=Ctp		0			
LAB_RESULT_CM	SPECIMEN SOURCE	CURRENT_SAMPLE	CURRENT_SAMPLE=Current_sample		0			
LAB_RESULT_CM	SPECIMEN SOURCE	CVM	CVM=Cvm		0			
LAB_RESULT_CM	SPECIMEN SOURCE	CVS	CVS=CVS		0			
LAB_RESULT_CM	SPECIMEN SOURCE	CVX	CVX=Cvx		0			
LAB_RESULT_CM	SPECIMEN SOURCE	DEEP_TISSUE.FNA	DEEP_TISSUE.FNA=Deep_tissue.FNA		0			
LAB_RESULT_CM	SPECIMEN SOURCE	DENTIN	DENTIN=Dentin		0			
LAB_RESULT_CM	SPECIMEN SOURCE	DIAL_FLD	DIAL_FLD=Dial_fld		0			
LAB_RESULT_CM	SPECIMEN SOURCE	DIAL_FLD.SPUN	DIAL_FLD.SPUN=Dial_fld.spun		0			
LAB_RESULT_CM	SPECIMEN SOURCE	DIAL_FLD_PRT+SER_PLAS	DIAL_FLD_PRT+SER_PLAS=Dial_fld_prt+Ser/Plas		0			
LAB_RESULT_CM	SPECIMEN SOURCE	DIAL_FLD+SER_PLAS	DIAL_FLD+SER_PLAS=Dial_fld+Ser/Plas		0			
LAB_RESULT_CM	SPECIMEN SOURCE	DOSE	DOSE=Dose		0			
LAB_RESULT_CM	SPECIMEN SOURCE	DUCTUS_ARTERIOSUS	DUCTUS_ARTERIOSUS=Ductus_arteriosus		0			
LAB_RESULT_CM	SPECIMEN SOURCE	DUOD_FLD	DUOD_FLD=Duod_fld		0			
LAB_RESULT_CM	SPECIMEN SOURCE	DUOD_FLD_GAST_FLD	DUOD_FLD_GAST_FLD=Duod_fld/Gast_fld		0			
LAB_RESULT_CM	SPECIMEN SOURCE	EAR_FLUID	EAR_FLUID=Ear_fluid		0			
LAB_RESULT_CM	SPECIMEN SOURCE	EGG	EGG=Egg		0			
LAB_RESULT_CM	SPECIMEN SOURCE	EGGYLK	EGGYLK=Eggylk		0			
LAB_RESULT_CM	SPECIMEN SOURCE	ENDOCERVICAL_BRUSH	ENDOCERVICAL_BRUSH=Endocervical_brush		0			
LAB_RESULT_CM	SPECIMEN SOURCE	ENDOMET	ENDOMET=Endomet		0			
LAB_RESULT_CM	SPECIMEN SOURCE	ENDOMYOCARDIUM	ENDOMYOCARDIUM=Endomyocardium		0			
LAB_RESULT_CM	SPECIMEN SOURCE	ENVIR	ENVIR=Envir		0			
LAB_RESULT_CM	SPECIMEN SOURCE	ENVIRONMENTAL_SPECIMEN	ENVIRONMENTAL_SPECIMEN=Environmental_specimen		0			
LAB_RESULT_CM	SPECIMEN SOURCE	EXTRACELLULAR_FLD	EXTRACELLULAR_FLD=Extracellular_fld		0			
LAB_RESULT_CM	SPECIMEN SOURCE	EXUDATE	EXUDATE=Exudate		0			
LAB_RESULT_CM	SPECIMEN SOURCE	FACILITY	FACILITY=Facility		0			
LAB_RESULT_CM	SPECIMEN SOURCE	FEATHER	FEATHER=Feather		0			
LAB_RESULT_CM	SPECIMEN SOURCE	FEED	FEED=Feed		0			
LAB_RESULT_CM	SPECIMEN SOURCE	FIBROBLASTS	FIBROBLASTS=Fibroblasts		0			
LAB_RESULT_CM	SPECIMEN SOURCE	FOOD	FOOD=Food		0			
LAB_RESULT_CM	SPECIMEN SOURCE	GAS	GAS=Gas		0			
LAB_RESULT_CM	SPECIMEN SOURCE	GAST_FLD	GAST_FLD=Gast_fld		0			
LAB_RESULT_CM	SPECIMEN SOURCE	GENITAL_FLD	GENITAL_FLD=Genital_fld		0			
LAB_RESULT_CM	SPECIMEN SOURCE	GENITAL_LOC	GENITAL_LOC=Genital_loc		0			
LAB_RESULT_CM	SPECIMEN SOURCE	GENITAL_MUC	GENITAL_MUC=Genital_muc		0			
LAB_RESULT_CM	SPECIMEN SOURCE	GI_CNT	GI_CNT=GI_cnt		0			
LAB_RESULT_CM	SPECIMEN SOURCE	GLUCOSE_METER_DEVICE	GLUCOSE_METER_DEVICE=Glucose_meter_device		0			
LAB_RESULT_CM	SPECIMEN SOURCE	HEART.ATRIUM.LEFT	HEART.ATRIUM.LEFT=Heart.atrium.left		0			
LAB_RESULT_CM	SPECIMEN SOURCE	HEART.ATRIUM.RIGHT	HEART.ATRIUM.RIGHT=Heart.atrium.right		0			
LAB_RESULT_CM	SPECIMEN SOURCE	HEART.ATRIUM.RIGHT.HIGH	HEART.ATRIUM.RIGHT.HIGH=Heart.atrium.right.high		0			
LAB_RESULT_CM	SPECIMEN SOURCE	HEART.ATRIUM.RIGHT.LOW	HEART.ATRIUM.RIGHT.LOW=Heart.atrium.right.low		0			
LAB_RESULT_CM	SPECIMEN SOURCE	HEART.ATRIUM.RIGHT.MID	HEART.ATRIUM.RIGHT.MID=Heart.atrium.right.mid		0			
LAB_RESULT_CM	SPECIMEN SOURCE	HEART.VENTRICLE.LEFT	HEART.VENTRICLE.LEFT=Heart.ventricle.left		0			
LAB_RESULT_CM	SPECIMEN SOURCE	HEART.VENTRICLE.RIGHT	HEART.VENTRICLE.RIGHT=Heart.ventricle.right		0			
LAB_RESULT_CM	SPECIMEN SOURCE	HEART.VENTRICLE.RIGHT.OUTFLOW_TRACT	HEART.VENTRICLE.RIGHT.OUTFLOW_TRACT=Heart.ventricle.right.outflow_tract		0			
LAB_RESULT_CM	SPECIMEN SOURCE	HEMATOPOIETIC_PROGENITOR_CELLS^BPU	HEMATOPOIETIC_PROGENITOR_CELLS^BPU=Hematopoietic_progenitor_cells^BPU		0			
LAB_RESULT_CM	SPECIMEN SOURCE	HYPERAL_SOLUTION	HYPERAL_SOLUTION=Hyperal_solution		0			
LAB_RESULT_CM	SPECIMEN SOURCE	IMPLANTED_DEVICE	IMPLANTED_DEVICE=Implanted_device		0			
LAB_RESULT_CM	SPECIMEN SOURCE	INDEX_CASE^COMPARISON_CASE	INDEX_CASE^COMPARISON_CASE=Index_case^comparison_case		0			
LAB_RESULT_CM	SPECIMEN SOURCE	INITIAL_SAMPLE	INITIAL_SAMPLE=Initial_sample		0			
LAB_RESULT_CM	SPECIMEN SOURCE	INTRATHECAL_SPACE	INTRATHECAL_SPACE=Intrathecal_space		0			
LAB_RESULT_CM	SPECIMEN SOURCE	ISOLATE	ISOLATE=Isolate		0			
LAB_RESULT_CM	SPECIMEN SOURCE	ISOLATE.MENINGITIS	ISOLATE.MENINGITIS=Isolate.meningitis		0			
LAB_RESULT_CM	SPECIMEN SOURCE	ISOLATE.PNEUMONIA	ISOLATE.PNEUMONIA=Isolate.pneumonia		0			
LAB_RESULT_CM	SPECIMEN SOURCE	ISOLATE.UTI	ISOLATE.UTI=Isolate.UTI		0			
LAB_RESULT_CM	SPECIMEN SOURCE	ISOLATE+SER	ISOLATE+SER=Isolate+Ser		0			
LAB_RESULT_CM	SPECIMEN SOURCE	LABORATORY_DEVICE	LABORATORY_DEVICE=Laboratory_device		0			
LAB_RESULT_CM	SPECIMEN SOURCE	LINE	LINE=Line		0			
LAB_RESULT_CM	SPECIMEN SOURCE	LITTER	LITTER=Litter		0			
LAB_RESULT_CM	SPECIMEN SOURCE	LIVER	LIVER=Liver		0			
LAB_RESULT_CM	SPECIMEN SOURCE	LIVER^FETUS	LIVER^FETUS=Liver^fetus		0			
LAB_RESULT_CM	SPECIMEN SOURCE	LUNG.FNA	LUNG.FNA=Lung.FNA		0			
LAB_RESULT_CM	SPECIMEN SOURCE	LUNG_TISS	LUNG_TISS=Lung_tiss		0			
LAB_RESULT_CM	SPECIMEN SOURCE	LYMPHOBLASTS	LYMPHOBLASTS=Lymphoblasts		0			
LAB_RESULT_CM	SPECIMEN SOURCE	MECONIUM	MECONIUM=Meconium		0			
LAB_RESULT_CM	SPECIMEN SOURCE	MESORECTUM	MESORECTUM=Mesorectum		0			
LAB_RESULT_CM	SPECIMEN SOURCE	MLK.RAW	MLK.RAW=Mlk.raw		0			
LAB_RESULT_CM	SPECIMEN SOURCE	MMLK	MMLK=Mmlk		0			
LAB_RESULT_CM	SPECIMEN SOURCE	MONOCYTE	MONOCYTE=Monocyte		0			
LAB_RESULT_CM	SPECIMEN SOURCE	MOUTH	MOUTH=Mouth		0			
LAB_RESULT_CM	SPECIMEN SOURCE	MUSCLE	MUSCLE=Muscle		0			
LAB_RESULT_CM	SPECIMEN SOURCE	NAIL	NAIL=Nail		0			
LAB_RESULT_CM	SPECIMEN SOURCE	NASAL_FLUID	NASAL_FLUID=Nasal_fluid		0			
LAB_RESULT_CM	SPECIMEN SOURCE	NBS_CARD	NBS_CARD=NBS_card		0			
LAB_RESULT_CM	SPECIMEN SOURCE	NECK_MASS.FNA	NECK_MASS.FNA=Neck_mass.FNA		0			
LAB_RESULT_CM	SPECIMEN SOURCE	NEUTROPHIL	NEUTROPHIL=Neutrophil		0			
LAB_RESULT_CM	SPECIMEN SOURCE	NIPPLE_DISCHARGE	NIPPLE_DISCHARGE=Nipple_discharge		0			
LAB_RESULT_CM	SPECIMEN SOURCE	NOSE	NOSE=Nose		0			
LAB_RESULT_CM	SPECIMEN SOURCE	NOSE_TRAC	NOSE_TRAC=Nose/Trac		0			
LAB_RESULT_CM	SPECIMEN SOURCE	NPH	NPH=Nph		0			
LAB_RESULT_CM	SPECIMEN SOURCE	OCULAR_FLD	OCULAR_FLD=Ocular_fld		0			
LAB_RESULT_CM	SPECIMEN SOURCE	PELVIS.FNA	PELVIS.FNA=Pelvis.FNA		0			
LAB_RESULT_CM	SPECIMEN SOURCE	PERICARD_FLD	PERICARD_FLD=Pericard_fld		0			
LAB_RESULT_CM	SPECIMEN SOURCE	PERICARD_FLD.SPUN	PERICARD_FLD.SPUN=Pericard_fld.spun		0			
LAB_RESULT_CM	SPECIMEN SOURCE	PERICARD_FLD+SER_PLAS	PERICARD_FLD+SER_PLAS=Pericard_fld+Ser/Plas		0			
LAB_RESULT_CM	SPECIMEN SOURCE	PERITON_FLD	PERITON_FLD=Periton_fld		0			
LAB_RESULT_CM	SPECIMEN SOURCE	PERITON_FLD.SPUN	PERITON_FLD.SPUN=Periton_fld.spun		0			
LAB_RESULT_CM	SPECIMEN SOURCE	PERITON_FLD+SER_PLAS	PERITON_FLD+SER_PLAS=Periton_fld+Ser/Plas		0			
LAB_RESULT_CM	SPECIMEN SOURCE	PHARYNX	PHARYNX=Pharynx		0			
LAB_RESULT_CM	SPECIMEN SOURCE	PLANT	PLANT=Plant		0			
LAB_RESULT_CM	SPECIMEN SOURCE	PLAS.CFDNA	PLAS.CFDNA=Plas.cfDNA		0			
LAB_RESULT_CM	SPECIMEN SOURCE	PLAS^DONOR	PLAS^DONOR=Plas^donor		0			
LAB_RESULT_CM	SPECIMEN SOURCE	PLAS_BLD	PLAS_BLD=Plas/Bld		0			
LAB_RESULT_CM	SPECIMEN SOURCE	PLAS+CSF	PLAS+CSF=Plas+CSF		0			
LAB_RESULT_CM	SPECIMEN SOURCE	PLAS+URINE	PLAS+URINE=Plas+Urine		0			
LAB_RESULT_CM	SPECIMEN SOURCE	PLASA	PLASA=PlasA		0			
LAB_RESULT_CM	SPECIMEN SOURCE	PLATELETS	PLATELETS=Platelets		0			
LAB_RESULT_CM	SPECIMEN SOURCE	PLATELETS^BPU	PLATELETS^BPU=Platelets^BPU		0			
LAB_RESULT_CM	SPECIMEN SOURCE	PLEURA	PLEURA=Pleura		0			
LAB_RESULT_CM	SPECIMEN SOURCE	PLR_FLD	PLR_FLD=Plr_fld		0			
LAB_RESULT_CM	SPECIMEN SOURCE	PLR_FLD.SPUN	PLR_FLD.SPUN=Plr_fld.spun		0			
LAB_RESULT_CM	SPECIMEN SOURCE	PLR_FLD^FETUS	PLR_FLD^FETUS=Plr_fld^fetus		0			
LAB_RESULT_CM	SPECIMEN SOURCE	POC	POC=POC		0			
LAB_RESULT_CM	SPECIMEN SOURCE	PPP^CONTROL	PPP^CONTROL=PPP^control		0			
LAB_RESULT_CM	SPECIMEN SOURCE	PPP^FETUS	PPP^FETUS=PPP^fetus		0			
LAB_RESULT_CM	SPECIMEN SOURCE	PPP^POOL	PPP^POOL=PPP^pool		0			
LAB_RESULT_CM	SPECIMEN SOURCE	PPP_BLD	PPP_BLD=PPP/Bld		0			
LAB_RESULT_CM	SPECIMEN SOURCE	PREPUTIAL_WASH	PREPUTIAL_WASH=Preputial_wash		0			
LAB_RESULT_CM	SPECIMEN SOURCE	PROSTATE_CANCER.XXX	PROSTATE_CANCER.XXX=Prostate_cancer.XXX		0			
LAB_RESULT_CM	SPECIMEN SOURCE	PROSTATIC_FLD	PROSTATIC_FLD=Prostatic_fld		0			
LAB_RESULT_CM	SPECIMEN SOURCE	PRP	PRP=PRP		0			
LAB_RESULT_CM	SPECIMEN SOURCE	PRP^CONTROL	PRP^CONTROL=PRP^control		0			
LAB_RESULT_CM	SPECIMEN SOURCE	DAIRY_PRODUCT	DAIRY_PRODUCT=Dairy_product		0			
LAB_RESULT_CM	SPECIMEN SOURCE	DIAL_FLD_PRT	DIAL_FLD_PRT=Dial_fld_prt		0			
LAB_RESULT_CM	SPECIMEN SOURCE	PERITONEUM	PERITONEUM=Peritoneum		0			
LAB_RESULT_CM	SPECIMEN SOURCE	PLASV	PLASV=PlasV		0			
LAB_RESULT_CM	SPECIMEN SOURCE	PROVIDER	PROVIDER=Provider		0			
LAB_RESULT_CM	SPECIMEN SOURCE	PRP^DONOR	PRP^DONOR=PRP^donor		0			
LAB_RESULT_CM	SPECIMEN SOURCE	PULMONARY_ARTERY.LEFT	PULMONARY_ARTERY.LEFT=Pulmonary_artery.left		0			
LAB_RESULT_CM	SPECIMEN SOURCE	PULMONARY_ARTERY.MAIN	PULMONARY_ARTERY.MAIN=Pulmonary_artery.main		0			
LAB_RESULT_CM	SPECIMEN SOURCE	PULMONARY_ARTERY.RIGHT	PULMONARY_ARTERY.RIGHT=Pulmonary_artery.right		0			
LAB_RESULT_CM	SPECIMEN SOURCE	PUS	PUS=Pus		0			
LAB_RESULT_CM	SPECIMEN SOURCE	RBC^DONOR	RBC^DONOR=RBC^donor		0			
LAB_RESULT_CM	SPECIMEN SOURCE	RBC^FETUS	RBC^FETUS=RBC^fetus		0			
LAB_RESULT_CM	SPECIMEN SOURCE	RBC^PATIENT	RBC^PATIENT=RBC^patient		0			
LAB_RESULT_CM	SPECIMEN SOURCE	RBCCO	RBCCO=RBCCo		0			
LAB_RESULT_CM	SPECIMEN SOURCE	REPORT	REPORT=Report		0			
LAB_RESULT_CM	SPECIMEN SOURCE	REPOSITORY	REPOSITORY=Repository		0			
LAB_RESULT_CM	SPECIMEN SOURCE	RETIC	RETIC=Retic		0			
LAB_RESULT_CM	SPECIMEN SOURCE	RH_IMMUNE_GLOBULIN	RH_IMMUNE_GLOBULIN=Rh_immune_globulin		0			
LAB_RESULT_CM	SPECIMEN SOURCE	SALIVARY_GLAND.FNA	SALIVARY_GLAND.FNA=Salivary_gland.FNA		0			
LAB_RESULT_CM	SPECIMEN SOURCE	SEMEN+CVM	SEMEN+CVM=Semen+Cvm		0			
LAB_RESULT_CM	SPECIMEN SOURCE	SEMIN_PLAS	SEMIN_PLAS=Semin_plas		0			
LAB_RESULT_CM	SPECIMEN SOURCE	SER^DONOR	SER^DONOR=Ser^donor		0			
LAB_RESULT_CM	SPECIMEN SOURCE	SER_BLD	SER_BLD=Ser/Bld		0			
LAB_RESULT_CM	SPECIMEN SOURCE	SER_PLAS.ULTRACENTRIFUGATE	SER_PLAS.ULTRACENTRIFUGATE=Ser/Plas.ultracentrifugate		0			
LAB_RESULT_CM	SPECIMEN SOURCE	SER_PLAS^BPU	SER_PLAS^BPU=Ser/Plas^BPU		0			
LAB_RESULT_CM	SPECIMEN SOURCE	SER_PLAS^DONOR	SER_PLAS^DONOR=Ser/Plas^donor		0			
LAB_RESULT_CM	SPECIMEN SOURCE	SER_PLAS^FETUS	SER_PLAS^FETUS=Ser/Plas^fetus		0			
LAB_RESULT_CM	SPECIMEN SOURCE	SER_PLAS^NORMAL_CONTROL	SER_PLAS^NORMAL_CONTROL=Ser/Plas^normal_control		0			
LAB_RESULT_CM	SPECIMEN SOURCE	SER_PLAS_BLD	SER_PLAS_BLD=Ser/Plas/Bld		0			
LAB_RESULT_CM	SPECIMEN SOURCE	SER_PLAS_BLD^DONOR	SER_PLAS_BLD^DONOR=Ser/Plas/Bld^Donor		0			
LAB_RESULT_CM	SPECIMEN SOURCE	SER_PLAS_BLDV	SER_PLAS_BLDV=Ser/Plas/BldV		0			
LAB_RESULT_CM	SPECIMEN SOURCE	SER_PLAS_URINE	SER_PLAS_URINE=Ser/Plas/Urine		0			
LAB_RESULT_CM	SPECIMEN SOURCE	SER_PLAS+CSF	SER_PLAS+CSF=Ser/Plas+CSF		0			
LAB_RESULT_CM	SPECIMEN SOURCE	SER_PLAS+PLR_FLD	SER_PLAS+PLR_FLD=Ser/Plas+Plr_fld		0			
LAB_RESULT_CM	SPECIMEN SOURCE	SER_PLAS+STOOL	SER_PLAS+STOOL=Ser/Plas+Stool		0			
LAB_RESULT_CM	SPECIMEN SOURCE	SER_PLAS+SYNV_FLD	SER_PLAS+SYNV_FLD=Ser/Plas+Synv_fld		0			
LAB_RESULT_CM	SPECIMEN SOURCE	SER+CSF	SER+CSF=Ser+CSF		0			
LAB_RESULT_CM	SPECIMEN SOURCE	SER+PLAS	SER+PLAS=Ser+Plas		0			
LAB_RESULT_CM	SPECIMEN SOURCE	SER+RBC^CONTROL	SER+RBC^CONTROL=Ser+RBC^control		0			
LAB_RESULT_CM	SPECIMEN SOURCE	SER+SALIVA	SER+SALIVA=Ser+Saliva		0			
LAB_RESULT_CM	SPECIMEN SOURCE	SINUS	SINUS=Sinus		0			
LAB_RESULT_CM	SPECIMEN SOURCE	SKIN_MELANOMA	SKIN_MELANOMA=Skin_melanoma		0			
LAB_RESULT_CM	SPECIMEN SOURCE	SMALL_INTES_FIXED	SMALL_INTES_FIXED=Small_intes_fixed		0			
LAB_RESULT_CM	SPECIMEN SOURCE	SMPLS	SMPLS=Smpls		0			
LAB_RESULT_CM	SPECIMEN SOURCE	SPERMATOZOA	SPERMATOZOA=Spermatozoa		0			
LAB_RESULT_CM	SPECIMEN SOURCE	SPIRAL_COLON	SPIRAL_COLON=Spiral_colon		0			
LAB_RESULT_CM	SPECIMEN SOURCE	SPTC	SPTC=Sptc		0			
LAB_RESULT_CM	SPECIMEN SOURCE	SPTT	SPTT=Sptt		0			
LAB_RESULT_CM	SPECIMEN SOURCE	SPUTUM	SPUTUM=Sputum		0			
LAB_RESULT_CM	SPECIMEN SOURCE	SPUTUM_BRONCHIAL	SPUTUM_BRONCHIAL=Sputum/Bronchial		0			
LAB_RESULT_CM	SPECIMEN SOURCE	SPUTUM_GAST_FLD	SPUTUM_GAST_FLD=Sputum/Gast_fld		0			
LAB_RESULT_CM	SPECIMEN SOURCE	STOMACH	STOMACH=Stomach		0			
LAB_RESULT_CM	SPECIMEN SOURCE	STOMACH_CANCER	STOMACH_CANCER=Stomach_cancer		0			
LAB_RESULT_CM	SPECIMEN SOURCE	STOOL.DRIED	STOOL.DRIED=Stool.dried		0			
LAB_RESULT_CM	SPECIMEN SOURCE	STOOL.WET	STOOL.WET=Stool.wet		0			
LAB_RESULT_CM	SPECIMEN SOURCE	STUDY	STUDY=Study		0			
LAB_RESULT_CM	SPECIMEN SOURCE	SUBMANDIBULAR.FNA	SUBMANDIBULAR.FNA=Submandibular.FNA		0			
LAB_RESULT_CM	SPECIMEN SOURCE	SUPERFICIAL_TISSUE.FNA	SUPERFICIAL_TISSUE.FNA=Superficial_tissue.FNA		0			
LAB_RESULT_CM	SPECIMEN SOURCE	SYNV_FLD.SPUN	SYNV_FLD.SPUN=Synv_fld.spun		0			
LAB_RESULT_CM	SPECIMEN SOURCE	TEAR	TEAR=Tear		0			
LAB_RESULT_CM	SPECIMEN SOURCE	TISS	TISS=Tiss		0			
LAB_RESULT_CM	SPECIMEN SOURCE	TISS^CONTROL	TISS^CONTROL=Tiss^control		0			
LAB_RESULT_CM	SPECIMEN SOURCE	TISS^FETUS	TISS^FETUS=Tiss^fetus		0			
LAB_RESULT_CM	SPECIMEN SOURCE	TISS_FAT	TISS_FAT=Tiss_fat		0			
LAB_RESULT_CM	SPECIMEN SOURCE	TISS_FIXED	TISS_FIXED=Tiss_fixed		0			
LAB_RESULT_CM	SPECIMEN SOURCE	TISSUE_CHIP	TISSUE_CHIP=Tissue_chip		0			
LAB_RESULT_CM	SPECIMEN SOURCE	TISSUE_CORE	TISSUE_CORE=Tissue_core		0			
LAB_RESULT_CM	SPECIMEN SOURCE	TLGI_TSMI	TLGI_TSMI=Tlgi/Tsmi		0			
LAB_RESULT_CM	SPECIMEN SOURCE	TPN	TPN=TPN		0			
LAB_RESULT_CM	SPECIMEN SOURCE	TRAC	TRAC=Trac		0			
LAB_RESULT_CM	SPECIMEN SOURCE	TRACHEAL_SWAB	TRACHEAL_SWAB=Tracheal_swab		0			
LAB_RESULT_CM	SPECIMEN SOURCE	TROPHOBLASTS	TROPHOBLASTS=Trophoblasts		0			
LAB_RESULT_CM	SPECIMEN SOURCE	TSMI	TSMI=Tsmi		0			
LAB_RESULT_CM	SPECIMEN SOURCE	TUMOR	TUMOR=Tumor		0			
LAB_RESULT_CM	SPECIMEN SOURCE	ULC	ULC=Ulc		0			
LAB_RESULT_CM	SPECIMEN SOURCE	UNK_SUB	UNK_SUB=Unk_sub		0			
LAB_RESULT_CM	SPECIMEN SOURCE	URETHRA	URETHRA=Urethra		0			
LAB_RESULT_CM	SPECIMEN SOURCE	URINARY_BLADDER	URINARY_BLADDER=Urinary_bladder		0			
LAB_RESULT_CM	SPECIMEN SOURCE	URINE^FETUS	URINE^FETUS=Urine^fetus		0			
LAB_RESULT_CM	SPECIMEN SOURCE	URINE+SER_PLAS	URINE+SER_PLAS=Urine+Ser/Plas		0			
LAB_RESULT_CM	SPECIMEN SOURCE	UTERUS	UTERUS=Uterus		0			
LAB_RESULT_CM	SPECIMEN SOURCE	VAG	VAG=Vag		0			
LAB_RESULT_CM	SPECIMEN SOURCE	VAG+RECTUM	VAG+RECTUM=Vag+Rectum		0			
LAB_RESULT_CM	SPECIMEN SOURCE	VENA_CAVA.INFERIOR	VENA_CAVA.INFERIOR=Vena_cava.inferior		0			
LAB_RESULT_CM	SPECIMEN SOURCE	VENA_CAVA.SUPERIOR	VENA_CAVA.SUPERIOR=Vena_cava.superior		0			
LAB_RESULT_CM	SPECIMEN SOURCE	VITR_FLD	VITR_FLD=Vitr_fld		0			
LAB_RESULT_CM	SPECIMEN SOURCE	VITR_FLD.SPUN	VITR_FLD.SPUN=Vitr_fld.spun		0			
LAB_RESULT_CM	SPECIMEN SOURCE	VOMITUS	VOMITUS=Vomitus		0			
LAB_RESULT_CM	SPECIMEN SOURCE	VP_SHUNT	VP_SHUNT=VP_shunt		0			
LAB_RESULT_CM	SPECIMEN SOURCE	WATER	WATER=Water		0			
LAB_RESULT_CM	SPECIMEN SOURCE	WBC	WBC=WBC		0			
LAB_RESULT_CM	SPECIMEN SOURCE	WBC.DNA+PLAS.CFDNA	WBC.DNA+PLAS.CFDNA=WBC.DNA+Plas.cfDNA		0			
LAB_RESULT_CM	SPECIMEN SOURCE	WBC^CONTROL	WBC^CONTROL=WBC^control		0			
LAB_RESULT_CM	SPECIMEN SOURCE	WHEY	WHEY=Whey		0			
LAB_RESULT_CM	SPECIMEN SOURCE	WOUND.DEEP	WOUND.DEEP=Wound.deep		0			
LAB_RESULT_CM	SPECIMEN SOURCE	WOUND.SHLW	WOUND.SHLW=Wound.shlw		0			
LAB_RESULT_CM	SPECIMEN SOURCE	XXX.BODY_FLUID	XXX.BODY_FLUID=XXX.body_fluid		0			
LAB_RESULT_CM	SPECIMEN SOURCE	XXX^DONOR	XXX^DONOR=XXX^Donor		0			
LAB_RESULT_CM	SPECIMEN SOURCE	UN	UN=Unknown		0			
LAB_RESULT_CM	SPECIMEN SOURCE	OT	OT=Other		0			
LAB_RESULT_CM	LAB RESULT SOURCE	BI	BI=Billing		0			
LAB_RESULT_CM	LAB RESULT SOURCE	CL	CL=Claim		0			
LAB_RESULT_CM	LAB RESULT SOURCE	DR	DR=Derived		0			
LAB_RESULT_CM	LAB RESULT SOURCE	NI	NI=No information		0			
LAB_RESULT_CM	LAB RESULT SOURCE	OT	OT=Other		0			
LAB_RESULT_CM	LAB LOINC SOURCE	IN	IN=Instrument		0			
LAB_RESULT_CM	LAB LOINC SOURCE	LM	LM=LIMS (Standalone or EHR)		0			
LAB_RESULT_CM	LAB LOINC SOURCE	DW	DW=Data warehouse		0			
LAB_RESULT_CM	LAB LOINC SOURCE	PC	PC=PCORnet ETL		0			
LAB_RESULT_CM	LAB LOINC SOURCE	DM	DM=Other CDM		0			
LAB_RESULT_CM	LAB LOINC SOURCE	NI	NI=No  information		0			
LAB_RESULT_CM	LAB LOINC SOURCE	UN	UN=Unknown		0			
LAB_RESULT_CM	LAB LOINC SOURCE	OT	OT=Other		0			
LAB_RESULT_CM	RESULT LOC	L	L=Lab		0			
LAB_RESULT_CM	RESULT LOC	P	P=Point  of  Care		0			
LAB_RESULT_CM	RESULT LOC	NI	NI=No  information		0			
LAB_RESULT_CM	RESULT LOC	UN	UN=Unknown		0			
LAB_RESULT_CM	RESULT LOC	OT	OT=Other		0			
LAB_RESULT_CM	LAB PX TYPE	10	10=ICD-10-PCS		0			
LAB_RESULT_CM	LAB PX TYPE	11	11=ICD-11-PCS		0			
LAB_RESULT_CM	LAB PX TYPE	CH	CH  =  CPT  or  HCPCS		0			
LAB_RESULT_CM	LAB PX TYPE	LC	LC=LOINC		0			
LAB_RESULT_CM	LAB PX TYPE	ND	ND=NDC		0			
LAB_RESULT_CM	LAB PX TYPE	NI	NI=No  information		0			
LAB_RESULT_CM	LAB PX TYPE	UN	UN=Unknown		0			
LAB_RESULT_CM	LAB PX TYPE	OT	OT=Other		0			
LAB_RESULT_CM	RESULT QUAL	A NEG	A NEG=A Neg		0			
LAB_RESULT_CM	RESULT QUAL	A POS	A POS=A Pos		0			
LAB_RESULT_CM	RESULT QUAL	AB NEG	AB NEG=AB Neg		0			
LAB_RESULT_CM	RESULT QUAL	AB NOT DETECTED	AB NOT DETECTED=Ab not detected		0			
LAB_RESULT_CM	RESULT QUAL	AB POS	AB POS=AB Pos		0			
LAB_RESULT_CM	RESULT QUAL	B NEG	B NEG=B Neg		0			
LAB_RESULT_CM	RESULT QUAL	B POS	B POS=B Pos		0			
LAB_RESULT_CM	RESULT QUAL	INCONCLUSIVE	INCONCLUSIVE=Inconclusive 		0			
LAB_RESULT_CM	RESULT QUAL	INDETERMINATE ABNORMAL	INDETERMINATE ABNORMAL=Indeterminate abnormal		0			
LAB_RESULT_CM	RESULT QUAL	INFLUENZA A VIRUS	INFLUENZA A VIRUS=Influenza A virus		0			
LAB_RESULT_CM	RESULT QUAL	INFLUENZA B VIRUS	INFLUENZA B VIRUS=Influenza B virus		0			
LAB_RESULT_CM	RESULT QUAL	INVALID	NVALID=Invalid		0			
LAB_RESULT_CM	RESULT QUAL	O NEG	O NEG=O Neg		0			
LAB_RESULT_CM	RESULT QUAL	PRESUMPTIVE POSITIVE	PRESUMPTIVE POSITIVE=Presumptive positive		0			
LAB_RESULT_CM	RESULT QUAL	REACTIVE	REACTIVE=Reactive		0			
LAB_RESULT_CM	RESULT QUAL	SARS CORONAVIRUS 2	SARS CORONAVIRUS 2=SARS coronavirus 2		0			
LAB_RESULT_CM	RESULT QUAL	SPECIMEN UNSATISFACTORY FOR EVALUATION	SPECIMEN UNSATISFACTORY FOR EVALUATION=Specimen unsatisfactory for evaluation		0			
LAB_RESULT_CM	RESULT QUAL	UNDETECTABLE	UNDETECTABLE=Undetectable		0			
LAB_RESULT_CM	RESULT UNIT	%{response}	%{response}=percent response		0			
LAB_RESULT_CM	RESULT UNIT	[ft_us]/[ft_us]	[ft_us]/[ft_us]=feet (US) per feet (US)		0			
LAB_RESULT_CM	RESULT UNIT	[in_us]	[in_us]=inches (US)		0			
LAB_RESULT_CM	RESULT UNIT	[MET].min/wk	[MET].min/wk=metabolic equivalent minute per week		0			
LAB_RESULT_CM	RESULT UNIT	{#}/d	{#}/d=number per day		0			
LAB_RESULT_CM	RESULT UNIT	{#}/g	{#}/g=number per gram		0			
LAB_RESULT_CM	RESULT UNIT	{#}/wk	{#}/wk=number per week		0			
LAB_RESULT_CM	RESULT UNIT	{Ct_value}	{Ct_value}=Cycle threshold value		0			
LAB_RESULT_CM	RESULT UNIT	{index}	{index}=index value		0			
LAB_RESULT_CM	RESULT UNIT	{TmStp}	{TmStp}=time stamp		0			
LAB_RESULT_CM	RESULT UNIT	{Tscore}	{Tscore}=t score		0			
LAB_RESULT_CM	RESULT UNIT	{yyyy}	{yyyy}=year		0			
LAB_RESULT_CM	RESULT UNIT	{Zscore}	{Zscore}=z score		0			
LAB_RESULT_CM	RESULT UNIT	10.L/min	10 liter per minute		0			
LAB_RESULT_CM	RESULT UNIT	10.L/(min.m2)	10 liter per minute per square meter		0			
LAB_RESULT_CM	RESULT UNIT	10.uN.s/(cm5.m2)	10 micronewton second per centimeter to the fifth power per square meter		0			
LAB_RESULT_CM	RESULT UNIT	10*4/uL	10 thousand per microliter		0			
LAB_RESULT_CM	RESULT UNIT	10*8	100 million 		0			
LAB_RESULT_CM	RESULT UNIT	[AU]	allergy unit		0			
LAB_RESULT_CM	RESULT UNIT	{AHF'U}	American Hospital Formulary unit		0			
LAB_RESULT_CM	RESULT UNIT	A/m	ampere per meter		0			
LAB_RESULT_CM	RESULT UNIT	{ARU}	aspirin response unit		0			
LAB_RESULT_CM	RESULT UNIT	atm	atmosphere		0			
LAB_RESULT_CM	RESULT UNIT	ag/{cell}	attogram per cell		0			
LAB_RESULT_CM	RESULT UNIT	bar	bar		0			
LAB_RESULT_CM	RESULT UNIT	Bq	Becquerel		0			
LAB_RESULT_CM	RESULT UNIT	10*9/mL	billion per milliliter		0			
LAB_RESULT_CM	RESULT UNIT	{binding_index}	binding index		0			
LAB_RESULT_CM	RESULT UNIT	{CAG_repeats}	CAG trinucleotide repeats		0			
LAB_RESULT_CM	RESULT UNIT	cm[Hg]	centimeter of mercury		0			
LAB_RESULT_CM	RESULT UNIT	cm[H2O]/L/s	centimeter of water per liter per second		0			
LAB_RESULT_CM	RESULT UNIT	cm[H2O]/s/m	centimeter of water per second per meter		0			
LAB_RESULT_CM	RESULT UNIT	cP	centipoise		0			
LAB_RESULT_CM	RESULT UNIT	cSt	centistoke		0			
LAB_RESULT_CM	RESULT UNIT	{delta_OD}	change in (delta) optical density		0			
LAB_RESULT_CM	RESULT UNIT	[CFU]	colony forming unit		0			
LAB_RESULT_CM	RESULT UNIT	[CFU]/L	colony forming unit per liter		0			
LAB_RESULT_CM	RESULT UNIT	[CFU]/mL	colony forming unit per milliliter		0			
LAB_RESULT_CM	RESULT UNIT	{CH100'U}	complement CH100 unit		0			
LAB_RESULT_CM	RESULT UNIT	{copies}/ug	copies per microgram		0			
LAB_RESULT_CM	RESULT UNIT	{count}	count		0			
LAB_RESULT_CM	RESULT UNIT	[cin_i]	cubic inch (international)		0			
LAB_RESULT_CM	RESULT UNIT	dB	decibel		0			
LAB_RESULT_CM	RESULT UNIT	dm	decimeter		0			
LAB_RESULT_CM	RESULT UNIT	K/W	degree Kelvin per Watt		0			
LAB_RESULT_CM	RESULT UNIT	deg/s	degree per second		0			
LAB_RESULT_CM	RESULT UNIT	daL/min/m2	dekaliter per minute per square meter		0			
LAB_RESULT_CM	RESULT UNIT	{dilution}	dilution		0			
LAB_RESULT_CM	RESULT UNIT	[dr_av]	dram  (US and British)		0			
LAB_RESULT_CM	RESULT UNIT	dyn.s/cm	dyne second per centimeter		0			
LAB_RESULT_CM	RESULT UNIT	dyn.s/(cm.m2)	dyne second per centimeter per square meter		0			
LAB_RESULT_CM	LAB RESULT SOURCE	UN	UN=Unknown		0			
LAB_RESULT_CM	LAB PX TYPE	RE	RE=Revenue		0			
LAB_RESULT_CM	RESULT UNIT	{Ehrlich'U}	Ehrlich unit		0			
LAB_RESULT_CM	RESULT UNIT	{Ehrlich'U}/100.g	Ehrlich unit per 100 gram		0			
LAB_RESULT_CM	RESULT UNIT	{Ehrlich'U}/(2.h)	Ehrlich unit per 2 hour		0			
LAB_RESULT_CM	RESULT UNIT	{EIA_index}	EIA index		0			
LAB_RESULT_CM	RESULT UNIT	{EIA_titer}	EIA titer		0			
LAB_RESULT_CM	RESULT UNIT	{EIA'U}/U	EIA unit per enzyme unit		0			
LAB_RESULT_CM	RESULT UNIT	{EV}	EIA value		0			
LAB_RESULT_CM	RESULT UNIT	U/10	enzyme unit per 10		0			
LAB_RESULT_CM	RESULT UNIT	U/10*10	enzyme unit per 10 billion		0			
LAB_RESULT_CM	RESULT UNIT	U/10*10{cells}	enzyme unit per 10 billion cells		0			
LAB_RESULT_CM	RESULT UNIT	U/(10.g){feces}	enzyme unit per 10 gram of feces		0			
LAB_RESULT_CM	RESULT UNIT	U/(12.h)	enzyme unit per 12 hour		0			
LAB_RESULT_CM	RESULT UNIT	U/(2.h)	enzyme unit per 2 hour		0			
LAB_RESULT_CM	RESULT UNIT	U/10*9	enzyme unit per billion		0			
LAB_RESULT_CM	RESULT UNIT	U/d	enzyme unit per day		0			
LAB_RESULT_CM	RESULT UNIT	U/g	enzyme unit per gram		0			
LAB_RESULT_CM	RESULT UNIT	U/g{creat}	enzyme unit per gram of creatinine		0			
LAB_RESULT_CM	RESULT UNIT	U/h	enzyme unit per hour		0			
LAB_RESULT_CM	RESULT UNIT	U/kg{Hb}	enzyme unit per kilogram of hemoglobin		0			
LAB_RESULT_CM	RESULT UNIT	U{25Cel}/L	enzyme unit per liter at 25 deg Celsius 		0			
LAB_RESULT_CM	RESULT UNIT	U/mL{RBCs}	enzyme unit per milliliter of red blood cells		0			
LAB_RESULT_CM	RESULT UNIT	U/mmol{creat}	enzyme unit per millimole of creatinine		0			
LAB_RESULT_CM	RESULT UNIT	U/10*6	enzyme unit per million		0			
LAB_RESULT_CM	RESULT UNIT	U/min	enzyme unit per minute		0			
LAB_RESULT_CM	RESULT UNIT	U/s	enzyme unit per second		0			
LAB_RESULT_CM	RESULT UNIT	U/10*12	enzyme unit per trillion		0			
LAB_RESULT_CM	RESULT UNIT	U/10*12{RBCs}	enzyme unit per trillion red blood cells		0			
LAB_RESULT_CM	RESULT UNIT	eq/umol	equivalent per micromole		0			
LAB_RESULT_CM	RESULT UNIT	eq/mL	equivalent per milliliter		0			
LAB_RESULT_CM	RESULT UNIT	erg	erg		0			
LAB_RESULT_CM	RESULT UNIT	fg	femtogram		0			
LAB_RESULT_CM	RESULT UNIT	fm	femtometer		0			
LAB_RESULT_CM	RESULT UNIT	fmol	femtomole		0			
LAB_RESULT_CM	RESULT UNIT	fmol/g	femtomole per gram		0			
LAB_RESULT_CM	RESULT UNIT	fmol/mg	femtomole per milligram		0			
LAB_RESULT_CM	RESULT UNIT	fmol/mg{cyt_prot}	femtomole per milligram of cytosol protein		0			
LAB_RESULT_CM	RESULT UNIT	fmol/mg{prot}	femtomole per milligram of protein		0			
LAB_RESULT_CM	RESULT UNIT	fmol/mL	femtomole per milliliter		0			
LAB_RESULT_CM	RESULT UNIT	[foz_us]	fluid ounce (US)		0			
LAB_RESULT_CM	RESULT UNIT	{FIU}	fluorescent intensity unit		0			
LAB_RESULT_CM	RESULT UNIT	[ft_i]	foot (international)		0			
LAB_RESULT_CM	RESULT UNIT	{fraction}	fraction		0			
LAB_RESULT_CM	RESULT UNIT	[Ch]	French (catheter gauge) 		0			
LAB_RESULT_CM	RESULT UNIT	{GAA_repeats}	GAA trinucleotide repeats		0			
LAB_RESULT_CM	RESULT UNIT	[gal_us]	gallon (US)		0			
LAB_RESULT_CM	RESULT UNIT	{genomes}/mL	genomes per milliliter		0			
LAB_RESULT_CM	RESULT UNIT	{Globules}/[HPF]	globules (drops)  per high power field		0			
LAB_RESULT_CM	RESULT UNIT	g.m/{beat}	gram meter per heart beat 		0			
LAB_RESULT_CM	RESULT UNIT	g{creat}	gram of creatinine		0			
LAB_RESULT_CM	RESULT UNIT	g{total_nit}	gram of total nitrogen		0			
LAB_RESULT_CM	RESULT UNIT	g{total_prot}	gram of total protein		0			
LAB_RESULT_CM	RESULT UNIT	g{wet_tissue}	gram of wet tissue		0			
LAB_RESULT_CM	RESULT UNIT	g/kg/(8.h)	gram per  kilogram per 8 hour 		0			
LAB_RESULT_CM	RESULT UNIT	g/(100.g)	gram per 100 gram		0			
LAB_RESULT_CM	RESULT UNIT	g/(3.d)	gram per 3 days		0			
LAB_RESULT_CM	RESULT UNIT	g/(48.h)	gram per 48 hour		0			
LAB_RESULT_CM	RESULT UNIT	g/(72.h)	gram per 72 hour		0			
LAB_RESULT_CM	RESULT UNIT	g/d	gram per day		0			
LAB_RESULT_CM	RESULT UNIT	g/g{creat}	gram per gram of creatinine		0			
LAB_RESULT_CM	RESULT UNIT	g/g{globulin}	gram per gram of globulin		0			
LAB_RESULT_CM	RESULT UNIT	g/g{tissue}	gram per gram of tissue		0			
LAB_RESULT_CM	RESULT UNIT	g/h	gram per hour		0			
LAB_RESULT_CM	RESULT UNIT	g/kg/(8.h){shift}	gram per kilogram per 8 hour shift		0			
LAB_RESULT_CM	RESULT UNIT	g/kg/d	gram per kilogram per day		0			
LAB_RESULT_CM	RESULT UNIT	g/mg	gram per milligram		0			
LAB_RESULT_CM	RESULT UNIT	g/mmol	gram per millimole		0			
LAB_RESULT_CM	RESULT UNIT	g/min	gram per minute		0			
LAB_RESULT_CM	RESULT UNIT	g/mol{creat}	gram per mole of creatinine		0			
LAB_RESULT_CM	RESULT UNIT	g/{specimen}	gram per specimen		0			
LAB_RESULT_CM	RESULT UNIT	g/m2	gram per square meter		0			
LAB_RESULT_CM	RESULT UNIT	g/{total_output}	gram per total output		0			
LAB_RESULT_CM	RESULT UNIT	Gy	Gray		0			
LAB_RESULT_CM	RESULT UNIT	h/d	h/d=hour per day		0			
LAB_RESULT_CM	RESULT UNIT	h/wk	h/wk=hour per week		0			
LAB_RESULT_CM	RESULT UNIT	Hz	Hertz		0			
LAB_RESULT_CM	RESULT UNIT	{GPS'U}	IgG antiphosphatidylserine unit		0			
LAB_RESULT_CM	RESULT UNIT	{MPS'U}/mL	IgM antiphosphatidylserine unit per milliliter		0			
LAB_RESULT_CM	RESULT UNIT	{IFA_index}	immunofluorescence assay index		0			
LAB_RESULT_CM	RESULT UNIT	[in_i'H2O]	inch (international) of water		0			
LAB_RESULT_CM	RESULT UNIT	[IU]/(2.h)	international unit per 2 hour		0			
LAB_RESULT_CM	RESULT UNIT	[IU]/(24.h)	international unit per 24 hour		0			
LAB_RESULT_CM	RESULT UNIT	[IU]/g	international unit per gram		0			
LAB_RESULT_CM	RESULT UNIT	[IU]/kg	international unit per kilogram		0			
LAB_RESULT_CM	RESULT UNIT	[IU]/kg/d	international unit per kilogram per day		0			
LAB_RESULT_CM	RESULT UNIT	[IU]/kg/h	international unit per kilogram per hour		0			
LAB_RESULT_CM	RESULT UNIT	[IU]/L{37Cel}	international unit per liter at 37 degrees Celsius		0			
LAB_RESULT_CM	RESULT UNIT	[IU]/mg{creat}	international unit per milligram of creatinine		0			
LAB_RESULT_CM	RESULT UNIT	[IU]/min	international unit per minute		0			
LAB_RESULT_CM	RESULT UNIT	J	joule		0			
LAB_RESULT_CM	RESULT UNIT	J/L	joule per liter		0			
LAB_RESULT_CM	RESULT UNIT	{JDF'U}	Juvenile Diabetes Foundation unit		0			
LAB_RESULT_CM	RESULT UNIT	{JDF'U}/L	Juvenile Diabetes Foundation unit per liter		0			
LAB_RESULT_CM	RESULT UNIT	{KCT'U}	kaolin clotting time		0			
LAB_RESULT_CM	RESULT UNIT	kat	katal		0			
LAB_RESULT_CM	RESULT UNIT	kat/kg	katal per kilogram		0			
LAB_RESULT_CM	RESULT UNIT	kat/L	katal per liter		0			
LAB_RESULT_CM	RESULT UNIT	kU/L{class}	kilo enzyme unit per liter class		0			
LAB_RESULT_CM	RESULT UNIT	kU/mL	kilo enzyme unit per milliliter		0			
LAB_RESULT_CM	RESULT UNIT	kcal	kilocalorie		0			
LAB_RESULT_CM	RESULT UNIT	kcal/d	kilocalorie per day		0			
LAB_RESULT_CM	RESULT UNIT	kcal/kg/(24.h)	kilocalorie per kilogram per 24 hour		0			
LAB_RESULT_CM	RESULT UNIT	kg.m/s	kilogram meter per second		0			
LAB_RESULT_CM	RESULT UNIT	kg/m3	kilogram per cubic meter		0			
LAB_RESULT_CM	RESULT UNIT	kg/h	kilogram per hour		0			
LAB_RESULT_CM	RESULT UNIT	kg/L	kilogram per liter		0			
LAB_RESULT_CM	RESULT UNIT	kg/min	kilogram per minute		0			
LAB_RESULT_CM	RESULT UNIT	kg/s	kilogram per second		0			
LAB_RESULT_CM	RESULT UNIT	kg/(s.m2)	kilogram per second per square meter		0			
LAB_RESULT_CM	RESULT UNIT	kg/m2	kilogram per square meter		0			
LAB_RESULT_CM	RESULT UNIT	kL	kiloliter		0			
LAB_RESULT_CM	RESULT UNIT	km	kilometer		0			
LAB_RESULT_CM	RESULT UNIT	kPa	kilopascal		0			
LAB_RESULT_CM	RESULT UNIT	ks	kilosecond		0			
LAB_RESULT_CM	RESULT UNIT	[ka'U]	King Armstrong unit		0			
LAB_RESULT_CM	RESULT UNIT	{KRONU'U}/mL	Kronus unit per milliliter		0			
LAB_RESULT_CM	RESULT UNIT	[knk'U]	Kunkel unit		0			
LAB_RESULT_CM	RESULT UNIT	L/(24.h)	liter per 24 hour		0			
LAB_RESULT_CM	RESULT UNIT	L/h	liter per hour		0			
LAB_RESULT_CM	RESULT UNIT	L/(min.m2)	liter per minute per square meter		0			
LAB_RESULT_CM	RESULT UNIT	L/s	liter per second		0			
LAB_RESULT_CM	RESULT UNIT	L/s/s2	liter per second per square second		0			
LAB_RESULT_CM	RESULT UNIT	lm	lumen		0			
LAB_RESULT_CM	RESULT UNIT	{Lyme_index_value}	Lyme index value		0			
LAB_RESULT_CM	RESULT UNIT	[mclg'U]	Maclagan unit		0			
LAB_RESULT_CM	RESULT UNIT	m	meter		0			
LAB_RESULT_CM	RESULT UNIT	m/s2	meter per square second		0			
LAB_RESULT_CM	RESULT UNIT	uU/g	micro enzyme unit per gram		0			
LAB_RESULT_CM	RESULT UNIT	u[IU]	micro international unit		0			
LAB_RESULT_CM	RESULT UNIT	ueq	microequivalent		0			
LAB_RESULT_CM	RESULT UNIT	ug/(100.g)	microgram per 100 gram		0			
LAB_RESULT_CM	RESULT UNIT	ug/(8.h)	microgram per 8 hour		0			
LAB_RESULT_CM	RESULT UNIT	ug/m3	microgram per cubic meter		0			
LAB_RESULT_CM	RESULT UNIT	ug/dL{RBCs}	microgram per deciliter of red blood cells		0			
LAB_RESULT_CM	RESULT UNIT	ug/g{dry_tissue}	microgram per gram of dry tissue		0			
LAB_RESULT_CM	RESULT UNIT	ug/g{dry_wt}	microgram per gram of dry weight		0			
LAB_RESULT_CM	RESULT UNIT	ug/g{hair}	microgram per gram of hair		0			
LAB_RESULT_CM	RESULT UNIT	ug/g{tissue}	microgram per gram of tissue		0			
LAB_RESULT_CM	RESULT UNIT	ug/kg	microgram per kilogram		0			
LAB_RESULT_CM	RESULT UNIT	ug/kg/d	microgram per kilogram per day		0			
LAB_RESULT_CM	RESULT UNIT	ug/kg/h	microgram per kilogram per hour		0			
LAB_RESULT_CM	RESULT UNIT	ug/kg/min	microgram per kilogram per minute		0			
LAB_RESULT_CM	RESULT UNIT	ug/L/(24.h)	microgram per liter per 24 hour		0			
LAB_RESULT_CM	RESULT UNIT	ug/mmol	microgram per millimole		0			
LAB_RESULT_CM	RESULT UNIT	ug/mmol{creat}	microgram per millimole of creatinine		0			
LAB_RESULT_CM	RESULT UNIT	ug/ng	microgram per nanogram		0			
LAB_RESULT_CM	RESULT UNIT	ug/[sft_i]	microgram per square foot (international)		0			
LAB_RESULT_CM	RESULT UNIT	ukat	microkatal		0			
LAB_RESULT_CM	RESULT UNIT	uL/(2.h)	microliter per 2 hour		0			
LAB_RESULT_CM	RESULT UNIT	umol{BCE}/mol	micromole bone collagen equivalent per mole		0			
LAB_RESULT_CM	RESULT UNIT	umol/(2.h)	micromole per 2 hour		0			
LAB_RESULT_CM	RESULT UNIT	umol/dL{GF}	micromole per deciliter of glomerular filtrate		0			
LAB_RESULT_CM	RESULT UNIT	umol/h	micromole per hour		0			
LAB_RESULT_CM	RESULT UNIT	umol/kg	micromole per kilogram		0			
LAB_RESULT_CM	RESULT UNIT	umol/L{RBCs}	micromole per liter of red blood cells		0			
LAB_RESULT_CM	RESULT UNIT	umol/L/h	micromole per liter per hour		0			
LAB_RESULT_CM	RESULT UNIT	umol/umol{creat}	micromole per micromole of creatinine		0			
LAB_RESULT_CM	RESULT UNIT	umol/mg	micromole per milligram		0			
LAB_RESULT_CM	RESULT UNIT	umol/mg{creat}	micromole per milligram of creatinine		0			
LAB_RESULT_CM	RESULT UNIT	umol/mL/min	micromole per milliliter per minute		0			
LAB_RESULT_CM	RESULT UNIT	umol/min	micromole per minute		0			
LAB_RESULT_CM	RESULT UNIT	umol/min/g	micromole per minute per gram		0			
LAB_RESULT_CM	RESULT UNIT	umol/min/g{mucosa}	micromole per minute per gram of mucosa		0			
LAB_RESULT_CM	RESULT UNIT	umol/min/L	micromole per minute per liter		0			
LAB_RESULT_CM	RESULT UNIT	umol/mol	micromole per mole		0			
LAB_RESULT_CM	RESULT UNIT	umol/mol{Hb}	micromole per mole of hemoglobin		0			
LAB_RESULT_CM	RESULT UNIT	uOhm	microOhm		0			
LAB_RESULT_CM	RESULT UNIT	uV	microvolt		0			
LAB_RESULT_CM	RESULT UNIT	[mi_i]	mile (international)		0			
LAB_RESULT_CM	RESULT UNIT	mU/g	milli  enzyme unit per gram		0			
LAB_RESULT_CM	RESULT UNIT	mU/mL/min	milli  enzyme unit per milliliter per minute		0			
LAB_RESULT_CM	RESULT UNIT	mU/mmol{RBCs}	milli  enzyme unit per millimole of red blood cells		0			
LAB_RESULT_CM	RESULT UNIT	mU/g{Hb}	milli enzyme unit per gram of hemoglobin		0			
LAB_RESULT_CM	RESULT UNIT	mU/g{prot}	milli enzyme unit per gram of protein		0			
LAB_RESULT_CM	RESULT UNIT	mU/mg	milli enzyme unit per milligram		0			
LAB_RESULT_CM	RESULT UNIT	mA	milliampere		0			
LAB_RESULT_CM	RESULT UNIT	mbar/L/s	millibar per liter per second		0			
LAB_RESULT_CM	RESULT UNIT	{HA_titer}	influenza hemagglutination titer		0			
LAB_RESULT_CM	RESULT UNIT	[IU]/d	international unit per day		0			
LAB_RESULT_CM	RESULT UNIT	mbar.s/L	millibar second per liter		0			
LAB_RESULT_CM	RESULT UNIT	meq/(2.h)	milliequivalent per 2 hour		0			
LAB_RESULT_CM	RESULT UNIT	meq/(8.h)	milliequivalent per 8 hour		0			
LAB_RESULT_CM	RESULT UNIT	meq/d	milliequivalent per day		0			
LAB_RESULT_CM	RESULT UNIT	meq/dL	milliequivalent per deciliter		0			
LAB_RESULT_CM	RESULT UNIT	meq/g	milliequivalent per gram		0			
LAB_RESULT_CM	RESULT UNIT	meq/g{creat}	milliequivalent per gram of creatinine		0			
LAB_RESULT_CM	RESULT UNIT	meq/kg/h	milliequivalent per kilogram per hour		0			
LAB_RESULT_CM	RESULT UNIT	meq/mL	milliequivalent per milliliter		0			
LAB_RESULT_CM	RESULT UNIT	meq/min	milliequivalent per minute		0			
LAB_RESULT_CM	RESULT UNIT	meq/m2	milliequivalent per square meter		0			
LAB_RESULT_CM	RESULT UNIT	meq/{total_volume}	milliequivalent per total volume		0			
LAB_RESULT_CM	RESULT UNIT	mg{FEU}/L	milligram fibrinogen equivalent unit per liter		0			
LAB_RESULT_CM	RESULT UNIT	mg/(10.h)	milligram per 10 hour		0			
LAB_RESULT_CM	RESULT UNIT	mg/(2.h)	milligram per 2 hour		0			
LAB_RESULT_CM	RESULT UNIT	mg/(6.h)	milligram per 6 hour		0			
LAB_RESULT_CM	RESULT UNIT	mg/(72.h)	milligram per 72 hour		0			
LAB_RESULT_CM	RESULT UNIT	mg/(8.h)	milligram per 8 hour		0			
LAB_RESULT_CM	RESULT UNIT	mg/{collection}	milligram per collection		0			
LAB_RESULT_CM	RESULT UNIT	mg/m3	milligram per cubic meter		0			
LAB_RESULT_CM	RESULT UNIT	mg/d/{1.73_m2}	milligram per day per 1.73 square meter		0			
LAB_RESULT_CM	RESULT UNIT	mg/dL{RBCs}	milligram per deciliter of red blood cells		0			
LAB_RESULT_CM	RESULT UNIT	mg/g{dry_tissue}	milligram per gram of dry tissue		0			
LAB_RESULT_CM	RESULT UNIT	mg/g{wet_tissue}	milligram per gram of wet tissue		0			
LAB_RESULT_CM	RESULT UNIT	mg/kg/h	milligram per kilogram per hour		0			
LAB_RESULT_CM	RESULT UNIT	mg/kg/min	milligram per kilogram per minute		0			
LAB_RESULT_CM	RESULT UNIT	mg/m2	milligram per square meter		0			
LAB_RESULT_CM	RESULT UNIT	mg/{total_output}	milligram per total output		0			
LAB_RESULT_CM	RESULT UNIT	mL{fetal_RBCs}	milliliter of fetal red blood cells		0			
LAB_RESULT_CM	RESULT UNIT	mL/(10.h)	milliliter per 10 hour		0			
LAB_RESULT_CM	RESULT UNIT	mL/(2.h)	milliliter per 2 hour		0			
LAB_RESULT_CM	RESULT UNIT	mL/(4.h)	milliliter per 4 hour		0			
LAB_RESULT_CM	RESULT UNIT	mL/(5.h)	milliliter per 5 hour		0			
LAB_RESULT_CM	RESULT UNIT	mL/(6.h)	milliliter per 6 hour		0			
LAB_RESULT_CM	RESULT UNIT	mL/(72.h)	milliliter per 72 hour		0			
LAB_RESULT_CM	RESULT UNIT	mL/(8.h)	milliliter per 8 hour		0			
LAB_RESULT_CM	RESULT UNIT	mL/(8.h)/kg	milliliter per 8 hour per kilogram		0			
LAB_RESULT_CM	RESULT UNIT	mL/d	milliliter per day		0			
LAB_RESULT_CM	RESULT UNIT	mL/{beat}	milliliter per heart beat		0			
LAB_RESULT_CM	RESULT UNIT	mL/h	milliliter per hour		0			
LAB_RESULT_CM	RESULT UNIT	mL/kg/(8.h)	milliliter per kilogram per 8 hour		0			
LAB_RESULT_CM	RESULT UNIT	mL/kg/d	milliliter per kilogram per day		0			
LAB_RESULT_CM	RESULT UNIT	mL/kg/h	milliliter per kilogram per hour		0			
LAB_RESULT_CM	RESULT UNIT	mL/kg/min	milliliter per kilogram per minute		0			
LAB_RESULT_CM	RESULT UNIT	mL/mbar	milliliter per millibar		0			
LAB_RESULT_CM	RESULT UNIT	mL/mm	milliliter per millimeter		0			
LAB_RESULT_CM	RESULT UNIT	mL/[sin_i]	milliliter per square inch (international)		0			
LAB_RESULT_CM	RESULT UNIT	mm[H2O]	millimeter of water		0			
LAB_RESULT_CM	RESULT UNIT	mmol/(2.h)	millimole per 2 hour		0			
LAB_RESULT_CM	RESULT UNIT	mmol/(6.h)	millimole per 6 hour		0			
LAB_RESULT_CM	RESULT UNIT	mmol/(8.h)	millimole per 8 hour		0			
LAB_RESULT_CM	RESULT UNIT	mmol/d	millimole per day		0			
LAB_RESULT_CM	RESULT UNIT	mmol/g	millimole per gram		0			
LAB_RESULT_CM	RESULT UNIT	mmol/h	millimole per hour		0			
LAB_RESULT_CM	RESULT UNIT	mmol/h/mg{Hb}	millimole per hour per milligram of hemoglobin		0			
LAB_RESULT_CM	RESULT UNIT	mmol/h/mg{prot}	millimole per hour per milligram of protein		0			
LAB_RESULT_CM	RESULT UNIT	mmol/kg/d	millimole per kilogram per day		0			
LAB_RESULT_CM	RESULT UNIT	mmol/kg/h	millimole per kilogram per hour		0			
LAB_RESULT_CM	RESULT UNIT	mmol/kg/min	millimole per kilogram per minute		0			
LAB_RESULT_CM	RESULT UNIT	mmol/mmol	millimole per millimole		0			
LAB_RESULT_CM	RESULT UNIT	mmol/mmol{urea}	millimole per millimole of urea		0			
LAB_RESULT_CM	RESULT UNIT	mmol/mmol{creat}	millimole per millmole of creatinine		0			
LAB_RESULT_CM	RESULT UNIT	mmol/min	millimole per minute		0			
LAB_RESULT_CM	RESULT UNIT	mmol/m2	millimole per square meter		0			
LAB_RESULT_CM	RESULT UNIT	mmol/{total_vol}	millimole per total volume		0			
LAB_RESULT_CM	RESULT UNIT	10*6.[IU]	million international unit		0			
LAB_RESULT_CM	RESULT UNIT	10*6/(24.h)	million per 24 hour		0			
LAB_RESULT_CM	RESULT UNIT	10*6/kg	million per kilogram		0			
LAB_RESULT_CM	RESULT UNIT	mPa	millipascal		0			
LAB_RESULT_CM	RESULT UNIT	mPa.s	millipascal second		0			
LAB_RESULT_CM	RESULT UNIT	mV	millivolt		0			
LAB_RESULT_CM	RESULT UNIT	min/d	min/d=minute per day		0			
LAB_RESULT_CM	RESULT UNIT	min/wk	min/wk=minute per week		0			
LAB_RESULT_CM	RESULT UNIT	{minidrop}/min	minidrop per minute		0			
LAB_RESULT_CM	RESULT UNIT	{minidrop}/s	minidrop per second		0			
LAB_RESULT_CM	RESULT UNIT	mol	mole		0			
LAB_RESULT_CM	RESULT UNIT	mol/m3	mole per cubic meter		0			
LAB_RESULT_CM	RESULT UNIT	mol/kg	mole per kilogram		0			
LAB_RESULT_CM	RESULT UNIT	mol/kg/s	mole per kilogram per second		0			
LAB_RESULT_CM	RESULT UNIT	mol/mL	mole per milliliter		0			
LAB_RESULT_CM	RESULT UNIT	mol/mol	mole per mole		0			
LAB_RESULT_CM	RESULT UNIT	mol/s	mole per second		0			
LAB_RESULT_CM	RESULT UNIT	{#}/{platelet}	molecule per platelet		0			
LAB_RESULT_CM	RESULT UNIT	mo	month		0			
LAB_RESULT_CM	RESULT UNIT	{mutation}	mutation		0			
LAB_RESULT_CM	RESULT UNIT	mV/s	mV/s=millivolt per second		0			
LAB_RESULT_CM	RESULT UNIT	nU/mL	nanoenzyme unit per milliliter		0			
LAB_RESULT_CM	RESULT UNIT	nU/{RBC}	nanoenzyme unit per red blood cell		0			
LAB_RESULT_CM	RESULT UNIT	ng{FEU}/mL	nanogram fibrinogen equivalent unit per milliliter 		0			
LAB_RESULT_CM	RESULT UNIT	ng/(8.h)	nanogram per 8 hour		0			
LAB_RESULT_CM	RESULT UNIT	ng/d	nanogram per day		0			
LAB_RESULT_CM	RESULT UNIT	ng/U	nanogram per enzyme unit		0			
LAB_RESULT_CM	RESULT UNIT	ng/h	nanogram per hour		0			
LAB_RESULT_CM	RESULT UNIT	ng/kg/(8.h)	nanogram per kilogram per 8 hour		0			
LAB_RESULT_CM	RESULT UNIT	ng/kg/h	nanogram per kilogram per hour		0			
LAB_RESULT_CM	RESULT UNIT	ng/kg/min	nanogram per kilogram per minute		0			
LAB_RESULT_CM	RESULT UNIT	ng/mg{creat}	nanogram per milligram of creatinine		0			
LAB_RESULT_CM	RESULT UNIT	ng/mL{RBCs}	nanogram per milliliter of red blood cells		0			
LAB_RESULT_CM	RESULT UNIT	ng/10*6	nanogram per million		0			
LAB_RESULT_CM	RESULT UNIT	ng/10*6{RBCs}	nanogram per million red blood cells		0			
LAB_RESULT_CM	RESULT UNIT	ng/min	nanogram per minute		0			
LAB_RESULT_CM	RESULT UNIT	ng/s	nanogram per second		0			
LAB_RESULT_CM	RESULT UNIT	ng/m2	nanogram per square meter		0			
LAB_RESULT_CM	RESULT UNIT	nkat	nanokatal		0			
LAB_RESULT_CM	RESULT UNIT	nm/s/L	nanometer per second per liter		0			
LAB_RESULT_CM	RESULT UNIT	nmol{BCE}/L	nanomole bone collagen equivalent per liter		0			
LAB_RESULT_CM	RESULT UNIT	nmol{BCE}/mmol{creat}	nanomole bone collagen equivalent per millimole of creatinine		0			
LAB_RESULT_CM	RESULT UNIT	nmol{1/2cys}/mg{prot}	nanomole of 1/2 cystine per milligram of protein		0			
LAB_RESULT_CM	RESULT UNIT	nmol{ATP}	nanomole of ATP 		0			
LAB_RESULT_CM	RESULT UNIT	nmol/d	nanomole per day		0			
LAB_RESULT_CM	RESULT UNIT	nmol/dL{GF}	nanomole per deciliter of glomerular filtrate		0			
LAB_RESULT_CM	RESULT UNIT	nmol/g{creat}	nanomole per gram of creatinine		0			
LAB_RESULT_CM	RESULT UNIT	nmol/g{dry_wt}	nanomole per gram of dry weight		0			
LAB_RESULT_CM	RESULT UNIT	nmol/h/L	nanomole per hour per liter		0			
LAB_RESULT_CM	RESULT UNIT	nmol/L{RBCs}	nanomole per liter of red blood cells		0			
LAB_RESULT_CM	RESULT UNIT	nmol/m/mg{prot}	nanomole per meter per milligram of protein		0			
LAB_RESULT_CM	RESULT UNIT	nmol/mg{creat}	nanomole per milligram of creatinine		0			
LAB_RESULT_CM	RESULT UNIT	nmol/mg{prot}	nanomole per milligram of protein		0			
LAB_RESULT_CM	RESULT UNIT	nmol/mg{prot}/h	nanomole per milligram of protein per hour		0			
LAB_RESULT_CM	RESULT UNIT	nmol/mmol{creat}	nanomole per millimole of creatinine		0			
LAB_RESULT_CM	RESULT UNIT	nmol/min	nanomole per minute		0			
LAB_RESULT_CM	RESULT UNIT	nmol/min/mg{Hb}	nanomole per minute per milligram of hemoglobin		0			
LAB_RESULT_CM	RESULT UNIT	nmol/min/mg{prot}	nanomole per minute per milligram of protein		0			
LAB_RESULT_CM	RESULT UNIT	nmol/min/mL	nanomole per minute per milliliter		0			
LAB_RESULT_CM	RESULT UNIT	nmol/min/10*6{cells}	nanomole per minute per million cells		0			
LAB_RESULT_CM	RESULT UNIT	nmol/nmol	nanomole per nanomole		0			
LAB_RESULT_CM	RESULT UNIT	nmol/s	nanomole per second		0			
LAB_RESULT_CM	RESULT UNIT	ns	nanosecond		0			
LAB_RESULT_CM	RESULT UNIT	N.cm	Newton centimeter		0			
LAB_RESULT_CM	RESULT UNIT	nmol/h/mL	nmol/h/mL=nanomole per hour per milliliter		0			
LAB_RESULT_CM	RESULT UNIT	nmol/min/mg{protein}	nmol/min/mg{protein}=nanomole per minute per milligram protein		0			
LAB_RESULT_CM	RESULT UNIT	{#}/[LPF]	number per low power field		0			
LAB_RESULT_CM	RESULT UNIT	Ohm.m	Ohm meter		0			
LAB_RESULT_CM	RESULT UNIT	{OD_unit}	optical density unit		0			
LAB_RESULT_CM	RESULT UNIT	osm	osmole		0			
LAB_RESULT_CM	RESULT UNIT	[oz_av]	ounce (US and British)		0			
LAB_RESULT_CM	RESULT UNIT	{Pan_Bio'U}	panbio unit		0			
LAB_RESULT_CM	RESULT UNIT	[ppb]	part per billion		0			
LAB_RESULT_CM	RESULT UNIT	[ppm]	part per million		0			
LAB_RESULT_CM	RESULT UNIT	[ppth]	part per thousand		0			
LAB_RESULT_CM	RESULT UNIT	[pptr]	part per trillion		0			
LAB_RESULT_CM	RESULT UNIT	Pa	Pascal		0			
LAB_RESULT_CM	RESULT UNIT	/100{cells}	per 100 cells		0			
LAB_RESULT_CM	RESULT UNIT	/100{neutrophils}	per 100 neutrophils		0			
LAB_RESULT_CM	RESULT UNIT	/100{spermatozoa}	per 100 spermatozoa		0			
LAB_RESULT_CM	RESULT UNIT	/[arb'U]	per arbitrary unit		0			
LAB_RESULT_CM	RESULT UNIT	/cm[H2O]	per centimeter of water		0			
LAB_RESULT_CM	RESULT UNIT	/d	per day		0			
LAB_RESULT_CM	RESULT UNIT	/{entity}	per entity		0			
LAB_RESULT_CM	RESULT UNIT	/U	per enzyme unit		0			
LAB_RESULT_CM	RESULT UNIT	/g	per gram		0			
LAB_RESULT_CM	RESULT UNIT	/g{Hb}	per gram of hemoglobin		0			
LAB_RESULT_CM	RESULT UNIT	/g{tot_nit}	per gram of total nitrogen		0			
LAB_RESULT_CM	RESULT UNIT	/g{tot_prot}	per gram of total protein		0			
LAB_RESULT_CM	RESULT UNIT	/g{wet_tis}	per gram of wet tissue		0			
LAB_RESULT_CM	RESULT UNIT	/h	per hour		0			
LAB_RESULT_CM	RESULT UNIT	/[IU]	per international unit		0			
LAB_RESULT_CM	RESULT UNIT	/L	per liter		0			
LAB_RESULT_CM	RESULT UNIT	/mmol{creat}	per millimole of creatinine		0			
LAB_RESULT_CM	RESULT UNIT	/10*6	per million		0			
LAB_RESULT_CM	RESULT UNIT	/min	per minute		0			
LAB_RESULT_CM	RESULT UNIT	/mo	per month		0			
LAB_RESULT_CM	RESULT UNIT	/{OIF}	per oil immersion field		0			
LAB_RESULT_CM	RESULT UNIT	/s	per second		0			
LAB_RESULT_CM	RESULT UNIT	/m2	per square meter		0			
LAB_RESULT_CM	RESULT UNIT	/10*3	per thousand		0			
LAB_RESULT_CM	RESULT UNIT	/10*3{RBCs}	per thousand red blood cells		0			
LAB_RESULT_CM	RESULT UNIT	/10*12{RBCs}	per trillion red blood cells		0			
LAB_RESULT_CM	RESULT UNIT	/(12.h)	per twelve hour		0			
LAB_RESULT_CM	RESULT UNIT	/wk	per week		0			
LAB_RESULT_CM	RESULT UNIT	/a	per year		0			
LAB_RESULT_CM	RESULT UNIT	%{loss_AChR}	percent  loss of acetylcholine receptor		0			
LAB_RESULT_CM	RESULT UNIT	%{penetration}	percent  penetration		0			
LAB_RESULT_CM	RESULT UNIT	%{aggregation}	percent aggregation		0			
LAB_RESULT_CM	RESULT UNIT	%{basal_activity}	percent basal activity		0			
LAB_RESULT_CM	RESULT UNIT	%{blockade}	percent blockade		0			
LAB_RESULT_CM	RESULT UNIT	%{bound}	percent bound		0			
LAB_RESULT_CM	RESULT UNIT	%{dose}	percent dose		0			
LAB_RESULT_CM	RESULT UNIT	%{index}	percent index		0			
LAB_RESULT_CM	RESULT UNIT	%{pooled_plasma}	percent normal pooled plasma		0			
LAB_RESULT_CM	RESULT UNIT	%{bacteria}	percent of bacteria		0			
LAB_RESULT_CM	RESULT UNIT	%{reactive}	percent reactive		0			
LAB_RESULT_CM	RESULT UNIT	10*5	one hundred thousand		0			
LAB_RESULT_CM	RESULT UNIT	%{positive}	percent positive		0			
LAB_RESULT_CM	RESULT UNIT	%{reference}	percent reference		0			
LAB_RESULT_CM	RESULT UNIT	%{residual}	percent residual		0			
LAB_RESULT_CM	RESULT UNIT	%{saturation}	percent saturation		0			
LAB_RESULT_CM	RESULT UNIT	%{uptake}	percent uptake		0			
LAB_RESULT_CM	RESULT UNIT	pg/mL{sLT}	pg/mL{sLT}=picogram per milliliter sulfidoleukotrienes		0			
LAB_RESULT_CM	RESULT UNIT	{phenotype}	phenotype		0			
LAB_RESULT_CM	RESULT UNIT	pA	picoampere		0			
LAB_RESULT_CM	RESULT UNIT	pg/{cell}	picogram per cell		0			
LAB_RESULT_CM	RESULT UNIT	pg/mg	picogram per milligram		0			
LAB_RESULT_CM	RESULT UNIT	pg/mg{creat}	picogram per milligram of creatinine		0			
LAB_RESULT_CM	RESULT UNIT	pg/{RBC}	picogram per red blood cell		0			
LAB_RESULT_CM	RESULT UNIT	pm	picometer		0			
LAB_RESULT_CM	RESULT UNIT	pmol	picomole		0			
LAB_RESULT_CM	RESULT UNIT	pmol/(24.h)	picomole per 24 hour		0			
LAB_RESULT_CM	RESULT UNIT	pmol/d	picomole per day		0			
LAB_RESULT_CM	RESULT UNIT	pmol/h/mg{prot}	picomole per hour per milligram of protein		0			
LAB_RESULT_CM	RESULT UNIT	pmol/umol	picomole per micromole		0			
LAB_RESULT_CM	RESULT UNIT	pmol/umol{creat}	picomole per micromole of creatinine		0			
LAB_RESULT_CM	RESULT UNIT	pmol/mg{prot}	picomole per milligram of protein		0			
LAB_RESULT_CM	RESULT UNIT	pmol/mmol{creat}	picomole per millimole of creatinine		0			
LAB_RESULT_CM	RESULT UNIT	pmol/min	picomole per minute		0			
LAB_RESULT_CM	RESULT UNIT	pmol/min/mg{prot}	picomole per minute per milligram of protein		0			
LAB_RESULT_CM	RESULT UNIT	pT	picotesla		0			
LAB_RESULT_CM	RESULT UNIT	[pt_us]	pint (US)		0			
LAB_RESULT_CM	RESULT UNIT	[psi]	pound per square inch		0			
LAB_RESULT_CM	RESULT UNIT	[qt_us]	quart (US)		0			
LAB_RESULT_CM	RESULT UNIT	{RBC}/uL	red blood cell per microliter		0			
LAB_RESULT_CM	RESULT UNIT	%{relative}	relative percent		0			
LAB_RESULT_CM	RESULT UNIT	{rel_saturation}	relative saturation		0			
LAB_RESULT_CM	RESULT UNIT	{saturation}	saturation		0			
LAB_RESULT_CM	RESULT UNIT	s/{control}	second per control		0			
LAB_RESULT_CM	RESULT UNIT	{shift}	shift		0			
LAB_RESULT_CM	RESULT UNIT	Sv	Sievert		0			
LAB_RESULT_CM	RESULT UNIT	{s_co_ratio}	signal to cutoff ratio		0			
LAB_RESULT_CM	RESULT UNIT	{spermatozoa}/mL	spermatozoa per milliliter		0			
LAB_RESULT_CM	RESULT UNIT	cm2/s	square centimeter per second		0			
LAB_RESULT_CM	RESULT UNIT	dm2/s2	square decimeter per square second		0			
LAB_RESULT_CM	RESULT UNIT	[sin_i]	square inch (international)		0			
LAB_RESULT_CM	RESULT UNIT	m2/s	square meter per second		0			
LAB_RESULT_CM	RESULT UNIT	{STDV}	standard deviation		0			
LAB_RESULT_CM	RESULT UNIT	[tbs_us]	tablespoon (US)		0			
LAB_RESULT_CM	RESULT UNIT	[tsp_us]	teaspoon (US)		0			
LAB_RESULT_CM	RESULT UNIT	10*3{RBCs}	thousand red blood cells		0			
LAB_RESULT_CM	RESULT UNIT	{TSI_index}	thyroid-stimulating immunoglobulin index		0			
LAB_RESULT_CM	RESULT UNIT	[todd'U]	Todd unit		0			
LAB_RESULT_CM	RESULT UNIT	Torr	Torr		0			
LAB_RESULT_CM	RESULT UNIT	[oz_tr]	Troy ounce		0			
LAB_RESULT_CM	RESULT UNIT	[tb'U]	tuberculin unit		0			
LAB_RESULT_CM	RESULT UNIT	umol/10*6{RBC}	umol/10*6{RBC}=micromole per million red blood cell		0			
LAB_RESULT_CM	RESULT UNIT	{WBCs}	white blood cells		0			
LAB_RESULT_CM	RESULT UNIT	[yd_i]	yard (international)		0			
LAB_RESULT_CM	RESULT MODIFIER	TX	TX=Text		0			
LAB_RESULT_CM	ABN IND	AB	AB=Abnormal		0			
LAB_RESULT_CM	ABN IND	AH	AH=Abnormally  high		0			
LAB_RESULT_CM	ABN IND	AL	AL=Abnormally  low		0			
LAB_RESULT_CM	ABN IND	CH	CH=Critically  high		0			
LAB_RESULT_CM	ABN IND	CL	CL=Critically  low		0			
LAB_RESULT_CM	ABN IND	IN	IN=Inconclusive		0			
LAB_RESULT_CM	ABN IND	NL	NL=Normal		0			
LAB_RESULT_CM	ABN IND	OT	OT=Other		0			
CONDITION	CONDITION STATUS	RS	RS=Resolved		0			
CONDITION	CONDITION STATUS	NI	NI=No  information		0			
CONDITION	CONDITION STATUS	UN	UN=Unknown		0			
CONDITION	CONDITION TYPE	11	11=ICD-11-CM		0			
CONDITION	CONDITION TYPE	AG	AG=Algorithmic		0			
CONDITION	CONDITION TYPE	NI	NI=No  information		0			
CONDITION	CONDITION SOURCE	HC	HC=Healthcare  problem  list		0			
CONDITION	CONDITION SOURCE	CC	CC=Patient Chief Complaint		0			
CONDITION	CONDITION SOURCE	PC	PC=PCORnet-defined  condition  algorithm		0			
CONDITION	CONDITION SOURCE	DR	DR=Derived		0			
CONDITION	CONDITION SOURCE	NI	NI=No  information		0			
CONDITION	CONDITION SOURCE	UN	UN=Unknown		0			
CONDITION	CONDITION SOURCE	OT	OT=Other		0			
PRO_CM	PRO TYPE	PM	PM=PROMIS		0			
PRO_CM	PRO TYPE	NQ	NQ=Neuro-QoL		0			
PRO_CM	PRO TYPE	NT	NT=NIH  Toolbox		0			
PRO_CM	PRO TYPE	PC	PC=PRO_CTCAE		0			
PRO_CM	PRO TYPE	LC	LC=LOINC		0			
PRO_CM	PRO TYPE	UN	UN=Unknown		0			
PRO_CM	PRO METHOD	PA	PA=Paper  		0			
PRO_CM	PRO METHOD	PH	PH=Telephonic		0			
PRO_CM	PRO METHOD	IV	IV=Telephonic  with  interactive  voice  response  (IVR)  technology		0			
PRO_CM	PRO MODE	SF	SF=Self  without  assistance		0			
PRO_CM	PRO MODE	SA	SA=  Self  with  assistance		0			
PRO_CM	PRO MODE	PR	PR=Proxy  without  assistance		0			
PRO_CM	PRO MODE	PA	PA=Proxy  with  assistance		0			
PRO_CM	PRO MODE	NI	NI=No  information		0			
PRO_CM	PRO MODE	UN	UN=Unknown		0			
PRO_CM	PRO CAT	N	N=No		0			
PRO_CM	PRO CAT	NI	NI=No  information		0			
PRO_CM	PRO CAT	OT	OT=Other		0			
PRO_CM	PRO SOURCE	OD	OD=Order/EHR		0			
PRO_CM	PRO SOURCE	BI	BI=Billing		0			
PRO_CM	PRO SOURCE	CL	CL=Claim		0			
PRO_CM	PRO SOURCE	UN	UN=Unknown		0			
PRO_CM	PRO SOURCE	OT	OT=Other		0			
PRESCRIBING	RX DOSE ORDERED UNIT	%{response}	%{response}=percent response		0			
PRESCRIBING	RX DOSE ORDERED UNIT	[diop]	[diop]=diopter		0			
PRESCRIBING	RX DOSE ORDERED UNIT	[ft_us]/[ft_us]	[ft_us]/[ft_us]=feet (US) per feet (US)		0			
PRESCRIBING	RX DOSE ORDERED UNIT	[MET].min/wk	[MET].min/wk=metabolic equivalent minute per week		0			
PRESCRIBING	RX DOSE ORDERED UNIT	{#}/a	{#}/a=number per annum (year)		0			
PRESCRIBING	RX DOSE ORDERED UNIT	{#}/g	{#}/g=number per gram		0			
PRESCRIBING	RX DOSE ORDERED UNIT	{#}/wk	{#}/wk=number per week		0			
PRESCRIBING	RX DOSE ORDERED UNIT	{breaths}/min	{breaths}/min=breaths per minute		0			
PRESCRIBING	RX DOSE ORDERED UNIT	{Ct_value}	{Ct_value}=Cycle threshold value		0			
PRESCRIBING	RX DOSE ORDERED UNIT	{risk}	{risk}=risk		0			
PRESCRIBING	RX DOSE ORDERED UNIT	{score}	{score}=score		0			
PRESCRIBING	RX DOSE ORDERED UNIT	{TmStp}	{TmStp}=time stamp		0			
PRESCRIBING	RX DOSE ORDERED UNIT	10.L/min	10 liter per minute		0			
PRESCRIBING	RX DOSE ORDERED UNIT	10.L/(min.m2)	10 liter per minute per square meter		0			
PRESCRIBING	RX DOSE ORDERED UNIT	10.uN.s/(cm5.m2)	10 micronewton second per centimeter to the fifth power per square meter		0			
PRESCRIBING	RX DOSE ORDERED UNIT	10*8	100 million 		0			
PRESCRIBING	RX DOSE ORDERED UNIT	24.h	24 hour		0			
PRESCRIBING	RX DOSE ORDERED UNIT	[AU]	allergy unit		0			
PRESCRIBING	RX DOSE ORDERED UNIT	A	ampere		0			
PRESCRIBING	RX DOSE ORDERED UNIT	A/m	ampere per meter		0			
PRESCRIBING	RX DOSE ORDERED UNIT	[arb'U]/mL	arbitrary unit per milliliter		0			
PRESCRIBING	RX DOSE ORDERED UNIT	{ARU}	aspirin response unit		0			
PRESCRIBING	RX DOSE ORDERED UNIT	atm	atmosphere		0			
PRESCRIBING	RX DOSE ORDERED UNIT	bar	bar		0			
PRESCRIBING	RX DOSE ORDERED UNIT	[beth'U]	Bethesda unit		0			
PRESCRIBING	RX DOSE ORDERED UNIT	10*9/mL	billion per milliliter		0			
PRESCRIBING	RX DOSE ORDERED UNIT	[bdsk'U]	Bodansky unit		0			
PRESCRIBING	RX DOSE ORDERED UNIT	{cells}	cells		0			
PRESCRIBING	RX DOSE ORDERED UNIT	{cells}/[HPF]	cells per high power field		0			
PRESCRIBING	RX DOSE ORDERED UNIT	{cells}/uL	cells per microliter		0			
PRESCRIBING	RX DOSE ORDERED UNIT	cL	centiliter		0			
PRESCRIBING	RX DOSE ORDERED UNIT	cm[H2O]	centimeter of water		0			
PRESCRIBING	RX DOSE ORDERED UNIT	cm[H2O]/L/s	centimeter of water per liter per second		0			
PRESCRIBING	RX DOSE ORDERED UNIT	cm[H2O]/s/m	centimeter of water per second per meter		0			
PRESCRIBING	RX DOSE ORDERED UNIT	cP	centipoise		0			
PRESCRIBING	RX DOSE ORDERED UNIT	{delta_OD}	change in (delta) optical density		0			
PRESCRIBING	RX DOSE ORDERED UNIT	{clock_time}	clock time e.g 12:30PM		0			
PRESCRIBING	RX DOSE ORDERED UNIT	cm/s	cm/s=centimeter per second		0			
PRESCRIBING	RX DOSE ORDERED UNIT	[CFU]/L	colony forming unit per liter		0			
PRESCRIBING	RX DOSE ORDERED UNIT	{CAE'U}	complement activity enzyme unit		0			
PRESCRIBING	RX DOSE ORDERED UNIT	{count}	count		0			
PRESCRIBING	RX DOSE ORDERED UNIT	[cin_i]	cubic inch (international)		0			
PRESCRIBING	RX DOSE ORDERED UNIT	m3/s	cubic meter per second		0			
PRESCRIBING	RX DOSE ORDERED UNIT	d/(7.d)	d/(7.d)=day per 7 day		0			
PRESCRIBING	RX DOSE ORDERED UNIT	d	day		0			
PRESCRIBING	RX DOSE ORDERED UNIT	dB	decibel		0			
PRESCRIBING	RX DOSE ORDERED UNIT	dg	decigram		0			
PRESCRIBING	RX DOSE ORDERED UNIT	dL	deciliter		0			
PRESCRIBING	RX DOSE ORDERED UNIT	dm	decimeter		0			
PRESCRIBING	RX DOSE ORDERED UNIT	Cel	degree Celsius		0			
PRESCRIBING	RX DOSE ORDERED UNIT	[degF]	degree Fahrenheit		0			
PRESCRIBING	RX DOSE ORDERED UNIT	K/W	degree Kelvin per Watt		0			
PRESCRIBING	RX DOSE ORDERED UNIT	deg/s	degree per second		0			
PRESCRIBING	RX DOSE ORDERED UNIT	daL/min	dekaliter per minute		0			
PRESCRIBING	RX DOSE ORDERED UNIT	{dilution}	dilution		0			
PRESCRIBING	RX DOSE ORDERED UNIT	[drp]	drop (1/12 milliliter)		0			
PRESCRIBING	RX DOSE ORDERED UNIT	dyn.s/cm	dyne second per centimeter		0			
PRESCRIBING	RX DOSE ORDERED UNIT	dyn.s/(cm.m2)	dyne second per centimeter per square meter		0			
PRESCRIBING	RX DOSE ORDERED UNIT	{Ehrlich'U}	Ehrlich unit		0			
PRESCRIBING	RX DOSE ORDERED UNIT	{Ehrlich'U}/d	Ehrlich unit per day		0			
PRESCRIBING	RX DOSE ORDERED UNIT	{Ehrlich'U}/dL	Ehrlich unit per deciliter		0			
PRESCRIBING	RX DOSE ORDERED UNIT	{EIA_titer}	EIA titer		0			
PRESCRIBING	RX DOSE ORDERED UNIT	{EIA'U}	EIA unit		0			
PRESCRIBING	RX DOSE ORDERED UNIT	eV	electron Volt		0			
PRESCRIBING	RX DOSE ORDERED UNIT	{ELISA'U}	ELISA unit		0			
PRESCRIBING	RX DOSE ORDERED UNIT	U	enzyme unit		0			
PRESCRIBING	RX DOSE ORDERED UNIT	U/10*10	enzyme unit per 10 billion		0			
PRESCRIBING	RX DOSE ORDERED UNIT	U/(10.g){feces}	enzyme unit per 10 gram of feces		0			
PRESCRIBING	RX DOSE ORDERED UNIT	U/(12.h)	enzyme unit per 12 hour		0			
PRESCRIBING	RX DOSE ORDERED UNIT	U/(2.h)	enzyme unit per 2 hour		0			
PRESCRIBING	RX DOSE ORDERED UNIT	U/(24.h)	enzyme unit per 24 hour		0			
PRESCRIBING	RX DOSE ORDERED UNIT	U/10*9	enzyme unit per billion		0			
PRESCRIBING	RX DOSE ORDERED UNIT	U/d	enzyme unit per day		0			
PRESCRIBING	RX DOSE ORDERED UNIT	U/g	enzyme unit per gram		0			
PRESCRIBING	RX DOSE ORDERED UNIT	U/g{creat}	enzyme unit per gram of creatinine		0			
PRESCRIBING	RX DOSE ORDERED UNIT	U/g{Hb}	enzyme unit per gram of hemoglobin		0			
PRESCRIBING	RX DOSE ORDERED UNIT	U/g{protein}	enzyme unit per gram of protein		0			
PRESCRIBING	RX DOSE ORDERED UNIT	U/h	enzyme unit per hour		0			
PRESCRIBING	RX DOSE ORDERED UNIT	U/kg{Hb}	enzyme unit per kilogram of hemoglobin		0			
PRESCRIBING	RX DOSE ORDERED UNIT	U{25Cel}/L	enzyme unit per liter at 25 deg Celsius 		0			
PRESCRIBING	RX DOSE ORDERED UNIT	U/mmol{creat}	enzyme unit per millimole of creatinine		0			
PRESCRIBING	RX DOSE ORDERED UNIT	U/s	enzyme unit per second		0			
PRESCRIBING	RX DOSE ORDERED UNIT	U/10*12	enzyme unit per trillion		0			
PRESCRIBING	RX DOSE ORDERED UNIT	eq	equivalent		0			
PRESCRIBING	RX DOSE ORDERED UNIT	eq/umol	equivalent per micromole		0			
PRESCRIBING	RX DOSE ORDERED UNIT	eq/mmol	equivalent per millimole		0			
PRESCRIBING	RX DOSE ORDERED UNIT	erg	erg		0			
PRESCRIBING	RX DOSE ORDERED UNIT	F	Farad		0			
PRESCRIBING	RX DOSE ORDERED UNIT	fg	femtogram		0			
PRESCRIBING	RX DOSE ORDERED UNIT	fL	femtoliter		0			
PRESCRIBING	RX DOSE ORDERED UNIT	fm	femtometer		0			
PRESCRIBING	RX DOSE ORDERED UNIT	fmol	femtomole		0			
PRESCRIBING	RX DOSE ORDERED UNIT	fmol/g	femtomole per gram		0			
PRESCRIBING	RX DOSE ORDERED UNIT	fmol/L	femtomole per liter		0			
PRESCRIBING	RX DOSE ORDERED UNIT	fmol/mg{cyt_prot}	femtomole per milligram of cytosol protein		0			
PRESCRIBING	RX DOSE ORDERED UNIT	{FIU}	fluorescent intensity unit		0			
PRESCRIBING	RX DOSE ORDERED UNIT	{fraction}	fraction		0			
PRESCRIBING	RX DOSE ORDERED UNIT	[Ch]	French (catheter gauge) 		0			
PRESCRIBING	RX DOSE ORDERED UNIT	{GAA_repeats}	GAA trinucleotide repeats		0			
PRESCRIBING	RX DOSE ORDERED UNIT	{genomes}/mL	genomes per milliliter		0			
PRESCRIBING	RX DOSE ORDERED UNIT	{Globules}/[HPF]	globules (drops)  per high power field		0			
PRESCRIBING	RX DOSE ORDERED UNIT	g{creat}	gram of creatinine		0			
PRESCRIBING	RX DOSE ORDERED UNIT	g{Hb}	gram of hemoglobin		0			
PRESCRIBING	RX DOSE ORDERED UNIT	g{total_nit}	gram of total nitrogen		0			
PRESCRIBING	RX DOSE ORDERED UNIT	g{wet_tissue}	gram of wet tissue		0			
PRESCRIBING	RX DOSE ORDERED UNIT	g/kg/(8.h)	gram per  kilogram per 8 hour 		0			
PRESCRIBING	RX DOSE ORDERED UNIT	g/(4.h)	gram per 4 hour		0			
PRESCRIBING	RX DOSE ORDERED UNIT	g/(48.h)	gram per 48 hour		0			
PRESCRIBING	RX DOSE ORDERED UNIT	g/(5.h)	gram per 5 hour		0			
PRESCRIBING	RX DOSE ORDERED UNIT	g/(6.h)	gram per 6 hour		0			
PRESCRIBING	RX DOSE ORDERED UNIT	g/(8.h){shift}	gram per 8 hour shift		0			
PRESCRIBING	RX DOSE ORDERED UNIT	g/cm3	gram per cubic centimeter		0			
PRESCRIBING	RX DOSE ORDERED UNIT	g/dL	gram per deciliter		0			
PRESCRIBING	RX DOSE ORDERED UNIT	g/g{globulin}	gram per gram of globulin		0			
PRESCRIBING	RX DOSE ORDERED UNIT	g/kg/h	gram per kilogram per hour		0			
PRESCRIBING	RX DOSE ORDERED UNIT	g/kg/min	gram per kilogram per minute		0			
PRESCRIBING	RX DOSE ORDERED UNIT	g/L	gram per liter		0			
PRESCRIBING	RX DOSE ORDERED UNIT	g/min	gram per minute		0			
PRESCRIBING	RX DOSE ORDERED UNIT	g/{specimen}	gram per specimen		0			
PRESCRIBING	RX DOSE ORDERED UNIT	{beats}/min	heart beats per minute		0			
PRESCRIBING	RX DOSE ORDERED UNIT	H	Henry		0			
PRESCRIBING	RX DOSE ORDERED UNIT	Hz	Hertz		0			
PRESCRIBING	RX DOSE ORDERED UNIT	[HPF]	high power field		0			
PRESCRIBING	RX DOSE ORDERED UNIT	h	hour		0			
PRESCRIBING	RX DOSE ORDERED UNIT	[APL'U]/mL	IgA anticardiolipin unit per milliliter**		0			
PRESCRIBING	RX DOSE ORDERED UNIT	[APL'U]	IgA anticardiolipin unit**		0			
PRESCRIBING	RX DOSE ORDERED UNIT	{APS'U}	IgA antiphosphatidylserine unit 		0			
PRESCRIBING	RX DOSE ORDERED UNIT	{GPS'U}	IgG antiphosphatidylserine unit		0			
PRESCRIBING	RX DOSE ORDERED UNIT	{MPS'U}	IgM antiphosphatidylserine unit		0			
PRESCRIBING	RX DOSE ORDERED UNIT	{MPS'U}/mL	IgM antiphosphatidylserine unit per milliliter		0			
PRESCRIBING	RX DOSE ORDERED UNIT	{IFA_index}	immunofluorescence assay index		0			
PRESCRIBING	RX DOSE ORDERED UNIT	[in_i]	inch (international)		0			
PRESCRIBING	RX DOSE ORDERED UNIT	{INR}	international normalized ratio		0			
PRESCRIBING	RX DOSE ORDERED UNIT	{Tscore}	{Tscore}=t score		0			
PRESCRIBING	RX DOSE ORDERED UNIT	[IU]/(2.h)	international unit per 2 hour		0			
PRESCRIBING	RX DOSE ORDERED UNIT	[IU]/(24.h)	international unit per 24 hour		0			
PRESCRIBING	RX DOSE ORDERED UNIT	[IU]/dL	international unit per deciliter		0			
PRESCRIBING	RX DOSE ORDERED UNIT	[IU]/g	international unit per gram		0			
PRESCRIBING	RX DOSE ORDERED UNIT	[IU]/L{37Cel}	international unit per liter at 37 degrees Celsius		0			
PRESCRIBING	RX DOSE ORDERED UNIT	{JDF'U}/L	Juvenile Diabetes Foundation unit per liter		0			
PRESCRIBING	RX DOSE ORDERED UNIT	{KCT'U}	kaolin clotting time		0			
PRESCRIBING	RX DOSE ORDERED UNIT	kat/L	katal per liter		0			
PRESCRIBING	RX DOSE ORDERED UNIT	kU	kilo enzyme unit		0			
PRESCRIBING	RX DOSE ORDERED UNIT	kU/L	kilo enzyme unit per liter		0			
PRESCRIBING	RX DOSE ORDERED UNIT	kU/mL	kilo enzyme unit per milliliter		0			
PRESCRIBING	RX DOSE ORDERED UNIT	kcal	kilocalorie		0			
PRESCRIBING	RX DOSE ORDERED UNIT	kcal/h	kilocalorie per hour		0			
PRESCRIBING	RX DOSE ORDERED UNIT	kg	kilogram		0			
PRESCRIBING	RX DOSE ORDERED UNIT	kg/m3	kilogram per cubic meter		0			
PRESCRIBING	RX DOSE ORDERED UNIT	kg/h	kilogram per hour		0			
PRESCRIBING	RX DOSE ORDERED UNIT	kg/L	kilogram per liter		0			
PRESCRIBING	RX DOSE ORDERED UNIT	kg/min	kilogram per minute		0			
PRESCRIBING	RX DOSE ORDERED UNIT	kg/m2	kilogram per square meter		0			
PRESCRIBING	RX DOSE ORDERED UNIT	kL	kiloliter		0			
PRESCRIBING	RX DOSE ORDERED UNIT	km	kilometer		0			
PRESCRIBING	RX DOSE ORDERED UNIT	[ka'U]	King Armstrong unit		0			
PRESCRIBING	RX DOSE ORDERED UNIT	[knk'U]	Kunkel unit		0			
PRESCRIBING	RX DOSE ORDERED UNIT	L/min/m2	L/min/m2=liter per minute per sqaure meter		0			
PRESCRIBING	RX DOSE ORDERED UNIT	L	liter		0			
PRESCRIBING	RX DOSE ORDERED UNIT	L/(24.h)	liter per 24 hour		0			
PRESCRIBING	RX DOSE ORDERED UNIT	L/(8.h)	liter per 8 hour		0			
PRESCRIBING	RX DOSE ORDERED UNIT	L/d	liter per day		0			
PRESCRIBING	RX DOSE ORDERED UNIT	L/h	liter per hour		0			
PRESCRIBING	RX DOSE ORDERED UNIT	L/s	liter per second		0			
PRESCRIBING	RX DOSE ORDERED UNIT	L/s/s2	liter per second per square second		0			
PRESCRIBING	RX DOSE ORDERED UNIT	{Log_IU}	log (base 10) international unit		0			
PRESCRIBING	RX DOSE ORDERED UNIT	{Log}	log base 10		0			
PRESCRIBING	RX DOSE ORDERED UNIT	Ms	megasecond		0			
PRESCRIBING	RX DOSE ORDERED UNIT	m	meter		0			
PRESCRIBING	RX DOSE ORDERED UNIT	m/s	meter per second		0			
PRESCRIBING	RX DOSE ORDERED UNIT	uU/L	micro enzyme unit per liter		0			
PRESCRIBING	RX DOSE ORDERED UNIT	uU/mL	micro enzyme unit per milliliter		0			
PRESCRIBING	RX DOSE ORDERED UNIT	u[IU]/mL	micro international unit per milliliter		0			
PRESCRIBING	RX DOSE ORDERED UNIT	ueq	microequivalent		0			
PRESCRIBING	RX DOSE ORDERED UNIT	ueq/mL	microequivalent per milliliter		0			
PRESCRIBING	RX DOSE ORDERED UNIT	ug/(100.g)	microgram per 100 gram		0			
PRESCRIBING	RX DOSE ORDERED UNIT	ug/(24.h)	microgram per 24 hour		0			
PRESCRIBING	RX DOSE ORDERED UNIT	ug/(8.h)	microgram per 8 hour		0			
PRESCRIBING	RX DOSE ORDERED UNIT	ug/m3	microgram per cubic meter		0			
PRESCRIBING	RX DOSE ORDERED UNIT	ug/g	microgram per gram		0			
PRESCRIBING	RX DOSE ORDERED UNIT	ug/g{creat}	microgram per gram of creatinine		0			
PRESCRIBING	RX DOSE ORDERED UNIT	ug/g{dry_tissue}	microgram per gram of dry tissue		0			
PRESCRIBING	RX DOSE ORDERED UNIT	ug/g{dry_wt}	microgram per gram of dry weight		0			
PRESCRIBING	RX DOSE ORDERED UNIT	ug/g{hair}	microgram per gram of hair		0			
PRESCRIBING	RX DOSE ORDERED UNIT	ug/g{Hb}	microgram per gram of hemoglobin		0			
PRESCRIBING	RX DOSE ORDERED UNIT	ug/g{tissue}	microgram per gram of tissue		0			
PRESCRIBING	RX DOSE ORDERED UNIT	ug/kg/(8.h)	microgram per kilogram per 8 hour		0			
PRESCRIBING	RX DOSE ORDERED UNIT	ug/kg/d	microgram per kilogram per day		0			
PRESCRIBING	RX DOSE ORDERED UNIT	ug/L{RBCs}	microgram per liter of red blood cells		0			
PRESCRIBING	RX DOSE ORDERED UNIT	ug/mg	microgram per milligram		0			
PRESCRIBING	RX DOSE ORDERED UNIT	ug/mL{class}	microgram per milliliter class		0			
PRESCRIBING	RX DOSE ORDERED UNIT	ug/mL{eqv}	microgram per milliliter equivalent		0			
PRESCRIBING	RX DOSE ORDERED UNIT	ug/mmol{creat}	microgram per millimole of creatinine		0			
PRESCRIBING	RX DOSE ORDERED UNIT	ug/{specimen}	microgram per specimen		0			
PRESCRIBING	RX DOSE ORDERED UNIT	u[IU]/L	microinternational unit per liter		0			
PRESCRIBING	RX DOSE ORDERED UNIT	uL	microliter		0			
PRESCRIBING	RX DOSE ORDERED UNIT	uL/h	microliter per hour		0			
PRESCRIBING	RX DOSE ORDERED UNIT	um	micrometer		0			
PRESCRIBING	RX DOSE ORDERED UNIT	umol	micromole		0			
PRESCRIBING	RX DOSE ORDERED UNIT	umol/(24.h)	micromole per 24 hour		0			
PRESCRIBING	RX DOSE ORDERED UNIT	umol/d	micromole per day		0			
PRESCRIBING	RX DOSE ORDERED UNIT	umol/dL	micromole per deciliter		0			
PRESCRIBING	RX DOSE ORDERED UNIT	umol/dL{GF}	micromole per deciliter of glomerular filtrate		0			
PRESCRIBING	RX DOSE ORDERED UNIT	umol/g	micromole per gram		0			
PRESCRIBING	RX DOSE ORDERED UNIT	umol/g{creat}	micromole per gram of creatinine		0			
PRESCRIBING	RX DOSE ORDERED UNIT	umol/g{Hb}	micromole per gram of hemoglobin		0			
PRESCRIBING	RX DOSE ORDERED UNIT	umol/h	micromole per hour		0			
PRESCRIBING	RX DOSE ORDERED UNIT	umol/kg	micromole per kilogram		0			
PRESCRIBING	RX DOSE ORDERED UNIT	umol/L	micromole per liter		0			
PRESCRIBING	RX DOSE ORDERED UNIT	umol/umol	micromole per micromole		0			
LAB_RESULT_CM	SPECIMEN SOURCE	^PLANT_SPECIMEN	^PLANT_SPECIMEN=^Plant_specimen		0			
LAB_RESULT_CM	SPECIMEN SOURCE	ADRENAL_GLAND	ADRENAL_GLAND=Adrenal_gland		0			
LAB_RESULT_CM	SPECIMEN SOURCE	B_CELLS+MONOCYTES	B_CELLS+MONOCYTES=B_cells+monocytes		0			
LAB_RESULT_CM	SPECIMEN SOURCE	BIL_FLD	BIL_FLD=Bil_fld		0			
LAB_RESULT_CM	SPECIMEN SOURCE	BLDC^FETUS	BLDC^FETUS=BldC^fetus		0			
LAB_RESULT_CM	SPECIMEN SOURCE	CERVIX	CERVIX=Cervix		0			
LAB_RESULT_CM	SPECIMEN SOURCE	CORNEA_CONJUNCTIVA	CORNEA_CONJUNCTIVA=Cornea/Conjunctiva		0			
LAB_RESULT_CM	SPECIMEN SOURCE	FIBROBLASTS^CONTROL	FIBROBLASTS^CONTROL=Fibroblasts^control		0			
LAB_RESULT_CM	SPECIMEN SOURCE	FLU.NONBIOLOGICAL	FLU.NONBIOLOGICAL=Flu.nonbiological		0			
LAB_RESULT_CM	SPECIMEN SOURCE	INGESTA	INGESTA=Ingesta		0			
LAB_RESULT_CM	SPECIMEN SOURCE	INTRAVASCULAR_SPACE.XXX	INTRAVASCULAR_SPACE.XXX=Intravascular_space.XXX		0			
LAB_RESULT_CM	SPECIMEN SOURCE	PANCREAS.FNA	PANCREAS.FNA=Pancreas.FNA		0			
LAB_RESULT_CM	SPECIMEN SOURCE	PAROTID.FNA	PAROTID.FNA=Parotid.FNA		0			
LAB_RESULT_CM	SPECIMEN SOURCE	PLAS_RBC	PLAS_RBC=Plas/RBC		0			
LAB_RESULT_CM	SPECIMEN SOURCE	PROSTATE	PROSTATE=Prostate		0			
LAB_RESULT_CM	SPECIMEN SOURCE	PROSTATE_TUMOR	PROSTATE_TUMOR=Prostate_tumor		0			
LAB_RESULT_CM	SPECIMEN SOURCE	PULMONARY_WEDGE	PULMONARY_WEDGE=Pulmonary_wedge		0			
LAB_RESULT_CM	SPECIMEN SOURCE	RBC^BPU	RBC^BPU=RBC^BPU		0			
LAB_RESULT_CM	SPECIMEN SOURCE	RBC^CONTROL	RBC^CONTROL=RBC^control		0			
LAB_RESULT_CM	SPECIMEN SOURCE	SEMEN	SEMEN=Semen		0			
LAB_RESULT_CM	SPECIMEN SOURCE	SER^CONTROL	SER^CONTROL=Ser^control		0			
LAB_RESULT_CM	SPECIMEN SOURCE	SER^FETUS	SER^FETUS=Ser^Fetus		0			
LAB_RESULT_CM	SPECIMEN SOURCE	SER+BLD	SER+BLD=Ser+Bld		0			
LAB_RESULT_CM	SPECIMEN SOURCE	SOFT_TISSUE.FNA	SOFT_TISSUE.FNA=Soft_tissue.FNA		0			
LAB_RESULT_CM	SPECIMEN SOURCE	SYNV_FLD	SYNV_FLD=Synv_fld		0			
LAB_RESULT_CM	SPECIMEN SOURCE	XXX_MC	XXX_MC=XXX_MC		0			
LAB_RESULT_CM	LAB RESULT SOURCE	OD	OD=Order/EHR		0			
LAB_RESULT_CM	LAB LOINC SOURCE	HL	HL=HL7 feed or other interface		0			
LAB_RESULT_CM	RESULT QUAL	ELEVATED	ELEVATED=Elevated		0			
LAB_RESULT_CM	RESULT QUAL	O POS	O POS=O Pos		0			
LAB_RESULT_CM	RESULT QUAL	PAST INFECTION	PAST INFECTION=Past infection		0			
LAB_RESULT_CM	RESULT QUAL	RECENT INFECTION	RECENT INFECTION=Recent infection		0			
LAB_RESULT_CM	RESULT QUAL	SPECIMEN UNSATISFACTORY	SPECIMEN UNSATISFACTORY=Specimen unsatisfactory		0			
LAB_RESULT_CM	RESULT UNIT	{#}/a	{#}/a=number per annum (year)		0			
LAB_RESULT_CM	RESULT UNIT	24.h	24 hour		0			
LAB_RESULT_CM	RESULT UNIT	{absorbance}	absorbance		0			
LAB_RESULT_CM	RESULT UNIT	[bdsk'U]	Bodansky unit		0			
LAB_RESULT_CM	RESULT UNIT	cg	centigram		0			
LAB_RESULT_CM	RESULT UNIT	{CPM}/10*3{cell}	counts per minute per thousand cells		0			
LAB_RESULT_CM	RESULT UNIT	m3/s	cubic meter per second		0			
LAB_RESULT_CM	RESULT UNIT	d/(7.d)	d/(7.d)=day per 7 day		0			
LAB_RESULT_CM	RESULT UNIT	daL/min	dekaliter per minute		0			
LAB_RESULT_CM	RESULT UNIT	[drp]	drop (1/12 milliliter)		0			
LAB_RESULT_CM	RESULT UNIT	{Ehrlich'U}/d	Ehrlich unit per day		0			
LAB_RESULT_CM	RESULT UNIT	U/g{protein}	enzyme unit per gram of protein		0			
LAB_RESULT_CM	RESULT UNIT	U{37Cel}/L	enzyme unit per liter at 37 deg Celsius		0			
LAB_RESULT_CM	RESULT UNIT	eq	equivalent		0			
LAB_RESULT_CM	RESULT UNIT	eq/L	equivalent per liter		0			
LAB_RESULT_CM	RESULT UNIT	eq/mmol	equivalent per millimole		0			
LAB_RESULT_CM	RESULT UNIT	g{Hb}	gram of hemoglobin		0			
LAB_RESULT_CM	RESULT UNIT	g/(4.h)	gram per 4 hour		0			
LAB_RESULT_CM	RESULT UNIT	g/(5.h)	gram per 5 hour		0			
LAB_RESULT_CM	RESULT UNIT	g/(6.h)	gram per 6 hour		0			
LAB_RESULT_CM	RESULT UNIT	g/(8.h){shift}	gram per 8 hour shift		0			
LAB_RESULT_CM	RESULT UNIT	g/cm3	gram per cubic centimeter		0			
LAB_RESULT_CM	RESULT UNIT	g/h/m2	gram per hour per square meter		0			
LAB_RESULT_CM	RESULT UNIT	g/kg/h	gram per kilogram per hour		0			
LAB_RESULT_CM	RESULT UNIT	g/kg/min	gram per kilogram per minute		0			
LAB_RESULT_CM	RESULT UNIT	g/{total_weight}	gram per total weight		0			
LAB_RESULT_CM	RESULT UNIT	{ImmuneComplex'U}	immune complex unit		0			
LAB_RESULT_CM	RESULT UNIT	{IFA_titer}	Immunofluorescence assay titer		0			
LAB_RESULT_CM	RESULT UNIT	[IU]/10*9{RBCs}	international unit per billion red blood cells		0			
LAB_RESULT_CM	RESULT UNIT	[IU]/h	international unit per hour		0			
LAB_RESULT_CM	RESULT UNIT	kU	kilo enzyme unit		0			
LAB_RESULT_CM	RESULT UNIT	kU/g	kilo enzyme unit per gram		0			
LAB_RESULT_CM	RESULT UNIT	kU/L	kilo enzyme unit per liter		0			
LAB_RESULT_CM	RESULT UNIT	kcal/h	kilocalorie per hour		0			
LAB_RESULT_CM	RESULT UNIT	kcal/[oz_av]	kilocalorie per ounce (US & British)		0			
LAB_RESULT_CM	RESULT UNIT	kg/mol	kilogram per mole		0			
LAB_RESULT_CM	RESULT UNIT	L/(8.h)	liter per 8 hour		0			
LAB_RESULT_CM	RESULT UNIT	L/d	liter per day		0			
LAB_RESULT_CM	RESULT UNIT	L/kg	liter per kilogram		0			
LAB_RESULT_CM	RESULT UNIT	{Log_IU}	log (base 10) international unit		0			
LAB_RESULT_CM	RESULT UNIT	lm.m2	lumen square meter		0			
LAB_RESULT_CM	RESULT UNIT	ug/g{feces}	microgram  per gram of feces		0			
LAB_RESULT_CM	RESULT UNIT	ug/d	microgram per day		0			
LAB_RESULT_CM	RESULT UNIT	ug/h	microgram per hour		0			
LAB_RESULT_CM	RESULT UNIT	ug/kg/(8.h)	microgram per kilogram per 8 hour		0			
LAB_RESULT_CM	RESULT UNIT	ug/L{RBCs}	microgram per liter of red blood cells		0			
LAB_RESULT_CM	RESULT UNIT	ug/mL{class}	microgram per milliliter class		0			
LAB_RESULT_CM	RESULT UNIT	ug/mL{eqv}	microgram per milliliter equivalent		0			
LAB_RESULT_CM	RESULT UNIT	ug/m2	microgram per square meter		0			
LAB_RESULT_CM	RESULT UNIT	uL/h	microliter per hour		0			
LAB_RESULT_CM	RESULT UNIT	umol/(8.h)	micromole per 8 hour		0			
LAB_RESULT_CM	RESULT UNIT	umol/d	micromole per day		0			
LAB_RESULT_CM	RESULT UNIT	umol/kg{feces}	micromole per kilogram of feces		0			
LAB_RESULT_CM	RESULT UNIT	umol/umol	micromole per micromole		0			
LAB_RESULT_CM	RESULT UNIT	umol/min/g{prot}	micromole per minute per gram of protein		0			
LAB_RESULT_CM	RESULT UNIT	mU/mmol{creat}	milli  enzyme unit per millimole of creatinine		0			
LAB_RESULT_CM	RESULT UNIT	mU/mg{creat}	milli enzyme unit per milligram of creatinine		0			
LAB_RESULT_CM	RESULT UNIT	mbar	millibar		0			
LAB_RESULT_CM	RESULT UNIT	meq/h	milliequivalent per hour		0			
LAB_RESULT_CM	RESULT UNIT	meq/{specimen}	milliequivalent per specimen		0			
LAB_RESULT_CM	RESULT UNIT	mg/g{feces}	milligram per gram of feces		0			
LAB_RESULT_CM	RESULT UNIT	mg/g{tissue}	milligram per gram of tissue		0			
LAB_RESULT_CM	RESULT UNIT	mg/h	milligram per hour		0			
LAB_RESULT_CM	RESULT UNIT	mg/kg/(8.h)	milligram per kilogram per 8 hour		0			
LAB_RESULT_CM	RESULT UNIT	mg/kg/d	milligram per kilogram per day		0			
LAB_RESULT_CM	RESULT UNIT	mg/L{RBCs}	milligram per liter of red blood cells		0			
LAB_RESULT_CM	RESULT UNIT	mg/{total_volume}	milligram per total volume		0			
LAB_RESULT_CM	RESULT UNIT	mg/wk	milligram per week		0			
LAB_RESULT_CM	RESULT UNIT	mL/(12.h)	milliliter per 12 hour		0			
LAB_RESULT_CM	RESULT UNIT	mL/cm[H2O]	milliliter per centimeter of water		0			
LAB_RESULT_CM	RESULT UNIT	mL/{beat}/m2	milliliter per heart beat per  square meter		0			
LAB_RESULT_CM	RESULT UNIT	mL/kg	milliliter per kilogram		0			
LAB_RESULT_CM	RESULT UNIT	mL/min/m2	milliliter per minute per square meter		0			
LAB_RESULT_CM	RESULT UNIT	mm/min	millimeter per minute		0			
LAB_RESULT_CM	RESULT UNIT	mmol/(12.h)	millimole per 12 hour		0			
LAB_RESULT_CM	RESULT UNIT	g/kg	gram per kilogram		0			
LAB_RESULT_CM	RESULT UNIT	mmol/(5.h)	millimole per 5 hour		0			
LAB_RESULT_CM	RESULT UNIT	mmol/{ejaculate}	millimole per ejaculate		0			
LAB_RESULT_CM	RESULT UNIT	mmol/kg/(8.h)	millimole per kilogram per 8 hour		0			
LAB_RESULT_CM	RESULT UNIT	mmol/L{RBCs}	millimole per liter of red blood cells		0			
LAB_RESULT_CM	RESULT UNIT	mmol/s/L	millimole per second per liter		0			
LAB_RESULT_CM	RESULT UNIT	10*6.[CFU]/L	million colony forming unit per liter		0			
LAB_RESULT_CM	RESULT UNIT	{mm/dd/yyyy}	month-day-year		0			
LAB_RESULT_CM	RESULT UNIT	ng/(24.h)	nanogram per 24 hour		0			
LAB_RESULT_CM	RESULT UNIT	ng/g{creat}	nanogram per gram of creatinine		0			
LAB_RESULT_CM	RESULT UNIT	ng/kg	nanogram per kilogram		0			
LAB_RESULT_CM	RESULT UNIT	ng/mg{prot}	nanogram per milligram of protein		0			
LAB_RESULT_CM	RESULT UNIT	ng/mg/h	nanogram per milligram per hour		0			
LAB_RESULT_CM	RESULT UNIT	nmol{BCE}	nanomole bone collagen equivalent		0			
LAB_RESULT_CM	RESULT UNIT	nmol/L/mmol{creat}	nanomole per liter per millimole of creatinine		0			
LAB_RESULT_CM	RESULT UNIT	nmol/umol{creat}	nanomole per micromole  of creatinine		0			
LAB_RESULT_CM	RESULT UNIT	nmol/mg/h	nanomole per milligram per hour		0			
LAB_RESULT_CM	RESULT UNIT	N.s	Newton second		0			
LAB_RESULT_CM	RESULT UNIT	osm/L	osmole per liter		0			
LAB_RESULT_CM	RESULT UNIT	[ppm]{v/v}	part per million in volume per volume		0			
LAB_RESULT_CM	RESULT UNIT	/10*10	per 10 billion  		0			
LAB_RESULT_CM	RESULT UNIT	/10*4{RBCs}	per 10 thousand red blood cells		0			
LAB_RESULT_CM	RESULT UNIT	/10*9	per billion		0			
LAB_RESULT_CM	RESULT UNIT	/m3	per cubic meter		0			
LAB_RESULT_CM	RESULT UNIT	/g{creat}	per gram of creatinine		0			
LAB_RESULT_CM	RESULT UNIT	/kg{body_wt}	per kilogram of body weight		0			
LAB_RESULT_CM	RESULT UNIT	/mg	per milligram		0			
LAB_RESULT_CM	RESULT UNIT	/mL	per milliliter		0			
LAB_RESULT_CM	RESULT UNIT	/mm	per millimeter		0			
LAB_RESULT_CM	RESULT UNIT	/10*12	per trillion 		0			
LAB_RESULT_CM	RESULT UNIT	%{abnormal}	percent abnormal		0			
LAB_RESULT_CM	RESULT UNIT	%{activity}	percent activity		0			
LAB_RESULT_CM	RESULT UNIT	%{breakdown}	percent breakdown		0			
LAB_RESULT_CM	RESULT UNIT	%{deficient}	percent deficient		0			
LAB_RESULT_CM	RESULT UNIT	%{excretion}	percent excretion		0			
LAB_RESULT_CM	RESULT UNIT	%{loss}	percent loss		0			
LAB_RESULT_CM	RESULT UNIT	%{lysis}	percent lysis		0			
LAB_RESULT_CM	RESULT UNIT	%{cells}	percent of cells		0			
LAB_RESULT_CM	RESULT UNIT	%{RBCs}	percent of red blood cells		0			
LAB_RESULT_CM	RESULT UNIT	%{WBCs}	percent of white blood cells		0			
LAB_RESULT_CM	RESULT UNIT	%{viable}	percent viable		0			
LAB_RESULT_CM	RESULT UNIT	{percentile}	percentile		0			
LAB_RESULT_CM	RESULT UNIT	pkat	picokatal		0			
LAB_RESULT_CM	RESULT UNIT	pmol/g	picomole per gram		0			
LAB_RESULT_CM	RESULT UNIT	pmol/h/mL	picomole per hour per milliliter 		0			
LAB_RESULT_CM	RESULT UNIT	ps	picosecond		0			
LAB_RESULT_CM	RESULT UNIT	pmol/H/mg{protein}	pmol/H/mg{protein}=picomole per hour per milligram protein		0			
LAB_RESULT_CM	RESULT UNIT	{Rubella_virus}	rubella virus		0			
LAB_RESULT_CM	RESULT UNIT	[sft_i]	square foot (international)		0			
LAB_RESULT_CM	RESULT UNIT	mm2	square millimeter		0			
LAB_RESULT_CM	RESULT UNIT	[syd_i]	square yard (international)		0			
LAB_RESULT_CM	RESULT UNIT	Wb	Weber		0			
LAB_RESULT_CM	ABN IND	CR	CR=Critical		0			
LAB_RESULT_CM	ABN IND	NI	NI=No  information		0			
LAB_RESULT_CM	ABN IND	UN	UN=Unknown		0			
CONDITION	CONDITION STATUS	AC	AC=Active		0			
CONDITION	CONDITION STATUS	IN	IN=Inactive		0			
CONDITION	CONDITION STATUS	OT	OT=Other		0			
CONDITION	CONDITION TYPE	10	10=ICD-10-CM		0			
CONDITION	CONDITION TYPE	SM	SM=SNOMED  CT		0			
CONDITION	CONDITION TYPE	HP	HP=Human  Phenotype  Ontology		0			
CONDITION	CONDITION TYPE	UN	UN=Unknown		0			
CONDITION	CONDITION TYPE	OT	OT=Other		0			
CONDITION	CONDITION SOURCE	RG	RG=Registry  cohort		0			
PRO_CM	PRO TYPE	AM	AM=ASQC-Me		0			
PRO_CM	PRO TYPE	HC	HC=HCAHPS		0			
PRO_CM	PRO TYPE	NI	NI=No  information		0			
PRO_CM	PRO TYPE	OT	OT=Other		0			
PRO_CM	PRO METHOD	EC	EC=Electronic  		0			
PRO_CM	PRO METHOD	NI	NI=No  information		0			
PRO_CM	PRO METHOD	UN	UN=Unknown		0			
PRO_CM	PRO METHOD	OT	OT=Other		0			
PRO_CM	PRO MODE	OT	OT=Other		0			
PRO_CM	PRO CAT	Y	Y=Yes		0			
PRO_CM	PRO CAT	UN	UN=Unknown		0			
PRO_CM	PRO SOURCE	SR	SR=Survey system/mobile app		0			
PRO_CM	PRO SOURCE	DR	DR=Derived		0			
PRO_CM	PRO SOURCE	NI	NI=No information		0			
PRESCRIBING	RX DOSE ORDERED UNIT	[in_us]	[in_us]=inches (US)		0			
PRESCRIBING	RX DOSE ORDERED UNIT	{#}/d	{#}/d=number per day		0			
PRESCRIBING	RX DOSE ORDERED UNIT	{index}	{index}=index value		0			
PRESCRIBING	RX DOSE ORDERED UNIT	{yyyy}	{yyyy}=year		0			
PRESCRIBING	RX DOSE ORDERED UNIT	{Zscore}	{Zscore}=z score		0			
PRESCRIBING	RX DOSE ORDERED UNIT	10*4/uL	10 thousand per microliter		0			
PRESCRIBING	RX DOSE ORDERED UNIT	{absorbance}	absorbance		0			
PRESCRIBING	RX DOSE ORDERED UNIT	[arb'U]	arbitrary unit		0			
PRESCRIBING	RX DOSE ORDERED UNIT	ag/{cell}	attogram per cell		0			
PRESCRIBING	RX DOSE ORDERED UNIT	Bq	Becquerel		0			
PRESCRIBING	RX DOSE ORDERED UNIT	10*9/L	billion per liter		0			
PRESCRIBING	RX DOSE ORDERED UNIT	10*9/uL	billion per microliter		0			
PRESCRIBING	RX DOSE ORDERED UNIT	{binding_index}	binding index		0			
PRESCRIBING	RX DOSE ORDERED UNIT	{CAG_repeats}	CAG trinucleotide repeats		0			
PRESCRIBING	RX DOSE ORDERED UNIT	cg	centigram		0			
PRESCRIBING	RX DOSE ORDERED UNIT	cm[Hg]	centimeter of mercury		0			
PRESCRIBING	RX DOSE ORDERED UNIT	cSt	centistoke		0			
PRESCRIBING	RX DOSE ORDERED UNIT	cm3	cm3=cubic centimeter		0			
PRESCRIBING	RX DOSE ORDERED UNIT	[CFU]	colony forming unit		0			
PRESCRIBING	RX DOSE ORDERED UNIT	{CH100'U}	complement CH100 unit		0			
PRESCRIBING	RX DOSE ORDERED UNIT	{copies}	copies		0			
PRESCRIBING	RX DOSE ORDERED UNIT	{copies}/ug	copies per microgram		0			
PRESCRIBING	RX DOSE ORDERED UNIT	{copies}/mL	copies per milliliter		0			
PRESCRIBING	RX DOSE ORDERED UNIT	{CPM}	counts per minute		0			
PRESCRIBING	RX DOSE ORDERED UNIT	{CPM}/10*3{cell}	counts per minute per thousand cells		0			
PRESCRIBING	RX DOSE ORDERED UNIT	deg	degree (plane angle)		0			
PRESCRIBING	RX DOSE ORDERED UNIT	K	degree Kelvin		0			
PRESCRIBING	RX DOSE ORDERED UNIT	daL/min/m2	dekaliter per minute per square meter		0			
PRESCRIBING	RX DOSE ORDERED UNIT	[dr_av]	dram  (US and British)		0			
PRESCRIBING	RX DOSE ORDERED UNIT	{Ehrlich'U}/100.g	Ehrlich unit per 100 gram		0			
PRESCRIBING	RX DOSE ORDERED UNIT	{Ehrlich'U}/(2.h)	Ehrlich unit per 2 hour		0			
PRESCRIBING	RX DOSE ORDERED UNIT	{EIA_index}	EIA index		0			
PRESCRIBING	RX DOSE ORDERED UNIT	{EIA'U}/U	EIA unit per enzyme unit		0			
PRESCRIBING	RX DOSE ORDERED UNIT	{EV}	EIA value		0			
PRESCRIBING	RX DOSE ORDERED UNIT	U/10	enzyme unit per 10		0			
PRESCRIBING	RX DOSE ORDERED UNIT	U/10*10{cells}	enzyme unit per 10 billion cells		0			
PRESCRIBING	RX DOSE ORDERED UNIT	U/dL	enzyme unit per deciliter		0			
PRESCRIBING	RX DOSE ORDERED UNIT	U/L	enzyme unit per liter		0			
PRESCRIBING	RX DOSE ORDERED UNIT	U{37Cel}/L	enzyme unit per liter at 37 deg Celsius		0			
PRESCRIBING	RX DOSE ORDERED UNIT	U/mL	enzyme unit per milliliter		0			
PRESCRIBING	RX DOSE ORDERED UNIT	U/mL{RBCs}	enzyme unit per milliliter of red blood cells		0			
PRESCRIBING	RX DOSE ORDERED UNIT	U/min	enzyme unit per minute		0			
PRESCRIBING	RX DOSE ORDERED UNIT	U/10*12{RBCs}	enzyme unit per trillion red blood cells		0			
PRESCRIBING	RX DOSE ORDERED UNIT	eq/L	equivalent per liter		0			
PRESCRIBING	RX DOSE ORDERED UNIT	eq/mL	equivalent per milliliter		0			
PRESCRIBING	RX DOSE ORDERED UNIT	fmol/mg	femtomole per milligram		0			
PRESCRIBING	RX DOSE ORDERED UNIT	fmol/mL	femtomole per milliliter		0			
PRESCRIBING	RX DOSE ORDERED UNIT	[foz_us]	fluid ounce (US)		0			
PRESCRIBING	RX DOSE ORDERED UNIT	[ft_i]	foot (international)		0			
PRESCRIBING	RX DOSE ORDERED UNIT	g/cm2	g/cm2=gram per square centimeter		0			
PRESCRIBING	RX DOSE ORDERED UNIT	[gal_us]	gallon (US)		0			
PRESCRIBING	RX DOSE ORDERED UNIT	g.m	gram meter		0			
PRESCRIBING	RX DOSE ORDERED UNIT	g.m/{beat}	gram meter per heart beat 		0			
PRESCRIBING	RX DOSE ORDERED UNIT	g{total_prot}	gram of total protein		0			
PRESCRIBING	RX DOSE ORDERED UNIT	g/(12.h)	gram per 12 hour		0			
PRESCRIBING	RX DOSE ORDERED UNIT	g/(24.h)	gram per 24 hour		0			
PRESCRIBING	RX DOSE ORDERED UNIT	g/(3.d)	gram per 3 days		0			
PRESCRIBING	RX DOSE ORDERED UNIT	g/(72.h)	gram per 72 hour		0			
PRESCRIBING	RX DOSE ORDERED UNIT	g/d	gram per day		0			
PRESCRIBING	RX DOSE ORDERED UNIT	g/g{creat}	gram per gram of creatinine		0			
PRESCRIBING	RX DOSE ORDERED UNIT	g/g{tissue}	gram per gram of tissue		0			
PRESCRIBING	RX DOSE ORDERED UNIT	g/kg/(8.h){shift}	gram per kilogram per 8 hour shift		0			
PRESCRIBING	RX DOSE ORDERED UNIT	g/kg/d	gram per kilogram per day		0			
PRESCRIBING	RX DOSE ORDERED UNIT	g/mg	gram per milligram		0			
PRESCRIBING	RX DOSE ORDERED UNIT	g/mL	gram per milliliter		0			
PRESCRIBING	RX DOSE ORDERED UNIT	g/mmol	gram per millimole		0			
PRESCRIBING	RX DOSE ORDERED UNIT	g/mol{creat}	gram per mole of creatinine		0			
PRESCRIBING	RX DOSE ORDERED UNIT	g/{total_output}	gram per total output		0			
PRESCRIBING	RX DOSE ORDERED UNIT	g/{total_weight}	gram per total weight		0			
PRESCRIBING	RX DOSE ORDERED UNIT	Gy	Gray		0			
PRESCRIBING	RX DOSE ORDERED UNIT	h/wk	h/wk=hour per week		0			
PRESCRIBING	RX DOSE ORDERED UNIT	[GPL'U]/mL	IgG anticardiolipin unit per milliliter**		0			
PRESCRIBING	RX DOSE ORDERED UNIT	[GPL'U]	IgG anticardiolipin unit**		0			
PRESCRIBING	RX DOSE ORDERED UNIT	[MPL'U]	IgM anticardiolipin unit**		0			
PRESCRIBING	RX DOSE ORDERED UNIT	{ImmuneComplex'U}	immune complex unit		0			
PRESCRIBING	RX DOSE ORDERED UNIT	{ISR}	immune status ratio		0			
PRESCRIBING	RX DOSE ORDERED UNIT	{IFA_titer}	Immunofluorescence assay titer		0			
PRESCRIBING	RX DOSE ORDERED UNIT	[in_i'H2O]	inch (international) of water		0			
PRESCRIBING	RX DOSE ORDERED UNIT	{index_val}	index value		0			
PRESCRIBING	RX DOSE ORDERED UNIT	{HA_titer}	influenza hemagglutination titer		0			
PRESCRIBING	RX DOSE ORDERED UNIT	[IU]	international unit		0			
PRESCRIBING	RX DOSE ORDERED UNIT	[IU]/10*9{RBCs}	international unit per billion red blood cells		0			
PRESCRIBING	RX DOSE ORDERED UNIT	[IU]/d	international unit per day		0			
PRESCRIBING	RX DOSE ORDERED UNIT	[IU]/g{Hb}	international unit per gram of hemoglobin		0			
PRESCRIBING	RX DOSE ORDERED UNIT	[IU]/kg/d	international unit per kilogram per day		0			
PRESCRIBING	RX DOSE ORDERED UNIT	[IU]/L	international unit per liter		0			
PRESCRIBING	RX DOSE ORDERED UNIT	J	joule		0			
PRESCRIBING	RX DOSE ORDERED UNIT	J/L	joule per liter		0			
PRESCRIBING	RX DOSE ORDERED UNIT	kat	katal		0			
PRESCRIBING	RX DOSE ORDERED UNIT	kU/g	kilo enzyme unit per gram		0			
PRESCRIBING	RX DOSE ORDERED UNIT	kU/L{class}	kilo enzyme unit per liter class		0			
PRESCRIBING	RX DOSE ORDERED UNIT	k[IU]/L	kilo international unit per liter		0			
PRESCRIBING	RX DOSE ORDERED UNIT	k[IU]/mL	kilo international unit per milliliter		0			
PRESCRIBING	RX DOSE ORDERED UNIT	kcal/d	kilocalorie per day		0			
PRESCRIBING	RX DOSE ORDERED UNIT	kcal/[oz_av]	kilocalorie per ounce (US & British)		0			
PRESCRIBING	RX DOSE ORDERED UNIT	kg/s	kilogram per second		0			
PRESCRIBING	RX DOSE ORDERED UNIT	kg/(s.m2)	kilogram per second per square meter		0			
PRESCRIBING	RX DOSE ORDERED UNIT	kPa	kilopascal		0			
PRESCRIBING	RX DOSE ORDERED UNIT	ks	kilosecond		0			
PRESCRIBING	RX DOSE ORDERED UNIT	{KRONU'U}/mL	Kronus unit per milliliter		0			
PRESCRIBING	RX DOSE ORDERED UNIT	L/kg	liter per kilogram		0			
PRESCRIBING	RX DOSE ORDERED UNIT	L/L	liter per liter		0			
PRESCRIBING	RX DOSE ORDERED UNIT	L/min	liter per minute		0			
PRESCRIBING	RX DOSE ORDERED UNIT	L/(min.m2)	liter per minute per square meter		0			
PRESCRIBING	RX DOSE ORDERED UNIT	{Log_copies}/mL	log (base 10) copies per milliliter		0			
PRESCRIBING	RX DOSE ORDERED UNIT	{Log_IU}/mL	log (base 10) international unit per milliliter		0			
PRESCRIBING	RX DOSE ORDERED UNIT	[LPF]	low power field		0			
PRESCRIBING	RX DOSE ORDERED UNIT	lm.m2	lumen square meter		0			
PRESCRIBING	RX DOSE ORDERED UNIT	[mclg'U]	Maclagan unit		0			
PRESCRIBING	RX DOSE ORDERED UNIT	m/s2	meter per square second		0			
PRESCRIBING	RX DOSE ORDERED UNIT	t	metric ton		0			
PRESCRIBING	RX DOSE ORDERED UNIT	u[IU]	micro international unit		0			
PRESCRIBING	RX DOSE ORDERED UNIT	ueq/L	microequivalent per liter		0			
PRESCRIBING	RX DOSE ORDERED UNIT	ug/g{feces}	microgram  per gram of feces		0			
PRESCRIBING	RX DOSE ORDERED UNIT	ug{FEU}/mL	microgram fibrinogen equivalent unit per milliliter		0			
PRESCRIBING	RX DOSE ORDERED UNIT	ug/dL{RBCs}	microgram per deciliter of red blood cells		0			
PRESCRIBING	RX DOSE ORDERED UNIT	ug/L	microgram per liter		0			
PRESCRIBING	RX DOSE ORDERED UNIT	ug/mg{creat}	microgram per milligram of creatinine		0			
PRESCRIBING	RX DOSE ORDERED UNIT	ug/mmol	microgram per millimole		0			
PRESCRIBING	RX DOSE ORDERED UNIT	ug/ng	microgram per nanogram		0			
PRESCRIBING	RX DOSE ORDERED UNIT	ug/[sft_i]	microgram per square foot (international)		0			
PRESCRIBING	RX DOSE ORDERED UNIT	uL/(2.h)	microliter per 2 hour		0			
PRESCRIBING	RX DOSE ORDERED UNIT	umol{BCE}/mol	micromole bone collagen equivalent per mole		0			
PRESCRIBING	RX DOSE ORDERED UNIT	umol/(2.h)	micromole per 2 hour		0			
PRESCRIBING	RX DOSE ORDERED UNIT	umol/(8.h)	micromole per 8 hour		0			
CONDITION	CONDITION SOURCE	PR	PR=Patient-reported  medical  history		0			
PRESCRIBING	RX DOSE ORDERED UNIT	[CFU]/mL	colony forming unit per milliliter		0			
PRESCRIBING	RX DOSE ORDERED UNIT	g/h/m2	gram per hour per square meter		0			
PRESCRIBING	RX DOSE ORDERED UNIT	[MPL'U]/mL	IgM anticardiolipin unit per milliliter**		0			
PRESCRIBING	RX DOSE ORDERED UNIT	lm	lumen		0			
PRESCRIBING	RX DOSE ORDERED UNIT	umol/kg{feces}	micromole per kilogram of feces		0			
PRESCRIBING	RX DOSE ORDERED UNIT	umol/L{RBCs}	micromole per liter of red blood cells		0			
PRESCRIBING	RX DOSE ORDERED UNIT	umol/L/h	micromole per liter per hour		0			
LAB_RESULT_CM	RESULT UNIT	g.m	gram meter		0			
LAB_RESULT_CM	RESULT UNIT	nmol/s/L	nanomole per second per liter		0			
LAB_RESULT_CM	RESULT UNIT	%{at_60_min}	percent at 60 minute		0			
LAB_RESULT_CM	RESULT UNIT	%{recovery}	percent recovery		0			
LAB_RESULT_CM	RESULT UNIT	pmol/dL	picomole per deciliter		0			
LAB_RESULT_CM	LAB PX TYPE	09	09=ICD-9-CM		0			
CONDITION	CONDITION TYPE	09	09=ICD-9-CM		0			
PRESCRIBING	RX DOSE ORDERED UNIT	{activity}	activity		0			
PRESCRIBING	RX DOSE ORDERED UNIT	{AHF'U}	American Hospital Formulary unit		0			
PRESCRIBING	RX DOSE ORDERED UNIT	cal	calorie		0			
PRESCRIBING	RX DOSE ORDERED UNIT	d/wk	d/wk=days per week		0			
PRESCRIBING	RX DOSE ORDERED UNIT	U/10*6	enzyme unit per million		0			
PRESCRIBING	RX DOSE ORDERED UNIT	fmol/mg{prot}	femtomole per milligram of protein		0			
PRESCRIBING	RX DOSE ORDERED UNIT	g/(100.g)	gram per 100 gram		0			
PRESCRIBING	RX DOSE ORDERED UNIT	g/g	gram per gram		0			
PRESCRIBING	RX DOSE ORDERED UNIT	h/d	h/d=hour per day		0			
PRESCRIBING	RX DOSE ORDERED UNIT	[IU]/mg{creat}	international unit per milligram of creatinine		0			
PRESCRIBING	RX DOSE ORDERED UNIT	{JDF'U}	Juvenile Diabetes Foundation unit		0			
PRESCRIBING	RX DOSE ORDERED UNIT	kat/kg	katal per kilogram		0			
PRESCRIBING	RX DOSE ORDERED UNIT	kcal/(24.h)	kcal/(24.h)=kilocalorie per 24 hour		0			
PRESCRIBING	RX DOSE ORDERED UNIT	kcal/kg/(24.h)	kilocalorie per kilogram per 24 hour		0			
PRESCRIBING	RX DOSE ORDERED UNIT	kg.m/s	kilogram meter per second		0			
PRESCRIBING	RX DOSE ORDERED UNIT	kg/mol	kilogram per mole		0			
PRESCRIBING	RX DOSE ORDERED UNIT	{Lyme_index_value}	Lyme index value		0			
PRESCRIBING	RX DOSE ORDERED UNIT	uU/g	micro enzyme unit per gram		0			
PRESCRIBING	RX DOSE ORDERED UNIT	ug/dL	microgram per deciliter		0			
PRESCRIBING	RX DOSE ORDERED UNIT	ug/L/(24.h)	microgram per liter per 24 hour		0			
PRESCRIBING	RX DOSE ORDERED UNIT	ug/mL	microgram per milliliter		0			
PRESCRIBING	RX DOSE ORDERED UNIT	ukat	microkatal		0			
LAB_RESULT_CM	SPECIMEN SOURCE	^PATIENT	^PATIENT=^Patient	specimen_loinc	0	^PATIENT		
LAB_RESULT_CM	SPECIMEN SOURCE	BLD	BLD=Blood	specimen_loinc	0	BLD		
LAB_RESULT_CM	SPECIMEN SOURCE	BLDA	BLDA=BldA	specimen_loinc	0	BLDA		
LAB_RESULT_CM	SPECIMEN SOURCE	BLDC	BLDC=BldC	specimen_loinc	0	BLDC		
LAB_RESULT_CM	SPECIMEN SOURCE	BLDCO	BLDCO=BldCo	specimen_loinc	0	BLDCO		
LAB_RESULT_CM	SPECIMEN SOURCE	BLDV	BLDV=BldV	specimen_loinc	0	BLDV		
LAB_RESULT_CM	SPECIMEN SOURCE	BODY_FLD	BODY_FLD=Body_fluid	specimen_loinc	0	BODY_FLD		
LAB_RESULT_CM	SPECIMEN SOURCE	CSF	CSF=Cerebrospinal  fluid	specimen_loinc	0	CSF		
LAB_RESULT_CM	SPECIMEN SOURCE	INHL_GAS	INHL_GAS=Inhl_gas	specimen_loinc	0	INHL_GAS		
LAB_RESULT_CM	SPECIMEN SOURCE	PLAS	PLAS=Plasma	specimen_loinc	0	PLAS		
LAB_RESULT_CM	SPECIMEN SOURCE	PPP	PPP=Platelet  poor  plasma	specimen_loinc	0	PPP		
LAB_RESULT_CM	SPECIMEN SOURCE	RBC	RBC=RBC	specimen_loinc	0	RBC		
LAB_RESULT_CM	SPECIMEN SOURCE	REFERENCE_LAB_TEST	REFERENCE_LAB_TEST=Reference_lab_test	specimen_loinc	0	REFERENCE_LAB_TEST		
LAB_RESULT_CM	SPECIMEN SOURCE	SER	SER=Serum	specimen_loinc	0	SER		
LAB_RESULT_CM	SPECIMEN SOURCE	SER_PLAS	SER_PLAS=Serum/Plasma	specimen_loinc	0	SER_PLAS		
LAB_RESULT_CM	SPECIMEN SOURCE	THRT	THRT=Thrt	specimen_loinc	0	THRT		
LAB_RESULT_CM	SPECIMEN SOURCE	URINE	URINE=Urine	specimen_loinc	0	URINE		
LAB_RESULT_CM	SPECIMEN SOURCE	URINE_SED	URINE_SED=Urine_sed	specimen_loinc	0	URINE_SED		
LAB_RESULT_CM	SPECIMEN SOURCE	XXX	XXX=XXX	specimen_loinc	0	XXX		
LAB_RESULT_CM	NORM MODIFIER LOW	NO	NO=No  lower  limit	Result modifier	0	NO	No lower limit	NULL
LAB_RESULT_CM	NORM MODIFIER HIGH	NO	NO=No  higher  limit	Result modifier	0	NO	No lower limit	NULL
LAB_RESULT_CM	NORM MODIFIER HIGH	NI	NI=No  information	Result modifier	44814650	NI	No Information	NULL
LAB_RESULT_CM	NORM MODIFIER HIGH	OT	OT=Other	Result modifier	44814649	OT	Other	NULL
LAB_RESULT_CM	NORM MODIFIER LOW	GE	GE=Greater  than  or  equal  to	Result modifier	4171755	GE	Greater than or equal to	NULL
LAB_RESULT_CM	NORM MODIFIER LOW	NI	NI=No  information	Result modifier	44814650	NI	No Information	NULL
LAB_RESULT_CM	NORM MODIFIER HIGH	LT	LT=Less  than	Result modifier	4171756	LT	Less than	NULL
LAB_RESULT_CM	NORM MODIFIER HIGH	UN	UN=Unknown	Result modifier	44814653	UN	Unkown	NULL
PRESCRIBING	RX DISPENSE AS WRITTEN	Y	Y=Yes	dispense written	4188539	Y	Yes	
PRESCRIBING	RX DISPENSE AS WRITTEN	N	N=No	dispense written	4188540	N	No	
PRESCRIBING	RX DISPENSE AS WRITTEN	NI	NI=No  information	dispense written	44814650	NI	No Information	
PRESCRIBING	RX DISPENSE AS WRITTEN	UN	UN=Unknown	dispense written	44814653	UN	Unknown	
PRESCRIBING	RX DISPENSE AS WRITTEN	OT	OT=Other	dispense written	44814649	OT	Other	
PRESCRIBING	RX DOSE ORDERED UNIT	meq	milliequivalent	Dose unit	9551	meq	milliequivalent	
PRESCRIBING	RX DOSE ORDERED UNIT	meq/kg	milliequivalent per kilogram	Dose unit	9556	meq/kg	milliequivalent per kilogram	
PRESCRIBING	RX DOSE ORDERED UNIT	meq/kg/h	milliequivalent per kilogram per hour	Dose unit		meq/kg/h		
PRESCRIBING	RX DOSE ORDERED UNIT	mg	milligram	Dose unit	8576	mg	milligram	
PRESCRIBING	RX DOSE ORDERED UNIT	mg/h	milligram per hour	Dose unit	44777610	mg/h	milligram per hour	
PRESCRIBING	RX DOSE ORDERED UNIT	mg/kg	milligram per kilogram	Dose unit	9562	mg/kg	milligram per kilogram	
PRESCRIBING	RX DOSE ORDERED UNIT	mg/kg/d	milligram per kilogram per day	Dose unit		mg/kg/d		
PRESCRIBING	RX DOSE ORDERED UNIT	mg/kg/h	milligram per kilogram per hour	Dose unit	9691	mg/kg/h	milligram per kilogram per hour	
PRESCRIBING	RX DOSE ORDERED UNIT	mg/kg/min	milligram per kilogram per minute	Dose unit	9692	mg/kg/min	milligram per kilogram per minute	
PRESCRIBING	RX DOSE ORDERED UNIT	mg/mL	milligram per milliliter	Dose unit	8861	mg/mL	milligram per milliliter	
PRESCRIBING	RX DOSE ORDERED UNIT	mg/m2	milligram per square meter	Dose unit	9563	mg/m2	milligram per square meter	
PRESCRIBING	RX DOSE ORDERED UNIT	mL	milliliter	Dose unit	8587	mL	milliliter	
PRESCRIBING	RX DOSE ORDERED UNIT	mL/h	milliliter per hour	Dose unit	44777613	mL/h	milliliter per hour	
PRESCRIBING	RX DOSE ORDERED UNIT	mL/kg	milliliter per kilogram	Dose unit	9571	mL/kg	milliliter per kilogram	
PRESCRIBING	RX DOSE ORDERED UNIT	mL/kg/h	milliliter per kilogram per hour	Dose unit		mL/kg/h		
PRESCRIBING	RX DOSE ORDERED UNIT	mL/m2	milliliter per square meter	Dose unit		mL/m2		
PRESCRIBING	RX DOSE ORDERED UNIT	mmol	millimole	Dose unit	9573	mmol	millimole	
PRESCRIBING	RX DOSE ORDERED UNIT	mmol/kg	millimole per kilogram	Dose unit	9577	mmol/kg	millimole per kilogram	
PRESCRIBING	RX DOSE ORDERED UNIT	10*6.[IU]	million international unit	Dose unit		10*6.[IU]		
PRESCRIBING	RX DOSE ORDERED UNIT	ng/kg/min	nanogram per kilogram per minute	Dose unit		ng/kg/min		
PRESCRIBING	RX DOSE ORDERED UNIT	[oz_av]	ounce (US and British)	Dose unit	9304	[oz_av]	fluid ounce (US)	
PRESCRIBING	RX DOSE ORDERED UNIT	/[IU]	per international unit	Dose unit		/[IU]		
PRESCRIBING	RX DOSE ORDERED UNIT	/[IU]/mL	per international unit per milliliter	Dose unit		/[IU]/mL		
PRESCRIBING	RX DOSE ORDERED UNIT	%	percent	Dose unit	8554	%	percent	
PRESCRIBING	RX DOSE ORDERED UNIT	[tbs_us]	tablespoon (US)	Dose unit	9412	[tbs_us]	tablespoon	
PRESCRIBING	RX DOSE ORDERED UNIT	[tsp_us]	teaspoon (US)	Dose unit	9416	[tsp_us]	teaspoon	
PRESCRIBING	RX DOSE ORDERED UNIT	UN	Unknown	Dose unit	44814653	UN		
PRESCRIBING	RX DOSE ORDERED UNIT	OT	Other	Dose unit	44814649	OT		
PRESCRIBING	RX DOSE ORDERED UNIT	NI	No information	Dose unit	44814650	NI		
PRESCRIBING	RX DOSE FORM	AUGMENTED_TOPICAL_CREAM	AUGMENTED_TOPICAL_CREAM=Augmented  Topical  Cream	Rx Dose Form	19135438	AUGMENTED_TOPICAL_CREAM	Augmented Topical Cream	
PRESCRIBING	RX DOSE FORM	AUGMENTED_TOPICAL_GEL	AUGMENTED_TOPICAL_GEL=Augmented  Topical  Gel	Rx Dose Form	19135446	AUGMENTED_TOPICAL_GEL	Augmented Topical Gel	
PRESCRIBING	RX DOSE FORM	AUTO-INJECTOR	AUTO-INJECTOR=Auto-Injector	Rx Dose Form	46234466	AUTO-INJECTOR	Auto-Injector	
PRESCRIBING	RX DOSE FORM	BAR_SOAP	BAR_SOAP=Bar  Soap	Rx Dose Form	19057400	BAR_SOAP	Bar Soap	
PRESCRIBING	RX DOSE FORM	BEADS	BEADS=Beads	Rx Dose Form	19082254	BEADS	Beads	
PRESCRIBING	RX DOSE FORM	BUCCAL_FILM	BUCCAL_FILM=Buccal  Film	Rx Dose Form	40164192	BUCCAL_FILM	Buccal Film	
PRESCRIBING	RX DOSE FORM	BUCCAL_TABLET	BUCCAL_TABLET=Buccal  Tablet	Rx Dose Form	40175589	BUCCAL_TABLET	Buccal Tablet	
PRESCRIBING	RX DOSE FORM	CAKE	CAKE=Cake	Rx Dose Form	19082628	CAKE	Topical Cake	
PRESCRIBING	RX DOSE FORM	CARTRIDGE	CARTRIDGE=Cartridge	Rx Dose Form	46234468	CARTRIDGE	Cartridge	
PRESCRIBING	RX DOSE FORM	CEMENT	CEMENT=Cement	Rx Dose Form	19124967	CEMENT	Cement	
PRESCRIBING	RX DOSE FORM	CHEWABLE_BAR	CHEWABLE_BAR=Chewable  Bar	Rx Dose Form	19082075	CHEWABLE_BAR	Chewable Bar	
PRESCRIBING	RX DOSE FORM	CHEWABLE_EXTENDED_RELEASE_TABLET	CHEWABLE_EXTENDED_RELEASE_TABLET=Chewable Extended Release Tablet	Rx Dose Form	37498346	CHEWABLE_EXTENDED_RELEASE_TABLET	Chewable Extended Release Oral Tablet	
PRESCRIBING	RX DOSE FORM	CHEWABLE_TABLET	CHEWABLE_TABLET=Chewable  Tablet	Rx Dose Form	19135866	CHEWABLE_TABLET	Chewable Tablet	
PRESCRIBING	RX DOSE FORM	CHEWING_GUM	CHEWING_GUM=Chewing  Gum	Rx Dose Form	19102296	CHEWING_GUM	Chewing Gum	
PRESCRIBING	RX DOSE FORM	CRYSTALS	CRYSTALS=Crystals	Rx Dose Form	19111148	CRYSTALS	Oral Crystals	
PRESCRIBING	RX DOSE FORM	DELAYED_RELEASE_CAPSULE	DELAYED_RELEASE_CAPSULE=Delayed Release Capsule	Rx Dose Form	19082255	DELAYED_RELEASE_CAPSULE	Delayed Release Oral Capsule	
PRESCRIBING	RX DOSE FORM	DELAYED_RELEASE_GRANULES	DELAYED_RELEASE_GRANULES=Delayed Release Granules	Rx Dose Form	37499224	DELAYED_RELEASE_GRANULES	Delayed Release Oral Granules	
PRESCRIBING	RX DOSE FORM	DELAYED_RELEASE_TABLET	DELAYED_RELEASE_TABLET=Delayed Release Tablet	Rx Dose Form	19001949	DELAYED_RELEASE_TABLET	Delayed Release Oral Tablet	
PRESCRIBING	RX DOSE FORM	DISINTEGRATING_TABLET	DISINTEGRATING_TABLET=Disintegrating  Tablet	Rx Dose Form	19082076	DISINTEGRATING_TABLET	Disintegrating Oral Tablet	
PRESCRIBING	RX DOSE FORM	DISK	DISK=Disk	Rx Dose Form	19082630	DISK	Disk	
PRESCRIBING	RX DOSE FORM	DOUCHE	DOUCHE=Douche	Rx Dose Form	19112648	DOUCHE	Douche	
PRESCRIBING	RX DOSE FORM	DRUG_IMPLANT	DRUG_IMPLANT=Drug  Implant	Rx Dose Form	19124968	DRUG_IMPLANT	Drug Implant	
PRESCRIBING	RX DOSE FORM	DRY_POWDER_INHALER	DRY_POWDER_INHALER=Dry  Powder  Inhaler	Rx Dose Form	19127579	DRY_POWDER_INHALER	Dry Powder Inhaler	
PRESCRIBING	RX DOSE FORM	ENEMA	ENEMA=Enema(Rectal  Solution;  Rectal  Suspension)	Rx Dose Form	19082627	ENEMA	Enema	
PRESCRIBING	RX DOSE FORM	ENTERIC_COATED_CAPSULE	ENTERIC_COATED_CAPSULE=Enteric  Coated  Capsule	Rx Dose Form		ENTERIC_COATED_CAPSULE		
PRESCRIBING	RX DOSE FORM	ENTERIC_COATED_TABLET	ENTERIC_COATED_TABLET=Enteric  Coated  Tablet	Rx Dose Form		ENTERIC_COATED_TABLET		
PRESCRIBING	RX DOSE FORM	EXTENDED_RELEASE_CAPSULE	EXTENDED_RELEASE_CAPSULE=Extended  Release  Capsule	Rx Dose Form	19082077	EXTENDED_RELEASE_CAPSULE	Extended Release Oral Capsule	
PRESCRIBING	RX DOSE FORM	EXTENDED_RELEASE_ENTERIC_COATED_CAPSULE	EXTENDED_RELEASE_ENTERIC_COATED_CAPSULE=Extended  Release  Enteric  Coated  Capsule	Rx Dose Form	19082078	EXTENDED_RELEASE_ENTERIC_COATED_CAPSULE	Extended Release Enteric Coated Capsule	
PRESCRIBING	RX DOSE FORM	EXTENDED_RELEASE_SUSPENSION	EXTENDED_RELEASE_SUSPENSION=Extended  Release  Suspension	Rx Dose Form	19082080	EXTENDED_RELEASE_SUSPENSION	Extended Release Suspension	
PRESCRIBING	RX DOSE FORM	EXTENDED_RELEASE_TABLET	EXTENDED_RELEASE_TABLET=Extended  Release  Tablet	Rx Dose Form	19082079	EXTENDED_RELEASE_TABLET	Extended Release Oral Tablet	
PRESCRIBING	RX DOSE FORM	FLAKES	FLAKES=Flakes	Rx Dose Form	19082101	FLAKES	Oral Flakes	
PRESCRIBING	RX DOSE FORM	GAS_FOR_INHALATION	GAS_FOR_INHALATION=Gas  for  Inhalation	Rx Dose Form	19082258	GAS_FOR_INHALATION	Gas for Inhalation	
PRESCRIBING	RX DOSE FORM	GRANULES	GRANULES=Granules	Rx Dose Form	45775490	GRANULES	Granules for Oral Suspension	
PRESCRIBING	RX DOSE FORM	GRANULES_FOR_ORAL_SOLUTION	GRANULES_FOR_ORAL_SOLUTION=Granules for Oral Solution	Rx Dose Form	45775489	GRANULES_FOR_ORAL_SOLUTION	Granules for Oral Solution	
PRESCRIBING	RX DOSE FORM	GRANULES_FOR_ORAL_SUSPENSION	GRANULES_FOR_ORAL_SUSPENSION=Granules for Oral Suspension	Rx Dose Form	45775490	GRANULES_FOR_ORAL_SUSPENSION	Granules for Oral Suspension	
PRESCRIBING	RX DOSE FORM	INHALANT_POWDER	INHALANT_POWDER  =Inhalant  Powder  (Powdered  Dose  Inhaler)	Rx Dose Form	19082259	INHALANT_POWDER	Inhalant Powder	
PRESCRIBING	RX DOSE FORM	INHALANT_SOLUTION	INHALANT_SOLUTION=Inhalant  Solution	Rx Dose Form	19095898	INHALANT_SOLUTION	Inhalant Solution	
PRESCRIBING	RX DOSE FORM	INHALANT_SPRAY	INHALANT_SPRAY=Inhalant Spray	Rx Dose Form	37499223	INHALANT_SPRAY	Inhalation Spray	
PRESCRIBING	RX DOSE FORM	INJECTABLE_FOAM	INJECTABLE_FOAM=Injectable Foam	Rx Dose Form	44784844	INJECTABLE_FOAM	Injectable Foam	
PRESCRIBING	RX DOSE FORM	INJECTABLE_SUSPENSION	INJECTABLE_SUSPENSION=Injectable  Suspension	Rx Dose Form	19082104	INJECTABLE_SUSPENSION	Injectable Suspension	
PRESCRIBING	RX DOSE FORM	INJECTION	INJECTION=Injection	Rx Dose Form	46234469	INJECTION	Injection	
PRESCRIBING	RX DOSE FORM	INTRAPERITONEAL_SOLUTION	INTRAPERITONEAL_SOLUTION=Intraperitoneal  Solution	Rx Dose Form	19082105	INTRAPERITONEAL_SOLUTION	Intraperitoneal Solution	
PRESCRIBING	RX DOSE FORM	INTRATRACHEAL_SUSPENSION	INTRATRACHEAL_SUSPENSION=Intratracheal Suspension	Rx Dose Form	35606051	INTRATRACHEAL_SUSPENSION	Intratracheal Suspension	
PRESCRIBING	RX DOSE FORM	INTRAUTERINE_SYSTEM	INTRAUTERINE_SYSTEM=Intrauterine System	Rx Dose Form	1718367	INTRAUTERINE_SYSTEM	Intrauterine System	
PRESCRIBING	RX DOSE FORM	IRRIGATION_SOLUTION	IRRIGATION_SOLUTION=Irrigation  Solution	Rx Dose Form	19016586	IRRIGATION_SOLUTION	Irrigation Solution	
PRESCRIBING	RX DOSE FORM	JET_INJECTOR	JET_INJECTOR=Jet Injector	Rx Dose Form	46275062	JET_INJECTOR	Jet Injector	
PRESCRIBING	RX DOSE FORM	LOZENGE	LOZENGE  =Lozenge  (Oral  Troche)	Rx Dose Form	19082253	LOZENGE	Oral Lozenge	
PRESCRIBING	RX DOSE FORM	MEDICATED_BAR_SOAP	MEDICATED_BAR_SOAP=Medicated  Bar  Soap	Rx Dose Form	19082108	MEDICATED_BAR_SOAP	Medicated Bar Soap	
PRESCRIBING	RX DOSE FORM	MEDICATED_LIQUID_SOAP	MEDICATED_LIQUID_SOAP=Medicated  Liquid  Soap	Rx Dose Form	19082109	MEDICATED_LIQUID_SOAP	Medicated Liquid Soap	
PRESCRIBING	RX DOSE FORM	MEDICATED_PAD	MEDICATED_PAD  =Medicated  Pad  (Medicated  Swab)	Rx Dose Form	19130307	MEDICATED_PAD	Medicated Pad	
PRESCRIBING	RX DOSE FORM	MEDICATED_SHAMPOO	MEDICATED_SHAMPOO=Medicated  Shampoo	Rx Dose Form	19008697	MEDICATED_SHAMPOO	Medicated Shampoo	
PRESCRIBING	RX DOSE FORM	MEDICATED_TAPE	MEDICATED_TAPE=Medicated  Tape	Rx Dose Form	19130329	MEDICATED_TAPE	Medicated Tape	
PRESCRIBING	RX DOSE FORM	METERED_DOSE_INHALER	METERED_DOSE_INHALER=Metered  Dose  Inhaler	Rx Dose Form	19126918	METERED_DOSE_INHALER	Metered Dose Inhaler	
PRESCRIBING	RX DOSE FORM	METERED_DOSE_NASAL_SPRAY	METERED_DOSE_NASAL_SPRAY=Metered Dose Nasal Spray	Rx Dose Form	36250064	METERED_DOSE_NASAL_SPRAY	Metered Dose Nasal Spray	
PRESCRIBING	RX DOSE FORM	MOUTHWASH	MOUTHWASH  =Mouthwash  (Oral  Rinse;  Topical  Dental  Solution)	Rx Dose Form	19126590	MOUTHWASH	Mouthwash	
PRESCRIBING	RX DOSE FORM	MUCOSAL_SPRAY	MUCOSAL_SPRAY=Mucosal  Spray	Rx Dose Form	19095900	MUCOSAL_SPRAY	Mucosal Spray	
PRESCRIBING	RX DOSE FORM	MUCOUS_MEMBRANE_TOPICAL_SOLUTION	MUCOUS_MEMBRANE_TOPICAL_SOLUTION=Mucus  Membrane  Topical  Solution	Rx Dose Form	19082110	MUCOUS_MEMBRANE_TOPICAL_SOLUTION	Mucous Membrane Topical Solution	
PRESCRIBING	RX DOSE FORM	NASAL_CREAM	NASAL_CREAM=Nasal  Cream	Rx Dose Form	19082161	NASAL_CREAM	Nasal Cream	
PRESCRIBING	RX DOSE FORM	NASAL_GEL	NASAL_GEL  =Nasal  Gel  (Nasal  Jelly)	Rx Dose Form	19082163	NASAL_GEL	Nasal Gel	
PRESCRIBING	RX DOSE FORM	NASAL_INHALANT	NASAL_INHALANT=Nasal  Inhalant	Rx Dose Form	19082162	NASAL_INHALANT	Nasal Inhalant	
PRESCRIBING	RX DOSE FORM	NASAL_INHALER	NASAL_INHALER=Nasal  Inhaler	Rx Dose Form	19126919	NASAL_INHALER	Nasal Inhaler	
PRESCRIBING	RX DOSE FORM	NASAL_OINTMENT	NASAL_OINTMENT=Nasal  Ointment	Rx Dose Form	19082164	NASAL_OINTMENT	Nasal Ointment	
PRESCRIBING	RX DOSE FORM	NASAL_POWDER	NASAL_POWDER=Nasal Powder	Rx Dose Form	35604877	NASAL_POWDER	Nasal Powder	
PRESCRIBING	RX DOSE FORM	NASAL_SOLUTION	NASAL_SOLUTION  =Nasal  Solution  (Nasal  Drops;  Nose  Drops)	Rx Dose Form	19082165	NASAL_SOLUTION	Nasal Solution	
PRESCRIBING	RX DOSE FORM	NASAL_SUSPENSION	NASAL_SUSPENSION  =Nasal  Suspension  (Nasal  Drops;  Nose  Drops)	Rx Dose Form	19095977	NASAL_SUSPENSION	Nasal Suspension	
PRESCRIBING	RX DOSE FORM	OPHTHALMIC_CREAM	OPHTHALMIC_CREAM=Ophthalmic  Cream	Rx Dose Form	19082576	OPHTHALMIC_CREAM	Ophthalmic Cream	
PRESCRIBING	RX DOSE FORM	OPHTHALMIC_GEL	OPHTHALMIC_GEL  =Ophthalmic  Gel  (Ophthalmic  Jelly)	Rx Dose Form	19082166	OPHTHALMIC_GEL	Ophthalmic Gel	
PRESCRIBING	RX DOSE FORM	OPHTHALMIC_IRRIGATION_SOLUTION	OPHTHALMIC_IRRIGATION_SOLUTION=Ophthalmic  Irrigation  Solution	Rx Dose Form	19059413	OPHTHALMIC_IRRIGATION_SOLUTION	Ophthalmic Irrigation Solution	
PRESCRIBING	RX DOSE FORM	OPHTHALMIC_OINTMENT	OPHTHALMIC_OINTMENT=Ophthalmic  Ointment	Rx Dose Form	19135925	OPHTHALMIC_OINTMENT	Ophthalmic Ointment	
PRESCRIBING	RX DOSE FORM	OPHTHALMIC_SOLUTION	OPHTHALMIC_SOLUTION  =Ophthalmic  Solution  (Ophthalmic  Drops;  Eye  Drops)	Rx Dose Form	19129634	OPHTHALMIC_SOLUTION	Ophthalmic Solution	
PRESCRIBING	RX DOSE FORM	OPHTHALMIC_SUSPENSION	OPHTHALMIC_SUSPENSION  =Ophthalmic  Suspension  (Ophthalmic  Drops;  Eye  Drops)	Rx Dose Form	19082167	OPHTHALMIC_SUSPENSION	Ophthalmic Suspension	
PRESCRIBING	RX DOSE FORM	ORAL_CAPSULE	ORAL_CAPSULE=Oral  Capsule	Rx Dose Form	19082168	ORAL_CAPSULE	Oral Capsule	
PRESCRIBING	RX DOSE FORM	ORAL_CREAM	ORAL_CREAM=Oral  Cream	Rx Dose Form	19082169	ORAL_CREAM	Oral Cream	
PRESCRIBING	RX DOSE FORM	ORAL_FILM	ORAL_FILM=Oral Film	Rx Dose Form	37498347	ORAL_FILM	Oral Film	
PRESCRIBING	RX DOSE FORM	ORAL_FOAM	ORAL_FOAM=Oral  Foam	Rx Dose Form	19095971	ORAL_FOAM	Oral Foam	
PRESCRIBING	RX DOSE FORM	ORAL_OINTMENT	ORAL_OINTMENT=Oral  Ointment	Rx Dose Form	19095975	ORAL_OINTMENT	Oral Ointment	
PRESCRIBING	RX DOSE FORM	ORAL_PASTE	ORAL_PASTE=Oral  Paste	Rx Dose Form	19095918	ORAL_PASTE	Oral Paste	
PRESCRIBING	RX DOSE FORM	ORAL_POWDER	ORAL_POWDER=Oral  Powder	Rx Dose Form	19095976	ORAL_POWDER	Oral Powder	
PRESCRIBING	RX DOSE FORM	ORAL_SOLUTION	ORAL_SOLUTION  =Oral  Solution  (Oral  Drops)	Rx Dose Form	19082170	ORAL_SOLUTION	Oral Solution	
PRESCRIBING	RX DOSE FORM	ORAL_SPRAY	ORAL_SPRAY=Oral  Spray	Rx Dose Form	19095911	ORAL_SPRAY	Oral Spray	
PRESCRIBING	RX DOSE FORM	ORAL_STRIP	ORAL_STRIP=Oral  Strip	Rx Dose Form	19126316	ORAL_STRIP	Oral Strip	
PRESCRIBING	RX DOSE FORM	ORAL_SUSPENSION	ORAL_SUSPENSION  =Oral  Suspension  (Oral  Drops)	Rx Dose Form	19082191	ORAL_SUSPENSION	Oral Suspension	
PRESCRIBING	RX DOSE FORM	ORAL_TABLET	ORAL_TABLET  =Oral  Tablet  (Caplet)	Rx Dose Form	19082573	ORAL_TABLET	Oral Tablet	
PRESCRIBING	RX DOSE FORM	OTIC_CREAM	OTIC_CREAM=Otic  Cream	Rx Dose Form	19082193	OTIC_CREAM	Otic Cream	
PRESCRIBING	RX DOSE FORM	OTIC_OINTMENT	OTIC_OINTMENT=Otic  Ointment	Rx Dose Form	19082194	OTIC_OINTMENT	Otic Ointment	
PRESCRIBING	RX DOSE FORM	OTIC_SOLUTION	OTIC_SOLUTION  =Otic  Solution  (Otic  Drops;  Ear  Drops)	Rx Dose Form	19082195	OTIC_SOLUTION	Otic Solution	
PRESCRIBING	RX DOSE FORM	PACK	PACK=Pack	Rx Dose Form	19127776	PACK	Pack	
PRESCRIBING	RX DOSE FORM	PASTE	PASTE=Paste	Rx Dose Form	19102295	PASTE	Paste	
PRESCRIBING	RX DOSE FORM	PELLET	PELLET=Pellet	Rx Dose Form	19082652	PELLET	Oral Pellet	
PRESCRIBING	RX DOSE FORM	PEN_INJECTOR	PEN_INJECTOR=Pen Injector	Rx Dose Form	46234467	PEN_INJECTOR	Pen Injector	
PRESCRIBING	RX DOSE FORM	POWDER_FOR_NASAL_SOLUTION	POWDER_FOR_NASAL_SOLUTION=Powder for Nasal Solution	Rx Dose Form	45775488	POWDER_FOR_NASAL_SOLUTION	Powder for Nasal Solution	
PRESCRIBING	RX DOSE FORM	POWDER_FOR_ORAL_SOLUTION	POWDER_FOR_ORAL_SOLUTION=Powder for Oral Solution	Rx Dose Form	45775491	POWDER_FOR_ORAL_SOLUTION	Powder for Oral Solution	
PRESCRIBING	RX DOSE FORM	POWDER_FOR_PYELOCALYCEAL_SOLUTION	POWDER_FOR_PYELOCALYCEAL_SOLUTION=Powder for Pyelocalyceal Solution	Rx Dose Form	1146250	POWDER_FOR_PYELOCALYCEAL_SOLUTION	Powder for Pyelocalyceal Solution	
PRESCRIBING	RX DOSE FORM	POWDER_SPRAY	POWDER_SPRAY=Powder  Spray	Rx Dose Form	19082281	POWDER_SPRAY	Powder Spray	
PRESCRIBING	RX DOSE FORM	PREFILLED_APPLICATOR	PREFILLED_APPLICATOR=Prefilled  Applicator	Rx Dose Form	19129139	PREFILLED_APPLICATOR	Prefilled Applicator	
PRESCRIBING	RX DOSE FORM	PREFILLED_SYRINGE	PREFILLED_SYRINGE_=Prefilled  Syringe  (Cartridge,  Pen)	Rx Dose Form	19126920	PREFILLED_SYRINGE	Prefilled Syringe	
PRESCRIBING	RX DOSE FORM	PUDDING	PUDDING=Pudding	Rx Dose Form	19082675	PUDDING	Pudding	
PRESCRIBING	RX DOSE FORM	RECTAL_CREAM	RECTAL_CREAM=Rectal  Cream	Rx Dose Form	19082197	RECTAL_CREAM	Rectal Cream	
PRESCRIBING	RX DOSE FORM	RECTAL_FOAM	RECTAL_FOAM=Rectal  Foam	Rx Dose Form	19082574	RECTAL_FOAM	Rectal Foam	
PRESCRIBING	RX DOSE FORM	RECTAL_GEL	RECTAL_GEL  =Rectal  Gel  (Rectal  Jelly)	Rx Dose Form	19095917	RECTAL_GEL	Rectal Gel	
PRESCRIBING	RX DOSE FORM	RECTAL_OINTMENT	RECTAL_OINTMENT=Rectal  Ointment	Rx Dose Form	19082282	RECTAL_OINTMENT	Rectal Ointment	
PRESCRIBING	RX DOSE FORM	RECTAL_POWDER	RECTAL_POWDER=Rectal  Powder	Rx Dose Form	19082198	RECTAL_POWDER	Rectal Powder	
PRESCRIBING	RX DOSE FORM	RECTAL_SOLUTION	RECTAL_SOLUTION=Rectal Solution	Rx Dose Form	19082283	RECTAL_SOLUTION	Rectal Solution	
PRESCRIBING	RX DOSE FORM	RECTAL_SPRAY	RECTAL_SPRAY=Rectal  Spray	Rx Dose Form	19082199	RECTAL_SPRAY	Rectal Spray	
PRESCRIBING	RX DOSE FORM	RECTAL_SUPPOSITORY	RECTAL_SUPPOSITORY=Rectal  Suppository	Rx Dose Form	19082200	RECTAL_SUPPOSITORY	Rectal Suppository	
PRESCRIBING	RX DOSE FORM	SUBLINGUAL_FILM	SUBLINGUAL_FILM=Sublingual Film	Rx Dose Form	37498348	SUBLINGUAL_FILM	Sublingual Film	
PRESCRIBING	RX DOSE FORM	SUBLINGUAL_POWDER	SUBLINGUAL_POWDER=Sublingual Powder	Rx Dose Form	40220762	SUBLINGUAL_POWDER	Sublingual Powder	
PRESCRIBING	RX DOSE FORM	SUBLINGUAL_TABLET	SUBLINGUAL_TABLET=Sublingual  Tablet	Rx Dose Form	19082285	SUBLINGUAL_TABLET	Sublingual Tablet	
PRESCRIBING	RX DOSE FORM	SUSTAINED_RELEASE_BUCCAL_TABLET	SUSTAINED_RELEASE_BUCCAL_TABLET=Sustained  Release  Buccal  Tablet	Rx Dose Form	19082222	SUSTAINED_RELEASE_BUCCAL_TABLET	Sustained Release Buccal Tablet	
PRESCRIBING	RX DOSE FORM	TABLET_FOR_ORAL_SUSPENSION	TABLET_FOR_ORAL_SUSPENSION=Tablet for Oral Suspension	Rx Dose Form	1592486	TABLET_FOR_ORAL_SUSPENSION	Tablet for Oral Suspension	
PRESCRIBING	RX DOSE FORM	TOOTHPASTE	TOOTHPASTE=Toothpaste	Rx Dose Form	19009068	TOOTHPASTE	Toothpaste	
PRESCRIBING	RX DOSE FORM	TOPICAL_CREAM	TOPICAL_CREAM=Topical  Cream	Rx Dose Form	19082224	TOPICAL_CREAM	Topical Cream	
PRESCRIBING	RX DOSE FORM	TOPICAL_FOAM	TOPICAL_FOAM=Topical  Foam	Rx Dose Form	19095972	TOPICAL_FOAM	Topical Foam	
PRESCRIBING	RX DOSE FORM	TOPICAL_GEL	TOPICAL_GEL  =Topical  Gel  (Topical  Jelly)	Rx Dose Form	19095973	TOPICAL_GEL	Topical Gel	
PRESCRIBING	RX DOSE FORM	TOPICAL_LIQUEFIED_GAS	TOPICAL_LIQUEFIED_GAS=Topical Liquefied Gas	Rx Dose Form	35604394	TOPICAL_LIQUEFIED_GAS	Topical Liquefied Gas	
PRESCRIBING	RX DOSE FORM	TOPICAL_LOTION	TOPICAL_LOTION=Topical  Lotion	Rx Dose Form	19082225	TOPICAL_LOTION	Topical Lotion	
PRESCRIBING	RX DOSE FORM	TOPICAL_OIL	TOPICAL_OIL=Topical  Oil	Rx Dose Form	19082226	TOPICAL_OIL	Topical Oil	
PRESCRIBING	RX DOSE FORM	TOPICAL_OINTMENT	TOPICAL_OINTMENT=Topical  Ointment	Rx Dose Form	19082227	TOPICAL_OINTMENT	Topical Ointment	
PRESCRIBING	RX DOSE FORM	TOPICAL_POWDER	TOPICAL_POWDER=Topical  Powder	Rx Dose Form	19082286	TOPICAL_POWDER	Topical Powder	
PRESCRIBING	RX DOSE FORM	TOPICAL_SUSPENSION	TOPICAL_SUSPENSION=Topical Suspension	Rx Dose Form	46234410	TOPICAL_SUSPENSION	Topical Suspension	
PRESCRIBING	RX DOSE FORM	TRANSDERMAL_PATCH	TRANSDERMAL_PATCH=Transdermal  Patch	Rx Dose Form	19082701	TRANSDERMAL_PATCH	Patch	
PRESCRIBING	RX DOSE FORM	TRANSDERMAL_SYSTEM	TRANSDERMAL_SYSTEM=Transdermal System	Rx Dose Form	19082229	TRANSDERMAL_SYSTEM	Transdermal System	
PRESCRIBING	RX DOSE FORM	URETHRAL_GEL	URETHRAL_GEL  =Urethral  Gel  (Urethral  Jelly)	Rx Dose Form	19095974	URETHRAL_GEL	Urethral Gel	
PRESCRIBING	RX DOSE FORM	URETHRAL_SUPPOSITORY	URETHRAL_SUPPOSITORY=Urethral  Suppository	Rx Dose Form	19082575	URETHRAL_SUPPOSITORY	Urethral Suppository	
PRESCRIBING	RX DOSE FORM	VAGINAL_CREAM	VAGINAL_CREAM=Vaginal  Cream	Rx Dose Form	19010878	VAGINAL_CREAM	Vaginal Cream	
PRESCRIBING	RX DOSE FORM	VAGINAL_FILM	VAGINAL_FILM=Vaginal Film	Rx Dose Form	35604393	VAGINAL_FILM	Vaginal Film	
PRESCRIBING	RX DOSE FORM	VAGINAL_FOAM	VAGINAL_FOAM=Vaginal  Foam	Rx Dose Form	19010879	VAGINAL_FOAM	Vaginal Foam	
PRESCRIBING	RX DOSE FORM	VAGINAL_GEL	VAGINAL_GEL  =Vaginal  Gel  (Vaginal  Jelly)	Rx Dose Form	19010880	VAGINAL_GEL	Vaginal Gel	
PRESCRIBING	RX DOSE FORM	VAGINAL_INSERT	VAGINAL_INSERT=Vaginal Insert	Rx Dose Form	1356079	VAGINAL_INSERT	Vaginal Insert	
PRESCRIBING	RX DOSE FORM	VAGINAL_OINTMENT	VAGINAL_OINTMENT=Vaginal  Ointment	Rx Dose Form	19082287	VAGINAL_OINTMENT	Vaginal Ointment	
PRESCRIBING	RX DOSE FORM	VAGINAL_POWDER	VAGINAL_POWDER=Vaginal  Powder	Rx Dose Form	19082230	VAGINAL_POWDER	Vaginal Powder	
PRESCRIBING	RX DOSE FORM	VAGINAL_RING	VAGINAL_RING=Vaginal  Ring	Rx Dose Form	40167393	VAGINAL_RING	Vaginal Ring	
PRESCRIBING	RX DOSE FORM	VAGINAL_SPONGE	VAGINAL_SPONGE=Vaginal Sponge	Rx Dose Form	1396583	VAGINAL_SPONGE	Vaginal Sponge	
PRESCRIBING	RX DOSE FORM	VAGINAL_SPRAY	VAGINAL_SPRAY=Vaginal  Spray	Rx Dose Form	19112649	VAGINAL_SPRAY	Vaginal Spray	
PRESCRIBING	RX DOSE FORM	VAGINAL_SUPPOSITORY	VAGINAL_SUPPOSITORY=Vaginal  Suppository	Rx Dose Form	19093368	VAGINAL_SUPPOSITORY	Vaginal Suppository	
PRESCRIBING	RX DOSE FORM	VAGINAL_SYSTEM	VAGINAL_SYSTEM=Vaginal System	Rx Dose Form	37496609	VAGINAL_SYSTEM	Vaginal System	
PRESCRIBING	RX DOSE FORM	VAGINAL_TABLET	VAGINAL_TABLET=Vaginal  Tablet	Rx Dose Form	19010962	VAGINAL_TABLET	Vaginal Tablet	
PRESCRIBING	RX DOSE FORM	WAFER	WAFER=Wafer	Rx Dose Form	19082251	WAFER	Oral Wafer	
PRESCRIBING	RX DOSE FORM	NI	NI=No  information	Rx Dose Form	44814650	NI	No information	
PRESCRIBING	RX DOSE FORM	UN	UN=Unknown	Rx Dose Form	44814653	UN	unknown	
PRESCRIBING	RX DOSE FORM	OT	OT=Other	Rx Dose Form	44814649	OT	Other	
PRESCRIBING	RX DOSE FORM	OTIC_SUSPENSION	OTIC_SUSPENSION  =Otic  Suspension  (Otic  Drops;  Ear  Drops)	Rx Dose Form	19082196	OTIC_SUSPENSION	Otic Suspension	
PRESCRIBING	RX DOSE FORM	TOPICAL_SOLUTION	TOPICAL_SOLUTION  =Topical  Solution  (Tincture;  Liniment)	Rx Dose Form	19082228	TOPICAL_SOLUTION	Topical Solution	
PRESCRIBING	RX DOSE FORM	AUGMENTED_TOPICAL_LOTION	AUGMENTED_TOPICAL_LOTION=Augmented  Topical  Lotion	Rx Dose Form	19135439	AUGMENTED_TOPICAL_LOTION	Augmented Topical Lotion	
PRESCRIBING	RX DOSE FORM	AUGMENTED_TOPICAL_OINTMENT	AUGMENTED_TOPICAL_OINTMENT=Augmented  Topical  Ointment	Rx Dose Form	19135440	AUGMENTED_TOPICAL_OINTMENT	Augmented Topical Ointment	
PRESCRIBING	RX DOSE FORM	EFFERVESCENT_TABLET	EFFERVESCENT_TABLET=Effervescent Tablet	Rx Dose Form	44817840	EFFERVESCENT_TABLET	Effervescent Oral Tablet	
PRESCRIBING	RX DOSE FORM	EXTENDED_RELEASE_ENTERIC_COATED_TABLET	EXTENDED_RELEASE_ENTERIC_COATED_TABLET=Extended  Release  Enteric  Coated  Tablet	Rx Dose Form	19082257	EXTENDED_RELEASE_ENTERIC_COATED_TABLET	Extended Release Enteric Coated Tablet	
PRESCRIBING	RX DOSE FORM	INHALANT_SUSPENSION	INHALANT_SUSPENSION=Inhalant Suspension	Rx Dose Form	1356078	INHALANT_SUSPENSION	Inhalation Suspension	
PRESCRIBING	RX DOSE FORM	INJECTABLE_SOLUTION	INJECTABLE_SOLUTION=Injectable  Solution	Rx Dose Form	19082103	INJECTABLE_SOLUTION	Injectable Solution	
PRESCRIBING	RX DOSE FORM	MEDICATED_PATCH	MEDICATED_PATCH=Medicated Patch	Rx Dose Form	42629089	MEDICATED_PATCH	Medicated Patch	
PRESCRIBING	RX DOSE FORM	NASAL_SPRAY	NASAL_SPRAY=Nasal  Spray	Rx Dose Form	19011167	NASAL_SPRAY	Nasal Spray	
PRESCRIBING	RX DOSE FORM	ORAL_GEL	ORAL_GEL  =Oral  Gel  (Oral  Jelly)	Rx Dose Form	19095916	ORAL_GEL	Oral Gel	
PRESCRIBING	RX DOSE FORM	POWDER_FOR_ORAL_SUSPENSION	POWDER_FOR_ORAL_SUSPENSION=Powder for Oral Suspension	Rx Dose Form	45775492	POWDER_FOR_ORAL_SUSPENSION	Powder for Oral Suspension	
PRESCRIBING	RX DOSE FORM	TOPICAL_SPRAY	TOPICAL_SPRAY  =Topical  Spray  (Dermal  Spray)	Rx Dose Form	19095912	TOPICAL_SPRAY	Topical Spray	
PROVIDER	PROVIDER SEX	A	A=Ambiguous	Gender	44814664	A	Ambiguous	NULL
PROVIDER	PROVIDER SEX	F	F=Female	Gender	8532	F	Female	NULL
PROVIDER	PROVIDER SEX	M	M=Male	Gender	8507	M	Male	NULL
PROVIDER	PROVIDER SEX	UN	UN=Unknown	Gender	44814653	UN	Unknown	NULL
PROVIDER	PROVIDER SEX	OT	OT=Other	Gender	44814649	OT	Other	NULL
PROVIDER	PROVIDER SEX	NI	NI=No  information	Gender	44814650	NI	No information	NULL
PRESCRIBING	RX ROUTE	ARTERIOVENOUS_FISTULA	ARTERIOVENOUS_FISTULA=Arteriovenous  fistula  route  (qualifier  value)	Route	44783786	ARTERIOVENOUS_FISTULA	Arteriovenous fistula route	
PRESCRIBING	RX ROUTE	ARTERIOVENOUS_GRAFT	ARTERIOVENOUS_GRAFT=Arteriovenous  graft  route  (qualifier  value)	Route	762840	ARTERIOVENOUS_GRAFT	Arteriovenous graft route	
PRESCRIBING	RX ROUTE	BODY_CAVITY	BODY_CAVITY=Body  cavity  route  (qualifier  value)	Route	4222254	BODY_CAVITY	Body cavity use	
PRESCRIBING	RX ROUTE	BUCCAL	BUCCAL=Buccal  route  (qualifier  value)	Route	4181897	BUCCAL	Buccal	
PRESCRIBING	RX ROUTE	CAUDAL	CAUDAL=Caudal  route  (qualifier  value)	Route	4220455	CAUDAL	Caudal route	
PRESCRIBING	RX ROUTE	COLOSTOMY	COLOSTOMY=Colostomy  route  (qualifier  value)	Route	4168047	COLOSTOMY	Colostomy route	
PRESCRIBING	RX ROUTE	CONJUNCTIVAL	CONJUNCTIVAL=Conjunctival  route  (qualifier  value)	Route	40486444	CONJUNCTIVAL	Conjunctival route	
PRESCRIBING	RX ROUTE	CUTANEOUS	CUTANEOUS=Cutaneous  route  (qualifier  value)	Route	4263689	CUTANEOUS	Cutaneous	
PRESCRIBING	RX ROUTE	DENTAL	DENTAL=Dental  route  (qualifier  value)	Route	4163765	DENTAL	Dental	
PRESCRIBING	RX ROUTE	DIGESTIVE_TRACT	DIGESTIVE_TRACT=Digestive  tract  route  (qualifier  value)	Route	40487501	DIGESTIVE_TRACT	Digestive tract route	
PRESCRIBING	RX ROUTE	ENDOCERVICAL	ENDOCERVICAL=Endocervical  route  (qualifier  value)	Route	4186831	ENDOCERVICAL	Endocervical	
PRESCRIBING	RX ROUTE	ENDOSINUSIAL	ENDOSINUSIAL=Endosinusial  route  (qualifier  value)	Route	4157756	ENDOSINUSIAL	Endosinusial	
PRESCRIBING	RX ROUTE	ENTERAL	ENTERAL=Enteral  route  (qualifier  value)	Route	4167540	ENTERAL	Enteral route	
PRESCRIBING	RX ROUTE	EPIDURAL	EPIDURAL=Epidural  route  (qualifier  value)	Route	4225555	EPIDURAL	Epidural	
PRESCRIBING	RX ROUTE	EPILESIONAL	EPILESIONAL=Epilesional route (qualifier value)	Route	35608078	EPILESIONAL	Epilesional route	
PRESCRIBING	RX ROUTE	ESOPHAGOSTOMY	ESOPHAGOSTOMY=Esophagostomy  route  (qualifier  value)	Route	4172191	ESOPHAGOSTOMY	Esophagostomy route	
PRESCRIBING	RX ROUTE	EXTRA_AMNIOTIC	EXTRA_AMNIOTIC=Extra-amniotic  route  (qualifier  value)	Route	4186833	EXTRA_AMNIOTIC	Extraamniotic	
PRESCRIBING	RX ROUTE	EXTRACORPOREAL	EXTRACORPOREAL=Extracorporeal  route  (qualifier  value)	Route		EXTRACORPOREAL		
PRESCRIBING	RX ROUTE	FISTULA	FISTULA=Fistula  route  (qualifier  value)	Route	4304277	FISTULA	retrograde thru fistula	
PRESCRIBING	RX ROUTE	GASTRO_INTESTINAL_STOMA	GASTRO_INTESTINAL_STOMA=Gastro-intestinal  stoma  route  (qualifier  value)	Route	4168665	GASTRO_INTESTINAL_STOMA	Gastro-intestinal stoma route	
PRESCRIBING	RX ROUTE	GASTROENTERAL	GASTROENTERAL=Gastroenteral  route  (qualifier  value)	Route	4186834	GASTROENTERAL	Gastroenteral	
PRESCRIBING	RX ROUTE	GASTROSTOMY	GASTROSTOMY=Gastrostomy  route  (qualifier  value)	Route	4132254	GASTROSTOMY	Gastrostomy Tube (FDB)	
PRESCRIBING	RX ROUTE	GINGIVAL	GINGIVAL=Gingival  route  (qualifier  value)	Route	4156704	GINGIVAL	Gingival	
PRESCRIBING	RX ROUTE	ILEOSTOMY	ILEOSTOMY=Ileostomy  route  (qualifier  value)	Route	4305679	ILEOSTOMY	retrograde ileostomy	
PRESCRIBING	RX ROUTE	INTERSTITIAL	INTERSTITIAL=Interstitial  route  (qualifier  value)	Route	4327128	INTERSTITIAL	Interstitial route	
PRESCRIBING	RX ROUTE	INTESTINAL	INTESTINAL=Intestinal route (qualifier value)	Route	37207459	INTESTINAL	Intestinal route	
PRESCRIBING	RX ROUTE	INTRA_ARTERIAL	INTRA_ARTERIAL=Intra-arterial  route  (qualifier  value)	Route	4240824	INTRA_ARTERIAL	Intraarterial	
PRESCRIBING	RX ROUTE	INTRA_ARTICULAR	INTRA_ARTICULAR=Intra-articular  route  (qualifier  value)	Route	4006860	INTRA_ARTICULAR	Intraarticular	
PRESCRIBING	RX ROUTE	INTRAABDOMINAL	INTRAABDOMINAL=Intraabdominal  route  (qualifier  value)	Route	4304882	INTRAABDOMINAL	Intraabdominal route	
PRESCRIBING	RX ROUTE	INTRAAMNIOTIC	INTRAAMNIOTIC=Intraamniotic  route  (qualifier  value)	Route	4163767	INTRAAMNIOTIC	Intraamniotic	
PRESCRIBING	RX ROUTE	INTRABILIARY	INTRABILIARY=Intrabiliary  route  (qualifier  value)	Route	3268575	INTRABILIARY	Intrabiliary route	
PRESCRIBING	RX ROUTE	INTRABRONCHIAL	INTRABRONCHIAL=Intrabronchial  route  (qualifier  value)	Route	3459214	INTRABRONCHIAL	Intrabronchial route	
PRESCRIBING	RX ROUTE	INTRACAMERAL	INTRACAMERAL=Intracameral  route  (qualifier  value)	Route	4303409	INTRACAMERAL	Intracameral	
PRESCRIBING	RX ROUTE	INTRACARTILAGINOUS	INTRACARTILAGINOUS=Intracartilaginous  route  (qualifier  value)	Route	4303676	INTRACARTILAGINOUS	Intracartilaginous route	
PRESCRIBING	RX ROUTE	INTRACAVERNOUS	INTRACAVERNOUS=Intracavernous  route  (qualifier  value)	Route	4157757	INTRACAVERNOUS	Intracavernous	
PRESCRIBING	RX ROUTE	INTRACEREBRAL	INTRACEREBRAL=Intracerebral  route  (qualifier  value)	Route	40488317	INTRACEREBRAL	Intracerebral route	
PRESCRIBING	RX ROUTE	INTRACEREBROVENTRICULAR	INTRACEREBROVENTRICULAR=Intracerebroventricular  route  (qualifier  value)	Route	4224886	INTRACEREBROVENTRICULAR	Intracerebroventricular	
PRESCRIBING	RX ROUTE	INTRACHOLANGIOPANCREATIC	INTRACHOLANGIOPANCREATIC=Intracholangiopancreatic route (qualifier value)	Route	37207461	INTRACHOLANGIOPANCREATIC	Intracholangiopancreatic route	
PRESCRIBING	RX ROUTE	INTRACISTERNAL	INTRACISTERNAL=Intracisternal  route  (qualifier  value)	Route	4305993	INTRACISTERNAL	Intracisternal route	
PRESCRIBING	RX ROUTE	INTRACOLONIC	INTRACOLONIC=Intracolonic  route  (qualifier  value)	Route	40489990	INTRACOLONIC	Intracolonic route	
PRESCRIBING	RX ROUTE	INTRACORNEAL	INTRACORNEAL=Intracorneal  route  (qualifier  value)	Route	4305690	INTRACORNEAL	Intracorneal route	
PRESCRIBING	RX ROUTE	INTRACORONAL	INTRACORONAL=Intracoronal  route  (qualifier  value)	Route	4303667	INTRACORONAL	Intracoronal route	
PRESCRIBING	RX ROUTE	INTRACORONARY	INTRACORONARY=Intracoronary  route  (qualifier  value)	Route	4186836	INTRACORONARY	Intracoronary	
PRESCRIBING	RX ROUTE	INTRACORPUS_CAVERNOSUM	INTRACORPUS_CAVERNOSUM=Intracorpus  cavernosum  route  (qualifier  value)	Route	40492302	INTRACORPUS_CAVERNOSUM	Intracorporus cavernosum route	
PRESCRIBING	RX ROUTE	INTRACRANIAL	INTRACRANIAL=Intracranial  route  (qualifier  value)	Route	4171079	INTRACRANIAL	Intracranial route	
PRESCRIBING	RX ROUTE	INTRADERMAL	INTRADERMAL=Intradermal  route  (qualifier  value)	Route	4156706	INTRADERMAL	Intradermal	
PRESCRIBING	RX ROUTE	INTRADISCAL	INTRADISCAL=Intradiscal  route  (qualifier  value)	Route	4163769	INTRADISCAL	Intradiscal	
PRESCRIBING	RX ROUTE	INTRADUCTAL	INTRADUCTAL=Intraductal  route  (qualifier  value)	Route	4170083	INTRADUCTAL	Intraductal	
PRESCRIBING	RX ROUTE	INTRADUODENAL	INTRADUODENAL=Intraduodenal  route  (qualifier  value)	Route	4302354	INTRADUODENAL	Intraduodenal route	
PRESCRIBING	RX ROUTE	INTRADURAL	INTRADURAL=Intradural  route  (qualifier  value)	Route	40492288	INTRADURAL	Intradural route	
PRESCRIBING	RX ROUTE	INTRAESOPHAGEAL	INTRAESOPHAGEAL=Intraesophageal  route  (qualifier  value)	Route	40492284	INTRAESOPHAGEAL	Intraesophageal route	
PRESCRIBING	RX ROUTE	INTRAGASTRIC	INTRAGASTRIC=Intragastric  route  (qualifier  value)	Route	40492301	INTRAGASTRIC	Intragastric route	
PRESCRIBING	RX ROUTE	INTRAGINGIVAL	INTRAGINGIVAL=Intragingival  route  (qualifier  value)	Route	40492286	INTRAGINGIVAL	Intragingival route	
PRESCRIBING	RX ROUTE	INTRAHEPATIC	INTRAHEPATIC=Intrahepatic  route  (qualifier  value)	Route	40493258	INTRAHEPATIC	intrahepatic	
PRESCRIBING	RX ROUTE	INTRAILEAL	INTRAILEAL=Intraileal  route  (qualifier  value)	Route	40490837	INTRAILEAL	Intraileal route	
PRESCRIBING	RX ROUTE	INTRAJEJUNAL	INTRAJEJUNAL=Intrajejunal  route  (qualifier  value)	Route	40489989	INTRAJEJUNAL	Intrajejunal route	
PRESCRIBING	RX ROUTE	INTRALESIONAL	INTRALESIONAL=Intralesional  route  (qualifier  value)	Route	4157758	INTRALESIONAL	Intralesional	
PRESCRIBING	RX ROUTE	INTRALINGUAL	INTRALINGUAL=Intralingual  route  (qualifier  value)	Route	40493227	INTRALINGUAL	Intralingual route	
PRESCRIBING	RX ROUTE	INTRALUMINAL	INTRALUMINAL=Intraluminal  route  (qualifier  value)	Route	4292410	INTRALUMINAL	Intraluminal route	
PRESCRIBING	RX ROUTE	INTRALYMPHATIC	INTRALYMPHATIC=Intralymphatic  route  (qualifier  value)	Route	4157759	INTRALYMPHATIC	Intralymphatic	
PRESCRIBING	RX ROUTE	INTRAMAMMARY	INTRAMAMMARY=Intramammary  route  (qualifier  value)	Route	40491321	INTRAMAMMARY	Intramammary route	
PRESCRIBING	RX ROUTE	INTRAMEDULLARY	INTRAMEDULLARY=Intramedullary  route  (qualifier  value)	Route	4246511	INTRAMEDULLARY	Intramedullary route	
PRESCRIBING	RX ROUTE	INTRAMENINGEAL	INTRAMENINGEAL=Intrameningeal  route  (qualifier  value)	Route	40492300	INTRAMENINGEAL	Intrameningeal route	
PRESCRIBING	RX ROUTE	INTRAMURAL	INTRAMURAL=Intramural  route  (qualifier  value)	Route	46272926	INTRAMURAL	Intramural route	
PRESCRIBING	RX ROUTE	INTRAMUSCULAR	INTRAMUSCULAR=Intramuscular  route  (qualifier  value)	Route	4302612	INTRAMUSCULAR	Intramuscular	
PRESCRIBING	RX ROUTE	INTRAMYOMETRIAL	INTRAMYOMETRIAL=Intramyometrial  route  (qualifier  value)	Route	4168038	INTRAMYOMETRIAL	Intramyometrial route	
PRESCRIBING	RX ROUTE	INTRANEURAL	INTRANEURAL=Intraneural  route  (qualifier  value)	Route	46272911	INTRANEURAL	Intraneural  route	
PRESCRIBING	RX ROUTE	INTRAOCULAR	INTRAOCULAR=Intraocular  route  (qualifier  value)	Route	4157760	INTRAOCULAR	Intraocular	
PRESCRIBING	RX ROUTE	INTRAOSSEOUS	INTRAOSSEOUS=Intraosseous  route  (qualifier  value)	Route	4213522	INTRAOSSEOUS	Intraosseous	
PRESCRIBING	RX ROUTE	INTRAOVARIAN	INTRAOVARIAN=Intraovarian  route  (qualifier  value)	Route	4306657	INTRAOVARIAN	Intraovarian route	
PRESCRIBING	RX ROUTE	INTRAPERITONEAL	INTRAPERITONEAL=Intraperitoneal  route  (qualifier  value)	Route	4243022	INTRAPERITONEAL	Intraperitoneal	
PRESCRIBING	RX ROUTE	INTRAPLEURAL	INTRAPLEURAL=Intrapleural  route  (qualifier  value)	Route	4156707	INTRAPLEURAL	Intrapleural	
PRESCRIBING	RX ROUTE	INTRAPORTAL	INTRAPORTAL=Intraportal route (qualifier value)	Route	37207462	INTRAPORTAL	Intraportal route	
PRESCRIBING	RX ROUTE	INTRAPROSTATIC	INTRAPROSTATIC=Intraprostatic  route  (qualifier  value)	Route	4171725	INTRAPROSTATIC	Intraprostatic route	
PRESCRIBING	RX ROUTE	INTRAPULMONARY	INTRAPULMONARY=Intrapulmonary  route  (qualifier  value)	Route	4169270	INTRAPULMONARY	Intrapulmonary route	
PRESCRIBING	RX ROUTE	INTRASINAL	INTRASINAL=Intrasinal  route  (qualifier  value)	Route	4169440	INTRASINAL	Intrasinal route	
PRESCRIBING	RX ROUTE	INTRASPINAL	INTRASPINAL=Intraspinal  route  (qualifier  value)	Route	4302788	INTRASPINAL	intraspina	
PRESCRIBING	RX ROUTE	INTRASTERNAL	INTRASTERNAL=Intrasternal  route  (qualifier  value)	Route	4186837	INTRASTERNAL	Intrasternal	
PRESCRIBING	RX ROUTE	INTRATENDINOUS	INTRATENDINOUS=Intratendinous  route  (qualifier  value)	Route	4303939	INTRATENDINOUS	Intratendinous route	
PRESCRIBING	RX ROUTE	INTRATESTICULAR	INTRATESTICULAR=Intratesticular  route  (qualifier  value)	Route	4171067	INTRATESTICULAR	Intratesticular route	
PRESCRIBING	RX ROUTE	INTRATHECAL	INTRATHECAL=Intrathecal  route  (qualifier  value)	Route	4217202	INTRATHECAL	Intrathecal	
PRESCRIBING	RX ROUTE	INTRATHORACIC	INTRATHORACIC=Intrathoracic  route  (qualifier  value)	Route	4167393	INTRATHORACIC	Intrathoracic route	
PRESCRIBING	RX ROUTE	INTRATRACHEAL	INTRATRACHEAL=Intratracheal  route  (qualifier  value)	Route	4229543	INTRATRACHEAL	Intratracheal	
PRESCRIBING	RX ROUTE	INTRATUMOR	INTRATUMOR=Intratumor  route  (qualifier  value)	Route	40491322	INTRATUMOR	Intratumoral	
PRESCRIBING	RX ROUTE	INTRATYMPANIC	INTRATYMPANIC=Intratympanic  route  (qualifier  value)	Route	4168656	INTRATYMPANIC	intratympanic	
PRESCRIBING	RX ROUTE	INTRAUTERINE	INTRAUTERINE=Intrauterine  route  (qualifier  value)	Route	4269621	INTRAUTERINE	Intrauterine	
PRESCRIBING	RX ROUTE	INTRAVASCULAR	INTRAVASCULAR=Intravascular  route  (qualifier  value)	Route	40492287	INTRAVASCULAR	Intravascular	
PRESCRIBING	RX ROUTE	INTRAVENOUS	INTRAVENOUS=Intravenous  route  (qualifier  value)	Route	4112421	INTRAVENOUS	Intravenous	
PRESCRIBING	RX ROUTE	INTRAVENOUS_CENTRAL	INTRAVENOUS_CENTRAL=Intravenous  central  route  (qualifier  value)	Route	4170113	INTRAVENOUS_CENTRAL	central venous line infusion	
PRESCRIBING	RX ROUTE	INTRAVENOUS_PERIPHERAL	INTRAVENOUS_PERIPHERAL=Intravenous  peripheral  route  (qualifier  value)	Route	4171884	INTRAVENOUS_PERIPHERAL	peripheral nerve	
PRESCRIBING	RX ROUTE	INTRAVENTRICULAR_CARDIAC	INTRAVENTRICULAR_CARDIAC=Intraventricular  route  -  cardiac  (qualifier  value)	Route	4222259	INTRAVENTRICULAR_CARDIAC	Intraventricular cardiac	
PRESCRIBING	RX ROUTE	INTRAVESICAL	INTRAVESICAL=Intravesical  route  (qualifier  value)	Route	4186838	INTRAVESICAL	Intravesical	
PRESCRIBING	RX ROUTE	INTRAVITREAL	INTRAVITREAL=Intravitreal  route  (qualifier  value)	Route	4302785	INTRAVITREAL	Intravitreal	
PRESCRIBING	RX ROUTE	LARYNGEAL	LARYNGEAL=Laryngeal  route  (qualifier  value)	Route	4170440	LARYNGEAL	Laryngeal route	
PRESCRIBING	RX ROUTE	LOWER_RESPIRATORY_TRACT	LOWER_RESPIRATORY_TRACT=Lower  respiratory  tract  route  (qualifier  value)	Route	40490898	LOWER_RESPIRATORY_TRACT	Lower respiratory tract route	
PRESCRIBING	RX ROUTE	NASAL	NASAL=Nasal  route  (qualifier  value)	Route	4128792	NASAL	Nasal	
PRESCRIBING	RX ROUTE	NASODUODENAL	NASODUODENAL=Nasoduodenal  route  (qualifier  value)	Route	4172316	NASODUODENAL	nasoduodenal tube	
PRESCRIBING	RX ROUTE	NASOGASTRIC	NASOGASTRIC=Nasogastric  route  (qualifier  value)	Route	4132711	NASOGASTRIC	Nasogastric	
PRESCRIBING	RX ROUTE	NASOJEJUNAL	NASOJEJUNAL=Nasojejunal  route  (qualifier  value)	Route	4305834	NASOJEJUNAL	Nasojejunal Tube	
PRESCRIBING	RX ROUTE	OPHTHALMIC	OPHTHALMIC=Ophthalmic  route  (qualifier  value)	Route	4184451	OPHTHALMIC	Ophthalmic	
PRESCRIBING	RX ROUTE	ORAL	ORAL=Oral  route  (qualifier  value)	Route	4128794	ORAL	Oral	
PRESCRIBING	RX ROUTE	OROGASTRIC	OROGASTRIC=Orogastric  route  (qualifier  value)	Route	4303795	OROGASTRIC	Orogastric	
PRESCRIBING	RX ROUTE	OROMUCOSAL	OROMUCOSAL=Oromucosal  route  (qualifier  value)	Route	4186839	OROMUCOSAL	Oromucosal	
PRESCRIBING	RX ROUTE	OROPHARYNGEAL	OROPHARYNGEAL=Oropharyngeal  route  (qualifier  value)	Route	4303277	OROPHARYNGEAL	oropharyngeal route	
PRESCRIBING	RX ROUTE	OTIC	OTIC=Otic  route  (qualifier  value)	Route	4023156	OTIC	OTIC	
PRESCRIBING	RX ROUTE	PARACERVICAL	PARACERVICAL=Paracervical  route  (qualifier  value)	Route	4303515	PARACERVICAL	Paracervical route	
PRESCRIBING	RX ROUTE	PARAVERTEBRAL	PARAVERTEBRAL=Paravertebral  route  (qualifier  value)	Route	4170267	PARAVERTEBRAL	Paravertebral	
PRESCRIBING	RX ROUTE	PERCUTANEOUS	PERCUTANEOUS=Percutaneous  route  (qualifier  value)	Route	4177987	PERCUTANEOUS	Percutaneous	
PRESCRIBING	RX ROUTE	PERIARTICULAR	PERIARTICULAR=Periarticular  route  (qualifier  value)	Route	4156708	PERIARTICULAR	Periarticular	
PRESCRIBING	RX ROUTE	PERIBULBAR	PERIBULBAR=Peribulbar  route  (qualifier  value)	Route	4304274	PERIBULBAR	Peribulbar route	
PRESCRIBING	RX ROUTE	PERIDURAL	PERIDURAL=Peridural  route  (qualifier  value)	Route	40490896	PERIDURAL	Peridural route	
PRESCRIBING	RX ROUTE	PERINEURAL	PERINEURAL=Perineural  route  (qualifier  value)	Route	4157761	PERINEURAL	Perineural	
PRESCRIBING	RX ROUTE	PERIODONTAL	PERIODONTAL=Periodontal  route  (qualifier  value)	Route	40490866	PERIODONTAL	Periodontal route	
PRESCRIBING	RX ROUTE	PERIOSTEAL	PERIOSTEAL=Periosteal  route  (qualifier  value)	Route	4171893	PERIOSTEAL	Periosteal route	
PRESCRIBING	RX ROUTE	PERITUMORAL	PERITUMORAL=Peritumoral route (qualifier value)	Route	37207463	PERITUMORAL	Peritumoral route	
PRESCRIBING	RX ROUTE	PERIURETHRAL	PERIURETHRAL=Periurethral  route  (qualifier  value)	Route	4303646	PERIURETHRAL	Periurethral route	
PRESCRIBING	RX ROUTE	POSTERIOR_JUXTASCLERAL	POSTERIOR_JUXTASCLERAL=Posterior juxtascleral route (qualifier value)	Route	37207464	POSTERIOR_JUXTASCLERAL	Posterior juxtascleral route	
PRESCRIBING	RX ROUTE	RECTAL	RECTAL=Rectal  route  (qualifier  value)	Route	4115462	RECTAL	Rectal	
PRESCRIBING	RX ROUTE	RESPIRATORY_TRACT	RESPIRATORY_TRACT=Respiratory  tract  route  (qualifier  value)	Route	40486069	RESPIRATORY_TRACT	Respiratory tract route	
PRESCRIBING	RX ROUTE	SUBCONJUNCTIVAL	SUBCONJUNCTIVAL=Subconjunctival  route  (qualifier  value)	Route	4163770	SUBCONJUNCTIVAL	Subconjunctival	
PRESCRIBING	RX ROUTE	SUBCUTANEOUS	SUBCUTANEOUS=Subcutaneous  route  (qualifier  value)	Route	4139962	SUBCUTANEOUS	Subcutaneous	
PRESCRIBING	RX ROUTE	SUBGINGIVAL	SUBGINGIVAL=Subgingival  route  (qualifier  value)	Route	4306649	SUBGINGIVAL	Subgingival route	
PRESCRIBING	RX ROUTE	SUBLESIONAL	SUBLESIONAL=Sublesional  route  (qualifier  value)	Route	46270168	SUBLESIONAL	Sublesional route	
PRESCRIBING	RX ROUTE	SUBLINGUAL	SUBLINGUAL=Sublingual  route  (qualifier  value)	Route	4292110	SUBLINGUAL	Sublingual	
PRESCRIBING	RX ROUTE	SUBMUCOSAL	SUBMUCOSAL=Submucosal  route  (qualifier  value)	Route	45956878	SUBMUCOSAL	Submucosal rectal	
PRESCRIBING	RX ROUTE	SUBORBITAL	SUBORBITAL=Suborbital  route  (qualifier  value)	Route	4166865	SUBORBITAL	Suborbital route	
PRESCRIBING	RX ROUTE	SUBRETINAL	SUBRETINAL=Subretinal route (qualifier value)	Route	36703536	SUBRETINAL	Subretinal route	
PRESCRIBING	RX ROUTE	SUBTENDINOUS	SUBTENDINOUS=Subtendinous  route  (qualifier  value)	Route	4302493	SUBTENDINOUS	Subtendinous route	
PRESCRIBING	RX ROUTE	TOPICAL	TOPICAL=Topical  route  (qualifier  value)	Route	4231622	TOPICAL	Topical	
PRESCRIBING	RX ROUTE	TRANSCERVICAL	TRANSCERVICAL=Transcervical  route  (qualifier  value)	Route	4304730	TRANSCERVICAL	Transcervical route	
PRESCRIBING	RX ROUTE	TRANSENDOCARDIAL	TRANSENDOCARDIAL=Transendocardial  route  (qualifier  value)	Route	40487850	TRANSENDOCARDIAL	Transendocardial route	
PRESCRIBING	RX ROUTE	TRANSPLACENTAL	TRANSPLACENTAL=Transplacental  route  (qualifier  value)	Route	40487858	TRANSPLACENTAL	Transplacental route	
PRESCRIBING	RX ROUTE	TRANSTYMPANIC	TRANSTYMPANIC=Transtympanic  route  (qualifier  value)	Route	40491830	TRANSTYMPANIC	Transtympanic route	
PRESCRIBING	RX ROUTE	TRANSURETHRAL	TRANSURETHRAL=Transurethral  route  (qualifier  value)	Route	4305382	TRANSURETHRAL	Transurethral route	
PRESCRIBING	RX ROUTE	URETERAL	URETERAL=Ureteral  route  (qualifier  value)	Route	4304571	URETERAL	Ureteral route	
PRESCRIBING	RX ROUTE	URETHRAL	URETHRAL=Urethral  route  (qualifier  value)	Route	4233974	URETHRAL	Urethral	
PRESCRIBING	RX ROUTE	UROSTOMY	UROSTOMY=Urostomy  route  (qualifier  value)	Route	4170435	UROSTOMY	Urostomy route	
PRESCRIBING	RX ROUTE	VAGINAL	VAGINAL=Vaginal  route  (qualifier  value)	Route	4057765	VAGINAL	Vaginal	
PRESCRIBING	RX ROUTE	NI	NI=No  information	Route	44814650	NI		
PRESCRIBING	RX ROUTE	UN	UN=Unknown	Route		UN		
PRESCRIBING	RX ROUTE	OT	OT=Other	Route		OT		
PRESCRIBING	RX ROUTE	INTRAEPICARDIAL	INTRAEPICARDIAL=Intraepicardial  route  (qualifier  value)	Route	40492305	INTRAEPICARDIAL	Intrapericardial route	
PRESCRIBING	RX ROUTE	ENDOTRACHEOPULMONARY	ENDOTRACHEOPULMONARY=Endotracheopulmonary  route  (qualifier  value)	Route	4186832	ENDOTRACHEOPULMONARY	Endotracheopulmonary	
PRESCRIBING	RX ROUTE	EXTRACORPOREAL_HEMODIALYSIS	EXTRACORPOREAL_HEMODIALYSIS=Extracorporeal hemodialysis route (qualifier value)	Route	44801748	EXTRACORPOREAL_HEMODIALYSIS	Haemodiafiltration route	
PRESCRIBING	RX ROUTE	INFILTRATION	INFILTRATION=Infiltration route (qualifier value)	Route	37397638	INFILTRATION	Infiltration route	
PRESCRIBING	RX ROUTE	INTRABURSAL	INTRABURSAL=Intrabursal  route  (qualifier  value)	Route	4163768	INTRABURSAL	Intrabursal	
PRESCRIBING	RX ROUTE	INTRACARDIAC	INTRACARDIAC=Intracardiac  route  (qualifier  value)	Route	4156705	INTRACARDIAC	Intracardiac	
PRESCRIBING	RX ROUTE	INTRAEPIDERMAL	INTRAEPIDERMAL=Intraepidermal  route  (qualifier  value)	Route	40487983	INTRAEPIDERMAL	Intraepidermal route	
PRESCRIBING	RX ROUTE	INTRAGLANDULAR	INTRAGLANDULAR=Intraglandular route (qualifier value)	Route	703330	INTRAGLANDULAR	Intraglandular	
PRESCRIBING	RX ROUTE	INTRASYNOVIAL	INTRASYNOVIAL=Intrasynovial  route  (qualifier  value)	Route	4302352	INTRASYNOVIAL	Intrasynovial route	
PRESCRIBING	RX ROUTE	JEJUNOSTOMY	JEJUNOSTOMY=Jejunostomy  route  (qualifier  value)	Route	4133177	JEJUNOSTOMY	Jejunostomy route	
PRESCRIBING	RX ROUTE	MUCOUS_FISTULA	MUCOUS_FISTULA=Mucous  fistula  route  (qualifier  value)	Route	4171243	MUCOUS_FISTULA	Mucus Fistula	
PRESCRIBING	RX ROUTE	PERITENDINOUS	PERITENDINOUS=Peritendinous  route  (qualifier  value)	Route	4305564	PERITENDINOUS	Peritendinous route	
PRESCRIBING	RX ROUTE	RETROBULBAR	RETROBULBAR=Retrobulbar  route  (qualifier  value)	Route	4303673	RETROBULBAR	Retrobulbar route	
PRESCRIBING	RX ROUTE	SURGICAL_CAVITY	SURGICAL_CAVITY=Surgical  cavity  route  (qualifier  value)	Route	4170771	SURGICAL_CAVITY	Surgical cavity route	
PRESCRIBING	RX ROUTE	SURGICAL_DRAIN	SURGICAL_DRAIN=Surgical  drain  route  (qualifier  value)	Route	4304412	SURGICAL_DRAIN	abdominal drain	
PRESCRIBING	RX ROUTE	TRANSMUCOSAL	TRANSMUCOSAL=Transmucosal  route  (qualifier  value)	Route	4232601	TRANSMUCOSAL	Transmucosal	
PRESCRIBING	RX ROUTE	TRANSTRACHEAL	TRANSTRACHEAL=Transtracheal  route  (qualifier  value)	Route	40491832	TRANSTRACHEAL	Transtracheal route	
PRESCRIBING	RX ROUTE	TUMOR_CAVITY	TUMOR_CAVITY=Tumor  cavity  route  (qualifier  value)	Route	4169472	TUMOR_CAVITY	Tumor cavity route	
PRESCRIBING	RX ROUTE	TRANSDERMAL	TRANSDERMAL=Transdermal  route  (qualifier  value)	Route	4262099	TRANSDERMAL	Transdermal	
MED_ADMIN	MEDADMIN DOSE ADMIN UNIT	cm	centimeter	Dose unit	8582	cm	centimeter	
MED_ADMIN	MEDADMIN DOSE ADMIN UNIT	g	gram	Dose unit	8504	g	gram	
MED_ADMIN	MEDADMIN DOSE ADMIN UNIT	g/h	gram per hour	Dose unit	44777594	g/h	gram per hour	
MED_ADMIN	MEDADMIN DOSE ADMIN UNIT	g/kg	gram per kilogram	Dose unit	9512	g/kg	gram per kilogram	
MED_ADMIN	MEDADMIN DOSE ADMIN UNIT	g/m2	gram per square meter	Dose unit	9513	g/m2	gram per square meter	
MED_ADMIN	MEDADMIN DOSE ADMIN UNIT	[IU]/h	international unit per hour	Dose unit	9687	[IU]/h	international unit per hour	
MED_ADMIN	MEDADMIN DOSE ADMIN UNIT	[IU]/kg	international unit per kilogram	Dose unit	9335	[IU]/kg	international unit per kilogram	
MED_ADMIN	MEDADMIN DOSE ADMIN UNIT	[IU]/kg/h	international unit per kilogram per hour	Dose unit		[IU]/kg/h		
MED_ADMIN	MEDADMIN DOSE ADMIN UNIT	[IU]/mL	international unit per milliliter	Dose unit	8985	[IU]/mL	international unit per milliliter	
MED_ADMIN	MEDADMIN DOSE ADMIN UNIT	[IU]/min	international unit per minute	Dose unit		[IU]/min		
MED_ADMIN	MEDADMIN DOSE ADMIN UNIT	ug	microgram	Dose unit	9655	ug	microgram	
MED_ADMIN	MEDADMIN DOSE ADMIN UNIT	ug/d	microgram per day	Dose unit	8906	ug/d	microgram per 24 hours	
MED_ADMIN	MEDADMIN DOSE ADMIN UNIT	ug/h	microgram per hour	Dose unit	44777645	ug/h	microgram per hour	
MED_ADMIN	MEDADMIN DOSE ADMIN UNIT	ug/kg	microgram per kilogram	Dose unit	9662	ug/kg	microgram per kilogram	
MED_ADMIN	MEDADMIN DOSE ADMIN UNIT	ug/kg/min	microgram per kilogram per minute	Dose unit		ug/kg/min		
MED_ADMIN	MEDADMIN DOSE ADMIN UNIT	ug/min	microgram per minute	Dose unit	8774	ug/min	microgram per minute	
MED_ADMIN	MEDADMIN DOSE ADMIN UNIT	meq	milliequivalent	Dose unit	9551	meq	milliequivalent	
MED_ADMIN	MEDADMIN DOSE ADMIN UNIT	meq/kg	milliequivalent per kilogram	Dose unit	9556	meq/kg	milliequivalent per kilogram	
MED_ADMIN	MEDADMIN DOSE ADMIN UNIT	meq/kg/h	milliequivalent per kilogram per hour	Dose unit		meq/kg/h		
MED_ADMIN	MEDADMIN DOSE ADMIN UNIT	mg	milligram	Dose unit	8576	mg	milligram	
MED_ADMIN	MEDADMIN DOSE ADMIN UNIT	mg/h	milligram per hour	Dose unit	44777610	mg/h	milligram per hour	
MED_ADMIN	MEDADMIN DOSE ADMIN UNIT	mg/kg	milligram per kilogram	Dose unit	9562	mg/kg	milligram per kilogram	
MED_ADMIN	MEDADMIN DOSE ADMIN UNIT	mg/kg/d	milligram per kilogram per day	Dose unit		mg/kg/d		
MED_ADMIN	MEDADMIN DOSE ADMIN UNIT	mg/kg/h	milligram per kilogram per hour	Dose unit	9691	mg/kg/h	milligram per kilogram per hour	
MED_ADMIN	MEDADMIN DOSE ADMIN UNIT	mg/kg/min	milligram per kilogram per minute	Dose unit	9692	mg/kg/min	milligram per kilogram per minute	
MED_ADMIN	MEDADMIN DOSE ADMIN UNIT	mg/mL	milligram per milliliter	Dose unit	8861	mg/mL	milligram per milliliter	
MED_ADMIN	MEDADMIN DOSE ADMIN UNIT	mg/m2	milligram per square meter	Dose unit	9563	mg/m2	milligram per square meter	
MED_ADMIN	MEDADMIN DOSE ADMIN UNIT	mL	milliliter	Dose unit	8587	mL	milliliter	
MED_ADMIN	MEDADMIN DOSE ADMIN UNIT	mL/h	milliliter per hour	Dose unit	44777613	mL/h	milliliter per hour	
MED_ADMIN	MEDADMIN DOSE ADMIN UNIT	mL/kg	milliliter per kilogram	Dose unit	9571	mL/kg	milliliter per kilogram	
MED_ADMIN	MEDADMIN DOSE ADMIN UNIT	mL/kg/h	milliliter per kilogram per hour	Dose unit		mL/kg/h		
MED_ADMIN	MEDADMIN DOSE ADMIN UNIT	mL/m2	milliliter per square meter	Dose unit		mL/m2		
MED_ADMIN	MEDADMIN DOSE ADMIN UNIT	mmol	millimole	Dose unit	9573	mmol	millimole	
MED_ADMIN	MEDADMIN DOSE ADMIN UNIT	10*6.[IU]	million international unit	Dose unit		10*6.[IU]		
MED_ADMIN	MEDADMIN DOSE ADMIN UNIT	ng/kg/min	nanogram per kilogram per minute	Dose unit		ng/kg/min		
MED_ADMIN	MEDADMIN DOSE ADMIN UNIT	%	percent	Dose unit	8554	%	percent	
MED_ADMIN	MEDADMIN DOSE ADMIN UNIT	/[IU]/mL	per international unit per milliliter	Dose unit		/[IU]/mL		
MED_ADMIN	MEDADMIN DOSE ADMIN UNIT	[tbs_us]	tablespoon (US)	Dose unit	9412	[tbs_us]	tablespoon	
MED_ADMIN	MEDADMIN DOSE ADMIN UNIT	[tsp_us]	teaspoon (US)	Dose unit	9416	[tsp_us]	teaspoon	
MED_ADMIN	MEDADMIN DOSE ADMIN UNIT	NI	No information	Dose unit	44814650	NI		
MED_ADMIN	MEDADMIN DOSE ADMIN UNIT	UN	Unknown	Dose unit	44814653	UN		
MED_ADMIN	MEDADMIN DOSE ADMIN UNIT	ug/kg/h	microgram per kilogram per hour	Dose unit	9690	ug/kg/h	microgram per kilogram per hour	
MED_ADMIN	MEDADMIN DOSE ADMIN UNIT	mmol/kg	millimole per kilogram	Dose unit	9577	mmol/kg	millimole per kilogram	
MED_ADMIN	MEDADMIN DOSE ADMIN UNIT	[oz_av]	ounce (US and British)	Dose unit	9304	[oz_av]	fluid ounce (US)	
MED_ADMIN	MEDADMIN DOSE ADMIN UNIT	/[IU]	per international unit	Dose unit		/[IU]		
MED_ADMIN	MEDADMIN DOSE ADMIN UNIT	OT	Other	Dose unit	44814649	OT		
MED_ADMIN	MEDADMIN DOSE ADMIN UNIT	ug/m2	microgram per square meter	Dose unit	9663	ug/m2	microgram per square meter	
PROVIDER	PROVIDER SPECIALTY PRIMARY	101Y00000X	101Y00000X=Counselor	Provider Specialty		101Y00000X		
PROVIDER	PROVIDER SPECIALTY PRIMARY	101YA0400X	101YA0400X=Counselor  Addiction  Substance  Use  Disorder	Provider Specialty		101YA0400X		
PROVIDER	PROVIDER SPECIALTY PRIMARY	101YP1600X	101YP1600X=Counselor  Pastoral	Provider Specialty		101YP1600X		
PROVIDER	PROVIDER SPECIALTY PRIMARY	101YP2500X	101YP2500X=Counselor  Professional	Provider Specialty		101YP2500X		
PROVIDER	PROVIDER SPECIALTY PRIMARY	101YS0200X	101YS0200X=Counselor  School	Provider Specialty		101YS0200X		
PROVIDER	PROVIDER SPECIALTY PRIMARY	102L00000X	102L00000X=Psychoanalyst  	Provider Specialty		102L00000X		
PROVIDER	PROVIDER SPECIALTY PRIMARY	102X00000X	102X00000X=Poetry  Therapist  	Provider Specialty		102X00000X		
PROVIDER	PROVIDER SPECIALTY PRIMARY	103G00000X	103G00000X=Clinical  Neuropsychologist  	Provider Specialty		103G00000X		
PROVIDER	PROVIDER SPECIALTY PRIMARY	103GC0700X	103GC0700X=Clinical  Neuropsychologist  Clinical	Provider Specialty		103GC0700X		
PROVIDER	PROVIDER SPECIALTY PRIMARY	103T00000X	103T00000X=Psychologist  	Provider Specialty	38004488	103T00000X	Psychology	
PROVIDER	PROVIDER SPECIALTY PRIMARY	103TB0200X	103TB0200X=Psychologist  Cognitive  &  Behavioral	Provider Specialty		103TB0200X		
PROVIDER	PROVIDER SPECIALTY PRIMARY	103TC0700X	103TC0700X=Psychologist  Clinical	Provider Specialty		103TC0700X		
PROVIDER	PROVIDER SPECIALTY PRIMARY	103TC1900X	103TC1900X=Psychologist  Counseling	Provider Specialty		103TC1900X		
PROVIDER	PROVIDER SPECIALTY PRIMARY	103TC2200X	103TC2200X=Psychologist  Clinical  Child  &  Adolescent	Provider Specialty		103TC2200X		
PROVIDER	PROVIDER SPECIALTY PRIMARY	103TE1000X	103TE1000X=Psychologist  Educational	Provider Specialty		103TE1000X		
PROVIDER	PROVIDER SPECIALTY PRIMARY	103TE1100X	103TE1100X=Psychologist  Exercise  &  Sports	Provider Specialty		103TE1100X		
PROVIDER	PROVIDER SPECIALTY PRIMARY	103TF0200X	103TF0200X=Psychologist  Forensic	Provider Specialty		103TF0200X		
PROVIDER	PROVIDER SPECIALTY PRIMARY	103TH0004X	103TH0004X=Psychologist  Health	Provider Specialty		103TH0004X		
PROVIDER	PROVIDER SPECIALTY PRIMARY	103TM1700X	103TM1700X=Psychologist  Men  &  Masculinity	Provider Specialty		103TM1700X		
PROVIDER	PROVIDER SPECIALTY PRIMARY	103TM1800X	103TM1800X=Psychologist  Mental  Retardation  &  Developmental  Disabilities	Provider Specialty		103TM1800X		
PROVIDER	PROVIDER SPECIALTY PRIMARY	103TP0016X	103TP0016X=Psychologist  Prescribing  (Medical)	Provider Specialty		103TP0016X		
PROVIDER	PROVIDER SPECIALTY PRIMARY	103TP0814X	103TP0814X=Psychologist  Psychoanalysis	Provider Specialty		103TP0814X		
PROVIDER	PROVIDER SPECIALTY PRIMARY	103TP2701X	103TP2701X=Psychologist  Group  Psychotherapy	Provider Specialty		103TP2701X		
PROVIDER	PROVIDER SPECIALTY PRIMARY	103TR0400X	103TR0400X=Psychologist  Rehabilitation	Provider Specialty		103TR0400X		
PROVIDER	PROVIDER SPECIALTY PRIMARY	103TW0100X	103TW0100X=Psychologist  Women	Provider Specialty		103TW0100X		
PROVIDER	PROVIDER SPECIALTY PRIMARY	104100000X	104100000X=Social  Worker  	Provider Specialty		104100000X		
PROVIDER	PROVIDER SPECIALTY PRIMARY	1041C0700X	1041C0700X=Social  Worker  Clinical	Provider Specialty	38004499	1041C0700X		
PROVIDER	PROVIDER SPECIALTY PRIMARY	1041S0200X	1041S0200X=Social  Worker  School	Provider Specialty		1041S0200X		
PROVIDER	PROVIDER SPECIALTY PRIMARY	106E00000X	106E00000X=Assistant  Behavior  Analyst  	Provider Specialty		106E00000X		
PROVIDER	PROVIDER SPECIALTY PRIMARY	106H00000X	106H00000X=Marriage  &  Family  Therapist  	Provider Specialty		106H00000X		
PROVIDER	PROVIDER SPECIALTY PRIMARY	106S00000X	106S00000X=Behavior  Technician  	Provider Specialty		106S00000X		
PROVIDER	PROVIDER SPECIALTY PRIMARY	111N00000X	111N00000X=Chiropractor  	Provider Specialty	38003660	111N00000X	Chiropractic Providers Chiropractor	
PROVIDER	PROVIDER SPECIALTY PRIMARY	111NI0013X	111NI0013X=Chiropractor  Independent  Medical  Examiner	Provider Specialty	38003661	111NI0013X	Chiropractic Providers Chiropractor Independent Medical Examiner	
PROVIDER	PROVIDER SPECIALTY PRIMARY	111NI0900X	111NI0900X=Chiropractor  Internist	Provider Specialty	38003662	111NI0900X	Chiropractic Providers Chiropractor Internist	
PROVIDER	PROVIDER SPECIALTY PRIMARY	111NN0400X	111NN0400X=Chiropractor  Neurology	Provider Specialty	38003663	111NN0400X	Chiropractic Providers Chiropractor Neurology	
PROVIDER	PROVIDER SPECIALTY PRIMARY	111NN1001X	111NN1001X=Chiropractor  Nutrition	Provider Specialty	38003664	111NN1001X	Chiropractic Providers Chiropractor Nutrition	
PROVIDER	PROVIDER SPECIALTY PRIMARY	111NR0200X	111NR0200X=Chiropractor  Radiology	Provider Specialty	38003666	111NR0200X	Chiropractic Providers Chiropractor Radiology	
PROVIDER	PROVIDER SPECIALTY PRIMARY	111NS0005X	111NS0005X=Chiropractor  Sports  Physician	Provider Specialty	38003668	111NS0005X	Chiropractic Providers Chiropractor Sports Physician	
PROVIDER	PROVIDER SPECIALTY PRIMARY	111NX0100X	111NX0100X=Chiropractor  Occupational  Health	Provider Specialty	38003670	111NX0100X	Chiropractic Providers Chiropractor Occupational Health	
PROVIDER	PROVIDER SPECIALTY PRIMARY	111NX0800X	111NX0800X=Chiropractor  Orthopedic	Provider Specialty	38003671	111NX0800X	Chiropractic Providers Chiropractor Orthopedic	
PROVIDER	PROVIDER SPECIALTY PRIMARY	122300000X	122300000X=Dentist  	Provider Specialty	43125856	122300000X	Dentist	
PROVIDER	PROVIDER SPECIALTY PRIMARY	1223D0001X	1223D0001X=Dentist  Dental  Public  Health	Provider Specialty	38003673	1223D0001X	Dental Providers Dentist Dental Public Health	
PROVIDER	PROVIDER SPECIALTY PRIMARY	1223E0200X	1223E0200X=Dentist  Endodontics	Provider Specialty	38003674	1223E0200X	Dental Providers Dentist Endodontics	
PROVIDER	PROVIDER SPECIALTY PRIMARY	1223G0001X	1223G0001X=Dentist  General  Practice	Provider Specialty	38003675	1223G0001X	Dental Providers Dentist General Practice	
PROVIDER	PROVIDER SPECIALTY PRIMARY	1223P0106X	1223P0106X=Dentist  Oral  and  Maxillofacial  Pathology	Provider Specialty	38003676	1223P0106X	Dental Providers Dentist Oral and Maxillofacial Pathology	
PROVIDER	PROVIDER SPECIALTY PRIMARY	1223P0221X	1223P0221X=Dentist  Pediatric  Dentistry	Provider Specialty	38003677	1223P0221X	Dental Providers Dentist Pediatric Dentistry	
PROVIDER	PROVIDER SPECIALTY PRIMARY	1223P0300X	1223P0300X=Dentist  Periodontics	Provider Specialty	38003678	1223P0300X	Dental Providers Dentist Periodontics	
PROVIDER	PROVIDER SPECIALTY PRIMARY	1223P0700X	1223P0700X=Dentist  Prosthodontics	Provider Specialty	38003679	1223P0700X	Dental Providers Dentist Prosthodontics	
PROVIDER	PROVIDER SPECIALTY PRIMARY	1223S0112X	1223S0112X=Dentist  Oral  and  Maxillofacial  Surgery	Provider Specialty	38003680	1223S0112X	Dental Providers Dentist Oral and Maxillofacial Surgery	
PROVIDER	PROVIDER SPECIALTY PRIMARY	124Q00000X	124Q00000X=Dental  Hygienist  	Provider Specialty	38003684	124Q00000X	Dental Providers Dental Hygienist	
PROVIDER	PROVIDER SPECIALTY PRIMARY	125K00000X	125K00000X=Advanced  Practice  Dental  Therapist  	Provider Specialty	43125858	125K00000X	Advanced Practice Dental Therapist	
PROVIDER	PROVIDER SPECIALTY PRIMARY	132700000X	132700000X=Dietary  Manager  	Provider Specialty	38003687	132700000X	Dietary & Nutritional Service Providers Dietary Manager	
PROVIDER	PROVIDER SPECIALTY PRIMARY	133N00000X	133N00000X=Nutritionist  	Provider Specialty		133N00000X		
PROVIDER	PROVIDER SPECIALTY PRIMARY	133NN1002X	133NN1002X=Nutritionist  Nutrition,  Education	Provider Specialty		133NN1002X		
PROVIDER	PROVIDER SPECIALTY PRIMARY	133V00000X	133V00000X=Dietitian,  Registered  	Provider Specialty	38003690	133V00000X	Dietary & Nutritional Service Providers Dietitian Registered	
PROVIDER	PROVIDER SPECIALTY PRIMARY	133VN1004X	133VN1004X=Dietitian,  Registered  Nutrition,  Pediatric	Provider Specialty	38003691	133VN1004X	Dietary & Nutritional Service Providers Dietitian Registered Nutrition Pediatric	
PROVIDER	PROVIDER SPECIALTY PRIMARY	133VN1005X	133VN1005X=Dietitian,  Registered  Nutrition,  Renal	Provider Specialty	38003692	133VN1005X	Dietary & Nutritional Service Providers Dietitian Registered Nutrition Renal	
PROVIDER	PROVIDER SPECIALTY PRIMARY	133VN1006X	133VN1006X=Dietitian,  Registered  Nutrition,  Metabolic	Provider Specialty	38003693	133VN1006X	Dietary & Nutritional Service Providers Dietitian Registered Nutrition Metabolic	
PROVIDER	PROVIDER SPECIALTY PRIMARY	133VN1401X	133VN1401X=Dietitian, Registered Nutrition, Pediatric Critical Care	Provider Specialty		133VN1401X	Dietitian Registered Nutrition Oncology	
PROVIDER	PROVIDER SPECIALTY PRIMARY	136A00000X	136A00000X=Dietetic  Technician,  Registered  	Provider Specialty	38003694	136A00000X	Dietary & Nutritional Service Providers Dietetic Technician Registered	
PROVIDER	PROVIDER SPECIALTY PRIMARY	146D00000X	146D00000X=Personal  Emergency  Response  Attendant  	Provider Specialty		146D00000X		
PROVIDER	PROVIDER SPECIALTY PRIMARY	146L00000X	146L00000X=Emergency  Medical  Technician,  Paramedic  	Provider Specialty	38003696	146L00000X	Emergency Medical Service Providers Emergency Medical Technician Paramedic	
PROVIDER	PROVIDER SPECIALTY PRIMARY	146M00000X	146M00000X=Emergency  Medical  Technician,  Intermediate  	Provider Specialty	38003697	146M00000X	Emergency Medical Service Providers Emergency Medical Technician Intermediate	
PROVIDER	PROVIDER SPECIALTY PRIMARY	146N00000X	146N00000X=Emergency  Medical  Technician,  Basic  	Provider Specialty	38003698	146N00000X	Emergency Medical Service Providers Emergency Medical Technician Basic	
PROVIDER	PROVIDER SPECIALTY PRIMARY	152WC0802X	152WC0802X=Optometrist  Corneal  and  Contact  Management	Provider Specialty		152WC0802X		
PROVIDER	PROVIDER SPECIALTY PRIMARY	152WP0200X	152WP0200X=Optometrist  Pediatrics	Provider Specialty	38003699	152WP0200X		
PROVIDER	PROVIDER SPECIALTY PRIMARY	152WS0006X	152WS0006X=Optometrist  Sports  Vision	Provider Specialty		152WS0006X		
PROVIDER	PROVIDER SPECIALTY PRIMARY	152WX0102X	152WX0102X=Optometrist  Occupational  Vision	Provider Specialty		152WX0102X		
PROVIDER	PROVIDER SPECIALTY PRIMARY	156F00000X	156F00000X=Technician/Technologist  	Provider Specialty		156F00000X		
PROVIDER	PROVIDER SPECIALTY PRIMARY	156FC0801X	156FC0801X=Technician/Technologist  Contact  Lens  Fitter	Provider Specialty		156FC0801X		
PROVIDER	PROVIDER SPECIALTY PRIMARY	156FX1100X	156FX1100X=Technician/Technologist  Ophthalmic	Provider Specialty		156FX1100X		
PROVIDER	PROVIDER SPECIALTY PRIMARY	156FX1101X	156FX1101X=Technician/Technologist  Ophthalmic  Assistant	Provider Specialty		156FX1101X		
PROVIDER	PROVIDER SPECIALTY PRIMARY	156FX1201X	156FX1201X=Technician/Technologist  Optometric  Assistant	Provider Specialty		156FX1201X		
PROVIDER	PROVIDER SPECIALTY PRIMARY	156FX1202X	156FX1202X=Technician/Technologist  Optometric  Technician	Provider Specialty		156FX1202X		
PROVIDER	PROVIDER SPECIALTY PRIMARY	156FX1700X	156FX1700X=Technician/Technologist  Ocularist	Provider Specialty		156FX1700X		
PROVIDER	PROVIDER SPECIALTY PRIMARY	156FX1900X	156FX1900X=Technician/Technologist  Orthoptist	Provider Specialty		156FX1900X		
PROVIDER	PROVIDER SPECIALTY PRIMARY	163W00000X	163W00000X=Registered  Nurse  	Provider Specialty	38003716	163W00000X	Nursing Service Providers Registered Nurse	
PROVIDER	PROVIDER SPECIALTY PRIMARY	163WA0400X	163WA0400X=Registered  Nurse  Addiction  (Substance  Use  Disorder)	Provider Specialty		163WA0400X		
PROVIDER	PROVIDER SPECIALTY PRIMARY	163WA2000X	163WA2000X=Registered  Nurse  Administrator	Provider Specialty		163WA2000X		
PROVIDER	PROVIDER SPECIALTY PRIMARY	163WC0200X	163WC0200X=Registered  Nurse  Critical  Care  Medicine	Provider Specialty		163WC0200X		
PROVIDER	PROVIDER SPECIALTY PRIMARY	163WC0400X	163WC0400X=Registered  Nurse  Case  Management	Provider Specialty		163WC0400X		
PROVIDER	PROVIDER SPECIALTY PRIMARY	163WC1500X	163WC1500X=Registered  Nurse  Community  Health	Provider Specialty		163WC1500X		
PROVIDER	PROVIDER SPECIALTY PRIMARY	163WC2100X	163WC2100X=Registered  Nurse  Continence  Care	Provider Specialty		163WC2100X		
PROVIDER	PROVIDER SPECIALTY PRIMARY	163WD0400X	163WD0400X=Registered  Nurse  Diabetes  Educator	Provider Specialty		163WD0400X		
PROVIDER	PROVIDER SPECIALTY PRIMARY	163WD1100X	163WD1100X=Registered  Nurse  Dialysis,  Peritoneal	Provider Specialty		163WD1100X		
PROVIDER	PROVIDER SPECIALTY PRIMARY	163WE0003X	163WE0003X=Registered  Nurse  Emergency	Provider Specialty		163WE0003X		
PROVIDER	PROVIDER SPECIALTY PRIMARY	163WE0900X	163WE0900X=Registered  Nurse  Enterostomal  Therapy	Provider Specialty		163WE0900X		
PROVIDER	PROVIDER SPECIALTY PRIMARY	163WG0100X	163WG0100X=Registered  Nurse  Gastroenterology	Provider Specialty		163WG0100X		
PROVIDER	PROVIDER SPECIALTY PRIMARY	163WH0200X	163WH0200X=Registered  Nurse  Home  Health	Provider Specialty		163WH0200X		
PROVIDER	PROVIDER SPECIALTY PRIMARY	163WH1000X	163WH1000X=Registered  Nurse  Hospice	Provider Specialty		163WH1000X		
PROVIDER	PROVIDER SPECIALTY PRIMARY	163WI0500X	163WI0500X=Registered  Nurse  Infusion  Therapy	Provider Specialty		163WI0500X		
PROVIDER	PROVIDER SPECIALTY PRIMARY	163WI0600X	163WI0600X=Registered  Nurse  Infection  Control	Provider Specialty		163WI0600X		
PROVIDER	PROVIDER SPECIALTY PRIMARY	163WL0100X	163WL0100X=Registered  Nurse  Lactation  Consultant	Provider Specialty		163WL0100X		
PROVIDER	PROVIDER SPECIALTY PRIMARY	163WM0102X	163WM0102X=Registered  Nurse  Maternal  Newborn	Provider Specialty		163WM0102X		
PROVIDER	PROVIDER SPECIALTY PRIMARY	163WM0705X	163WM0705X=Registered  Nurse  Medical-Surgical	Provider Specialty		163WM0705X		
PROVIDER	PROVIDER SPECIALTY PRIMARY	163WN0003X	163WN0003X=Registered  Nurse  Neonatal,  Low-Risk	Provider Specialty		163WN0003X		
PROVIDER	PROVIDER SPECIALTY PRIMARY	163WN0300X	163WN0300X=Registered  Nurse  Nephrology	Provider Specialty		163WN0300X		
PROVIDER	PROVIDER SPECIALTY PRIMARY	163WN0800X	163WN0800X=Registered  Nurse  Neuroscience	Provider Specialty		163WN0800X		
PROVIDER	PROVIDER SPECIALTY PRIMARY	163WP0200X	163WP0200X=Registered  Nurse  Pediatrics	Provider Specialty		163WP0200X		
PROVIDER	PROVIDER SPECIALTY PRIMARY	163WP0807X	163WP0807X=Registered  Nurse  Psych/Mental  Health,  Child  &  Adolescent	Provider Specialty		163WP0807X		
PROVIDER	PROVIDER SPECIALTY PRIMARY	163WP0808X	163WP0808X=Registered  Nurse  Psych/Mental  Health	Provider Specialty		163WP0808X		
PROVIDER	PROVIDER SPECIALTY PRIMARY	163WP1700X	163WP1700X=Registered  Nurse  Perinatal	Provider Specialty		163WP1700X		
PROVIDER	PROVIDER SPECIALTY PRIMARY	163WP2201X	163WP2201X=Registered  Nurse  Ambulatory  Care	Provider Specialty		163WP2201X		
PROVIDER	PROVIDER SPECIALTY PRIMARY	163WR0400X	163WR0400X=Registered  Nurse  Rehabilitation	Provider Specialty		163WR0400X		
PROVIDER	PROVIDER SPECIALTY PRIMARY	163WR1000X	163WR1000X=Registered  Nurse  Reproductive  Endocrinology/Infertility	Provider Specialty		163WR1000X		
PROVIDER	PROVIDER SPECIALTY PRIMARY	163WS0121X	163WS0121X=Registered  Nurse  Plastic  Surgery	Provider Specialty		163WS0121X		
PROVIDER	PROVIDER SPECIALTY PRIMARY	163WS0200X	163WS0200X=Registered  Nurse  School	Provider Specialty		163WS0200X		
PROVIDER	PROVIDER SPECIALTY PRIMARY	163WU0100X	163WU0100X=Registered  Nurse  Urology	Provider Specialty		163WU0100X		
PROVIDER	PROVIDER SPECIALTY PRIMARY	163WW0000X	163WW0000X=Registered  Nurse  Wound  Care	Provider Specialty		163WW0000X		
PROVIDER	PROVIDER SPECIALTY PRIMARY	163WW0101X	163WW0101X=Registered  Nurse  Women's  Health  Care,  Ambulatory	Provider Specialty		163WW0101X		
PROVIDER	PROVIDER SPECIALTY PRIMARY	163WX0002X	163WX0002X=Registered  Nurse  Obstetric,  High-Risk	Provider Specialty		163WX0002X		
PROVIDER	PROVIDER SPECIALTY PRIMARY	163WX0003X	163WX0003X=Registered  Nurse  Obstetric,  Inpatient	Provider Specialty		163WX0003X		
PROVIDER	PROVIDER SPECIALTY PRIMARY	163WX0106X	163WX0106X=Registered  Nurse  Occupational  Health	Provider Specialty		163WX0106X		
PROVIDER	PROVIDER SPECIALTY PRIMARY	163WX0601X	163WX0601X=Registered  Nurse  Otorhinolaryngology  &  Head-Neck	Provider Specialty		163WX0601X		
PROVIDER	PROVIDER SPECIALTY PRIMARY	163WX0800X	163WX0800X=Registered  Nurse  Orthopedic	Provider Specialty		163WX0800X		
PROVIDER	PROVIDER SPECIALTY PRIMARY	163WX1100X	163WX1100X=Registered  Nurse  Ophthalmic	Provider Specialty		163WX1100X		
PROVIDER	PROVIDER SPECIALTY PRIMARY	163WX1500X	163WX1500X=Registered  Nurse  Ostomy  Care	Provider Specialty		163WX1500X		
PROVIDER	PROVIDER SPECIALTY PRIMARY	164W00000X	164W00000X=Licensed  Practical  Nurse  	Provider Specialty		164W00000X		
PROVIDER	PROVIDER SPECIALTY PRIMARY	164X00000X	164X00000X=Licensed  Vocational  Nurse  	Provider Specialty		164X00000X		
PROVIDER	PROVIDER SPECIALTY PRIMARY	170100000X	170100000X=Medical  Genetics,  Ph.D.  Medical  Genetics  	Provider Specialty		170100000X		
PROVIDER	PROVIDER SPECIALTY PRIMARY	170300000X	170300000X=Genetic  Counselor,  MS  	Provider Specialty		170300000X		
PROVIDER	PROVIDER SPECIALTY PRIMARY	171000000X	171000000X=Military  Health  Care  Provider  	Provider Specialty		171000000X		
PROVIDER	PROVIDER SPECIALTY PRIMARY	1710I1003X	1710I1003X=Military  Health  Care  Provider  Independent  Duty  Medical  Technicians	Provider Specialty		1710I1003X		
PROVIDER	PROVIDER SPECIALTY PRIMARY	171100000X	171100000X=Acupuncturist  	Provider Specialty		171100000X		
PROVIDER	PROVIDER SPECIALTY PRIMARY	171M00000X	171M00000X=Case  Manager/Care  Coordinator  	Provider Specialty		171M00000X		
PROVIDER	PROVIDER SPECIALTY PRIMARY	171W00000X	171W00000X=Contractor  	Provider Specialty		171W00000X		
PROVIDER	PROVIDER SPECIALTY PRIMARY	171WH0202X	171WH0202X=Contractor  Home  Modifications	Provider Specialty		171WH0202X		
PROVIDER	PROVIDER SPECIALTY PRIMARY	172A00000X	172A00000X=Driver  	Provider Specialty		172A00000X		
PROVIDER	PROVIDER SPECIALTY PRIMARY	172M00000X	172M00000X=Mechanotherapist  	Provider Specialty		172M00000X		
PROVIDER	PROVIDER SPECIALTY PRIMARY	172P00000X	172P00000X=Naprapath  	Provider Specialty		172P00000X		
PROVIDER	PROVIDER SPECIALTY PRIMARY	173000000X	173000000X=Legal  Medicine  	Provider Specialty		173000000X		
PROVIDER	PROVIDER SPECIALTY PRIMARY	173F00000X	173F00000X=Sleep  Specialist,  PhD  	Provider Specialty	45756827	173F00000X	Sleep Medicine	
PROVIDER	PROVIDER SPECIALTY PRIMARY	174200000X	174200000X=Meals  	Provider Specialty		174200000X		
PROVIDER	PROVIDER SPECIALTY PRIMARY	1744G0900X	1744G0900X=Specialist  Graphics  Designer	Provider Specialty		1744G0900X		
PROVIDER	PROVIDER SPECIALTY PRIMARY	1744P3200X	1744P3200X=Specialist  Prosthetics  Case  Management	Provider Specialty		1744P3200X		
PROVIDER	PROVIDER SPECIALTY PRIMARY	1744R1102X	1744R1102X=Specialist  Research  Study	Provider Specialty		1744R1102X		
PROVIDER	PROVIDER SPECIALTY PRIMARY	174H00000X	174H00000X=Health  Educator  	Provider Specialty		174H00000X		
PROVIDER	PROVIDER SPECIALTY PRIMARY	174M00000X	174M00000X=Veterinarian  	Provider Specialty		174M00000X		
PROVIDER	PROVIDER SPECIALTY PRIMARY	174N00000X	174N00000X=Lactation  Consultant,  Non-RN  	Provider Specialty		174N00000X		
PROVIDER	PROVIDER SPECIALTY PRIMARY	174V00000X	174V00000X=Clinical  Ethicist  	Provider Specialty		174V00000X		
PROVIDER	PROVIDER SPECIALTY PRIMARY	175F00000X	175F00000X=Naturopath  	Provider Specialty		175F00000X		
PROVIDER	PROVIDER SPECIALTY PRIMARY	175L00000X	175L00000X=Homeopath  	Provider Specialty		175L00000X		
PROVIDER	PROVIDER SPECIALTY PRIMARY	175M00000X	175M00000X=Midwife,  Lay  	Provider Specialty		175M00000X		
PROVIDER	PROVIDER SPECIALTY PRIMARY	176B00000X	176B00000X=Midwife  	Provider Specialty		176B00000X		
PROVIDER	PROVIDER SPECIALTY PRIMARY	177F00000X	177F00000X=Lodging  	Provider Specialty		177F00000X		
PROVIDER	PROVIDER SPECIALTY PRIMARY	1835C0205X	1835C0205X=Pharmacist  Critical  Care	Provider Specialty		1835C0205X		
PROVIDER	PROVIDER SPECIALTY PRIMARY	1835G0000X	1835G0000X=Pharmacist  General  Practice	Provider Specialty	38003811	1835G0000X	Pharmacy Service Providers Pharmacist General Practice	
PROVIDER	PROVIDER SPECIALTY PRIMARY	1835N0905X	1835N0905X=Pharmacist  Nuclear	Provider Specialty	38003813	1835N0905X	Pharmacy Service Providers Pharmacist Nuclear	
PROVIDER	PROVIDER SPECIALTY PRIMARY	1835N1003X	1835N1003X=Pharmacist  Nutrition  Support	Provider Specialty	38003814	1835N1003X	Pharmacy Service Providers Pharmacist Nutrition Support	
PROVIDER	PROVIDER SPECIALTY PRIMARY	1835P0018X	1835P0018X=Pharmacist  Pharmacist  Clinician  (PhC)/  Clinical  Pharmacy  Specialist	Provider Specialty	38003815	1835P0018X	Pharmacy Service Providers Pharmacist Pharmacist Clinician (PhC)/ Clinical Pharmacy Specialist	
PROVIDER	PROVIDER SPECIALTY PRIMARY	1835P0200X	1835P0200X=Pharmacist  Pediatrics	Provider Specialty		1835P0200X		
PROVIDER	PROVIDER SPECIALTY PRIMARY	1835P1200X	1835P1200X=Pharmacist  Pharmacotherapy	Provider Specialty	38003816	1835P1200X	Pharmacy Service Providers Pharmacist Pharmacotherapy	
PROVIDER	PROVIDER SPECIALTY PRIMARY	1835P1300X	1835P1300X=Pharmacist  Psychiatric	Provider Specialty	38003817	1835P1300X	Pharmacy Service Providers Pharmacist Psychiatric	
PROVIDER	PROVIDER SPECIALTY PRIMARY	1835P2201X	1835P2201X=Pharmacist  Ambulatory  Care	Provider Specialty		1835P2201X		
PROVIDER	PROVIDER SPECIALTY PRIMARY	183700000X	183700000X=Pharmacy  Technician  	Provider Specialty		183700000X		
PROVIDER	PROVIDER SPECIALTY PRIMARY	193200000X	193200000X=Multi-Specialty  	Provider Specialty		193200000X		
PROVIDER	PROVIDER SPECIALTY PRIMARY	193400000X	193400000X=Single  Specialty  	Provider Specialty		193400000X		
PROVIDER	PROVIDER SPECIALTY PRIMARY	202K00000X	202K00000X=Phlebology  	Provider Specialty		202K00000X		
PROVIDER	PROVIDER SPECIALTY PRIMARY	204C00000X	204C00000X=Neuromusculoskeletal  Medicine,  Sports  Medicine  	Provider Specialty		204C00000X		
PROVIDER	PROVIDER SPECIALTY PRIMARY	204D00000X	204D00000X=Neuromusculoskeletal  Medicine  &  OMM  	Provider Specialty	45756789	204D00000X	Neuromuscular Medicine	
PROVIDER	PROVIDER SPECIALTY PRIMARY	204F00000X	204F00000X=Transplant  Surgery  	Provider Specialty	38003827	204F00000X	Allopathic & Osteopathic Physicians Transplant Surgery	
PROVIDER	PROVIDER SPECIALTY PRIMARY	204R00000X	204R00000X=Electrodiagnostic  Medicine  	Provider Specialty		204R00000X		
PROVIDER	PROVIDER SPECIALTY PRIMARY	207K00000X	207K00000X=Allergy  &  Immunology  	Provider Specialty	38004448	207K00000X	Allergy/Immunology	
PROVIDER	PROVIDER SPECIALTY PRIMARY	207KI0005X	207KI0005X=Allergy  &  Immunology  Clinical  &  Laboratory  Immunology	Provider Specialty	38004448	207KI0005X	Allergy/Immunology	
PROVIDER	PROVIDER SPECIALTY PRIMARY	207L00000X	207L00000X=Anesthesiology  	Provider Specialty	38004450	207L00000X	Anesthesiology	
PROVIDER	PROVIDER SPECIALTY PRIMARY	207LA0401X	207LA0401X=Anesthesiology  Addiction  Medicine	Provider Specialty	38004450	207LA0401X	Anesthesiology	
PROVIDER	PROVIDER SPECIALTY PRIMARY	207LC0200X	207LC0200X=Anesthesiology  Critical  Care  Medicine	Provider Specialty	45756751	207LC0200X	Anesthesiology Critical Care Medicine	
PROVIDER	PROVIDER SPECIALTY PRIMARY	207LH0002X	207LH0002X=Anesthesiology  Hospice  and  Palliative  Medicine	Provider Specialty	38004450	207LH0002X	Anesthesiology	
PROVIDER	PROVIDER SPECIALTY PRIMARY	207LP2900X	207LP2900X=Anesthesiology  Pain  Medicine	Provider Specialty	38004450	207LP2900X	Anesthesiology	
PROVIDER	PROVIDER SPECIALTY PRIMARY	207LP3000X	207LP3000X=Anesthesiology  Pediatric  Anesthesiology	Provider Specialty	45756804	207LP3000X	Pediatric Anesthesiology	
PROVIDER	PROVIDER SPECIALTY PRIMARY	207ND0101X	207ND0101X=Dermatology  MOHS-Micrographic  Surgery	Provider Specialty		207ND0101X		
PROVIDER	PROVIDER SPECIALTY PRIMARY	207ND0900X	207ND0900X=Dermatology  Dermatopathology	Provider Specialty		207ND0900X		
PROVIDER	PROVIDER SPECIALTY PRIMARY	207NI0002X	207NI0002X=Dermatology  Clinical  &  Laboratory  Dermatological  Immunology	Provider Specialty		207NI0002X		
PROVIDER	PROVIDER SPECIALTY PRIMARY	207NP0225X	207NP0225X=Dermatology  Pediatric  Dermatology	Provider Specialty	45756807	207NP0225X	Pediatric Dermatology	
PROVIDER	PROVIDER SPECIALTY PRIMARY	207NS0135X	207NS0135X=Dermatology  Procedural  Dermatology	Provider Specialty		207NS0135X		
PROVIDER	PROVIDER SPECIALTY PRIMARY	207P00000X	207P00000X=Emergency  Medicine  	Provider Specialty	38004510	207P00000X	Emergency Medicine	
PROVIDER	PROVIDER SPECIALTY PRIMARY	207PE0004X	207PE0004X=Emergency  Medicine  Emergency  Medical  Services	Provider Specialty	45756770	207PE0004X	Emergency Medical Services	
PROVIDER	PROVIDER SPECIALTY PRIMARY	207PE0005X	207PE0005X=Emergency  Medicine  Undersea  and  Hyperbaric  Medicine	Provider Specialty		207PE0005X		
PROVIDER	PROVIDER SPECIALTY PRIMARY	207PH0002X	207PH0002X=Emergency  Medicine  Hospice  and  Palliative  Medicine	Provider Specialty		207PH0002X		
PROVIDER	PROVIDER SPECIALTY PRIMARY	207PS0010X	207PS0010X=Emergency  Medicine  Sports  Medicine	Provider Specialty	45756808	207PS0010X	Pediatric Emergency Medicine	
PROVIDER	PROVIDER SPECIALTY PRIMARY	207QA0000X	207QA0000X=Family  Medicine  Adolescent  Medicine	Provider Specialty		207QA0000X		
PROVIDER	PROVIDER SPECIALTY PRIMARY	207QA0401X	207QA0401X=Family  Medicine  Addiction  Medicine	Provider Specialty		207QA0401X		
PROVIDER	PROVIDER SPECIALTY PRIMARY	207QA0505X	207QA0505X=Family  Medicine  Adult  Medicine	Provider Specialty		207QA0505X		
PROVIDER	PROVIDER SPECIALTY PRIMARY	207QB0002X	207QB0002X=Family  Medicine  Obesity  Medicine	Provider Specialty		207QB0002X		
PROVIDER	PROVIDER SPECIALTY PRIMARY	207QG0300X	207QG0300X=Family  Medicine  Geriatric  Medicine	Provider Specialty		207QG0300X		
PROVIDER	PROVIDER SPECIALTY PRIMARY	207QH0002X	207QH0002X=Family  Medicine  Hospice  and  Palliative  Medicine	Provider Specialty		207QH0002X		
PROVIDER	PROVIDER SPECIALTY PRIMARY	207QS0010X	207QS0010X=Family  Medicine  Sports  Medicine	Provider Specialty		207QS0010X		
PROVIDER	PROVIDER SPECIALTY PRIMARY	207QS1201X	207QS1201X=Family  Medicine  Sleep  Medicine	Provider Specialty		207QS1201X		
PROVIDER	PROVIDER SPECIALTY PRIMARY	207R00000X	207R00000X=Internal  Medicine  	Provider Specialty	38004456	207R00000X	Internal Medicine	
PROVIDER	PROVIDER SPECIALTY PRIMARY	207RA0000X	207RA0000X=Internal  Medicine  Adolescent  Medicine	Provider Specialty		207RA0000X		
PROVIDER	PROVIDER SPECIALTY PRIMARY	207RA0001X	207RA0001X=Internal  Medicine  Advanced  Heart  Failure  and  Transplant  Cardiology	Provider Specialty		207RA0001X		
PROVIDER	PROVIDER SPECIALTY PRIMARY	207RA0002X	207RA0002X=Internal Medicine Adult Congenital Heart Disease	Provider Specialty		207RA0002X	Internal Medicine Adult Congenital Heart Disease	
PROVIDER	PROVIDER SPECIALTY PRIMARY	207RB0002X	207RB0002X=Internal  Medicine  Obesity  Medicine	Provider Specialty		207RB0002X		
PROVIDER	PROVIDER SPECIALTY PRIMARY	207RC0000X	207RC0000X=Internal  Medicine  Cardiovascular  Disease	Provider Specialty	45756754	207RC0000X		
PROVIDER	PROVIDER SPECIALTY PRIMARY	207RC0001X	207RC0001X=Internal  Medicine  Clinical  Cardiac  Electrophysiology	Provider Specialty	45756758	207RC0001X		
PROVIDER	PROVIDER SPECIALTY PRIMARY	207RC0200X	207RC0200X=Internal  Medicine  Critical  Care  Medicine	Provider Specialty	45756778	207RC0200X	Internal Medicine - Critical Care Medicine	
PROVIDER	PROVIDER SPECIALTY PRIMARY	207RE0101X	207RE0101X=Internal  Medicine  Endocrinology,  Diabetes  &  Metabolism	Provider Specialty	45756771	207RE0101X		
PROVIDER	PROVIDER SPECIALTY PRIMARY	207RG0100X	207RG0100X=Internal  Medicine  Gastroenterology	Provider Specialty	38004455	207RG0100X		
PROVIDER	PROVIDER SPECIALTY PRIMARY	207RH0000X	207RH0000X=Internal  Medicine  Hematology	Provider Specialty	38004501	207RH0000X		
PROVIDER	PROVIDER SPECIALTY PRIMARY	207RH0002X	207RH0002X=Internal  Medicine  Hospice  and  Palliative  Medicine	Provider Specialty		207RH0002X		
PROVIDER	PROVIDER SPECIALTY PRIMARY	207RH0003X	207RH0003X=Internal  Medicine  Hematology  &  Oncology	Provider Specialty		207RH0003X		
PROVIDER	PROVIDER SPECIALTY PRIMARY	207RH0005X	207RH0005X=Internal  Medicine  Hypertension  Specialist	Provider Specialty		207RH0005X		
PROVIDER	PROVIDER SPECIALTY PRIMARY	207RI0008X	207RI0008X=Internal  Medicine  Hepatology	Provider Specialty		207RI0008X		
PROVIDER	PROVIDER SPECIALTY PRIMARY	207RI0200X	207RI0200X=Internal  Medicine  Infectious  Disease	Provider Specialty		207RI0200X		
PROVIDER	PROVIDER SPECIALTY PRIMARY	207RM1200X	207RM1200X=Internal  Medicine  Magnetic  Resonance  Imaging  (MRI)	Provider Specialty		207RM1200X		
PROVIDER	PROVIDER SPECIALTY PRIMARY	207RN0300X	207RN0300X=Internal  Medicine  Nephrology	Provider Specialty	38004479	207RN0300X		
PROVIDER	PROVIDER SPECIALTY PRIMARY	207RP1001X	207RP1001X=Internal  Medicine  Pulmonary  Disease	Provider Specialty	38004472	207RP1001X		
PROVIDER	PROVIDER SPECIALTY PRIMARY	207RR0500X	207RR0500X=Internal  Medicine  Rheumatology	Provider Specialty	38004491	207RR0500X		
PROVIDER	PROVIDER SPECIALTY PRIMARY	207RS0010X	207RS0010X=Internal  Medicine  Sports  Medicine	Provider Specialty		207RS0010X		
PROVIDER	PROVIDER SPECIALTY PRIMARY	207RS0012X	207RS0012X=Internal  Medicine  Sleep  Medicine	Provider Specialty		207RS0012X		
PROVIDER	PROVIDER SPECIALTY PRIMARY	207RT0003X	207RT0003X=Internal  Medicine  Transplant  Hepatology	Provider Specialty		207RT0003X		
PROVIDER	PROVIDER SPECIALTY PRIMARY	207RX0202X	207RX0202X=Internal  Medicine  Medical  Oncology	Provider Specialty	38004507	207RX0202X		
PROVIDER	PROVIDER SPECIALTY PRIMARY	207SC0300X	207SC0300X=Medical  Genetics  Clinical  Cytogenetic	Provider Specialty		207SC0300X		
PROVIDER	PROVIDER SPECIALTY PRIMARY	207SG0201X	207SG0201X=Medical  Genetics  Clinical  Genetics  (M.D.)	Provider Specialty	45756782	207SG0201X		
PROVIDER	PROVIDER SPECIALTY PRIMARY	207SG0203X	207SG0203X=Medical  Genetics  Clinical  Molecular  Genetics	Provider Specialty	45756762	207SG0203X		
PROVIDER	PROVIDER SPECIALTY PRIMARY	207SM0001X	207SM0001X=Medical  Genetics  Molecular  Genetic  Pathology	Provider Specialty		207SM0001X		
PROVIDER	PROVIDER SPECIALTY PRIMARY	207T00000X	207T00000X=Neurological  Surgery  	Provider Specialty	38004459	207T00000X	Neurosurgery	
PROVIDER	PROVIDER SPECIALTY PRIMARY	207U00000X	207U00000X=Nuclear  Medicine  	Provider Specialty	38004476	207U00000X	Nuclear Medicine	
PROVIDER	PROVIDER SPECIALTY PRIMARY	207UN0901X	207UN0901X=Nuclear  Medicine  Nuclear  Cardiology	Provider Specialty		207UN0901X		
PROVIDER	PROVIDER SPECIALTY PRIMARY	207UN0902X	207UN0902X=Nuclear  Medicine  Nuclear  Imaging  &  Therapy	Provider Specialty		207UN0902X		
PROVIDER	PROVIDER SPECIALTY PRIMARY	207UN0903X	207UN0903X=Nuclear  Medicine  In  Vivo  &  In  Vitro  Nuclear  Medicine	Provider Specialty		207UN0903X		
PROVIDER	PROVIDER SPECIALTY PRIMARY	207V00000X	207V00000X=Obstetrics  &  Gynecology  	Provider Specialty	43125859	207V00000X	Obstetrics & Gynecology	
PROVIDER	PROVIDER SPECIALTY PRIMARY	207VB0002X	207VB0002X=Obstetrics  &  Gynecology  Obesity  Medicine	Provider Specialty		207VB0002X		
PROVIDER	PROVIDER SPECIALTY PRIMARY	207VC0200X	207VC0200X=Obstetrics  &  Gynecology  Critical  Care  Medicine	Provider Specialty		207VC0200X		
PROVIDER	PROVIDER SPECIALTY PRIMARY	207VE0102X	207VE0102X=Obstetrics  &  Gynecology  Reproductive  Endocrinology	Provider Specialty		207VE0102X		
PROVIDER	PROVIDER SPECIALTY PRIMARY	207VF0040X	207VF0040X=Obstetrics  &  Gynecology  Female  Pelvic  Medicine  and  Reconstructive  Surgery	Provider Specialty		207VF0040X		
PROVIDER	PROVIDER SPECIALTY PRIMARY	207VG0400X	207VG0400X=Obstetrics  &  Gynecology  Gynecology	Provider Specialty	38004513	207VG0400X		
PROVIDER	PROVIDER SPECIALTY PRIMARY	207VH0002X	207VH0002X=Obstetrics  &  Gynecology  Hospice  and  Palliative  Medicine	Provider Specialty		207VH0002X		
PROVIDER	PROVIDER SPECIALTY PRIMARY	207VM0101X	207VM0101X=Obstetrics  &  Gynecology  Maternal  &  Fetal  Medicine	Provider Specialty	45756780	207VM0101X		
PROVIDER	PROVIDER SPECIALTY PRIMARY	207VX0000X	207VX0000X=Obstetrics  &  Gynecology  Obstetrics	Provider Specialty		207VX0000X		
PROVIDER	PROVIDER SPECIALTY PRIMARY	207VX0201X	207VX0201X=Obstetrics  &  Gynecology  Gynecologic  Oncology	Provider Specialty		207VX0201X		
PROVIDER	PROVIDER SPECIALTY PRIMARY	207WX0009X	207WX0009X=Ophthalmology  Glaucoma  Specialist	Provider Specialty		207WX0009X		
PROVIDER	PROVIDER SPECIALTY PRIMARY	207WX0108X	207WX0108X=Ophthalmology  Uveitis  and  Ocular  Inflammatory  Disease	Provider Specialty		207WX0108X		
PROVIDER	PROVIDER SPECIALTY PRIMARY	207WX0109X	207WX0109X=Ophthalmology  Neuro-ophthalmology	Provider Specialty		207WX0109X		
PROVIDER	PROVIDER SPECIALTY PRIMARY	207WX0110X	207WX0110X=Ophthalmology  Pediatric  Ophthalmology  and  Strabismus  Specialist	Provider Specialty		207WX0110X		
PROVIDER	PROVIDER SPECIALTY PRIMARY	207X00000X	207X00000X=Orthopaedic  Surgery  	Provider Specialty	38004465	207X00000X	Orthopedic Surgery	
PROVIDER	PROVIDER SPECIALTY PRIMARY	207XP3100X	207XP3100X=Orthopaedic  Surgery  Pediatric  Orthopaedic  Surgery	Provider Specialty		207XP3100X		
PROVIDER	PROVIDER SPECIALTY PRIMARY	207XS0106X	207XS0106X=Orthopaedic  Surgery  Hand  Surgery	Provider Specialty		207XS0106X		
PROVIDER	PROVIDER SPECIALTY PRIMARY	207XS0114X	207XS0114X=Orthopaedic  Surgery  Adult  Reconstructive  Orthopaedic  Surgery	Provider Specialty		207XS0114X		
PROVIDER	PROVIDER SPECIALTY PRIMARY	207XS0117X	207XS0117X=Orthopaedic  Surgery  Orthopaedic  Surgery  of  the  Spine	Provider Specialty		207XS0117X		
PROVIDER	PROVIDER SPECIALTY PRIMARY	207XX0005X	207XX0005X=Orthopaedic  Surgery  Sports  Medicine	Provider Specialty	45756794	207XX0005X	Orthopaedic Sports Medicine	
PROVIDER	PROVIDER SPECIALTY PRIMARY	207XX0801X	207XX0801X=Orthopaedic  Surgery  Orthopaedic  Trauma	Provider Specialty		207XX0801X		
PROVIDER	PROVIDER SPECIALTY PRIMARY	207YP0228X	207YP0228X=Otolaryngology  Pediatric  Otolaryngology	Provider Specialty	45756814	207YP0228X	Pediatric Otolaryngology	
PROVIDER	PROVIDER SPECIALTY PRIMARY	207YS0123X	207YS0123X=Otolaryngology  Facial  Plastic  Surgery	Provider Specialty		207YS0123X		
PROVIDER	PROVIDER SPECIALTY PRIMARY	207YX0007X	207YX0007X=Otolaryngology  Plastic  Surgery  within  the  Head  &  Neck	Provider Specialty		207YX0007X		
PROVIDER	PROVIDER SPECIALTY PRIMARY	207YX0602X	207YX0602X=Otolaryngology  Otolaryngic  Allergy	Provider Specialty		207YX0602X		
PROVIDER	PROVIDER SPECIALTY PRIMARY	207YX0901X	207YX0901X=Otolaryngology  Otology  &  Neurotology	Provider Specialty	45756792	207YX0901X		
PROVIDER	PROVIDER SPECIALTY PRIMARY	207ZB0001X	207ZB0001X=Pathology  Blood  Banking  &  Transfusion  Medicine	Provider Specialty		207ZB0001X		
PROVIDER	PROVIDER SPECIALTY PRIMARY	207ZC0006X	207ZC0006X=Pathology  Clinical  Pathology	Provider Specialty	45756797	207ZC0006X	Pathology - Clinical	
PROVIDER	PROVIDER SPECIALTY PRIMARY	207ZD0900X	207ZD0900X=Pathology  Dermatopathology	Provider Specialty		207ZD0900X		
PROVIDER	PROVIDER SPECIALTY PRIMARY	207ZH0000X	207ZH0000X=Pathology  Hematology	Provider Specialty	45756811	207ZH0000X		
PROVIDER	PROVIDER SPECIALTY PRIMARY	207ZM0300X	207ZM0300X=Pathology  Medical  Microbiology	Provider Specialty		207ZM0300X		
PROVIDER	PROVIDER SPECIALTY PRIMARY	207ZN0500X	207ZN0500X=Pathology  Neuropathology	Provider Specialty	45756790	207ZN0500X		
PROVIDER	PROVIDER SPECIALTY PRIMARY	207ZP0101X	207ZP0101X=Pathology  Anatomic  Pathology	Provider Specialty	45756795	207ZP0101X	Pathology - Anatomic	
PROVIDER	PROVIDER SPECIALTY PRIMARY	207ZP0213X	207ZP0213X=Pathology  Pediatric  Pathology	Provider Specialty	45756802	207ZP0213X	Pathology - Pediatric	
PROVIDER	PROVIDER SPECIALTY PRIMARY	208000000X	208000000X=Pediatrics  	Provider Specialty	2000000063	208000000X	Pediatric Medicine	
PROVIDER	PROVIDER SPECIALTY PRIMARY	2080A0000X	2080A0000X=Pediatrics  Adolescent  Medicine	Provider Specialty	45756747	2080A0000X	"Adolescent Medicine	"	
PROVIDER	PROVIDER SPECIALTY PRIMARY	2080B0002X	2080B0002X=Pediatrics  Obesity  Medicine	Provider Specialty		2080B0002X		
PROVIDER	PROVIDER SPECIALTY PRIMARY	2080I0007X	2080I0007X=Pediatrics  Clinical  &  Laboratory  Immunology	Provider Specialty		2080I0007X		
PROVIDER	PROVIDER SPECIALTY PRIMARY	2080N0001X	2080N0001X=Pediatrics  Neonatal-Perinatal  Medicine	Provider Specialty	45756786	2080N0001X	Neonatal-Perinatal Medicine	
PROVIDER	PROVIDER SPECIALTY PRIMARY	2080P0006X	2080P0006X=Pediatrics  Developmental  â€“  Behavioral  Pediatrics	Provider Specialty	45756768	2080P0006X		
PROVIDER	PROVIDER SPECIALTY PRIMARY	2080P0008X	2080P0008X=Pediatrics  Neurodevelopmental  Disabilities	Provider Specialty	45756787	2080P0008X	Neurodevelopmental Disabilities	
PROVIDER	PROVIDER SPECIALTY PRIMARY	2080P0201X	2080P0201X=Pediatrics  Pediatric  Allergy/Immunology	Provider Specialty		2080P0201X		
PROVIDER	PROVIDER SPECIALTY PRIMARY	2080P0202X	2080P0202X=Pediatrics  Pediatric  Cardiology	Provider Specialty	38003948	2080P0202X	Pediatric Cardiology	
PROVIDER	PROVIDER SPECIALTY PRIMARY	2080P0205X	2080P0205X=Pediatrics  Pediatric  Endocrinology	Provider Specialty	45756809	2080P0205X	Pediatric Endocrinology	
PROVIDER	PROVIDER SPECIALTY PRIMARY	2080P0206X	2080P0206X=Pediatrics  Pediatric  Gastroenterology	Provider Specialty	45756810	2080P0206X	Pediatric Gastroenterology	
PROVIDER	PROVIDER SPECIALTY PRIMARY	2080P0207X	2080P0207X=Pediatrics  Pediatric  Hematology-Oncology	Provider Specialty	38003953	2080P0207X	Allopathic & Osteopathic Physicians, Pediatrics, Pediatric Hematology-Oncology	
PROVIDER	PROVIDER SPECIALTY PRIMARY	2080P0208X	2080P0208X=Pediatrics  Pediatric  Infectious  Diseases	Provider Specialty	45756812	2080P0208X	Pediatric Infectious Diseases	
PROVIDER	PROVIDER SPECIALTY PRIMARY	2080P0214X	2080P0214X=Pediatrics  Pediatric  Pulmonology	Provider Specialty	45756815	2080P0214X	Pediatric Pulmonology	
PROVIDER	PROVIDER SPECIALTY PRIMARY	2080P0216X	2080P0216X=Pediatrics  Pediatric  Rheumatology	Provider Specialty	45756818	2080P0216X	Pediatric Rheumatology	
PROVIDER	PROVIDER SPECIALTY PRIMARY	2080S0010X	2080S0010X=Pediatrics  Sports  Medicine	Provider Specialty	45756828	2080S0010X		
PROVIDER	PROVIDER SPECIALTY PRIMARY	2080T0002X	2080T0002X=Pediatrics  Medical  Toxicology	Provider Specialty	45756784	2080T0002X		
PROVIDER	PROVIDER SPECIALTY PRIMARY	2080T0004X	2080T0004X=Pediatrics  Pediatric  Transplant  Hepatology	Provider Specialty	45756820	2080T0004X	Pediatric Transplant Hepatology	
PROVIDER	PROVIDER SPECIALTY PRIMARY	208100000X	208100000X=Physical  Medicine  &  Rehabilitation  	Provider Specialty	38004468	208100000X	Physical Medicine And Rehabilitation	
PROVIDER	PROVIDER SPECIALTY PRIMARY	2081H0002X	2081H0002X=Physical  Medicine  &  Rehabilitation  Hospice  and  Palliative  Medicine	Provider Specialty		2081H0002X		
PROVIDER	PROVIDER SPECIALTY PRIMARY	2081N0008X	2081N0008X=Physical  Medicine  &  Rehabilitation  Neuromuscular  Medicine	Provider Specialty		2081N0008X		
PROVIDER	PROVIDER SPECIALTY PRIMARY	2081P0004X	2081P0004X=Physical  Medicine  &  Rehabilitation  Spinal  Cord  Injury  Medicine	Provider Specialty		2081P0004X		
PROVIDER	PROVIDER SPECIALTY PRIMARY	2081P0010X	2081P0010X=Physical  Medicine  &  Rehabilitation  Pediatric  Rehabilitation  Medicine	Provider Specialty	45756817	2081P0010X		
PROVIDER	PROVIDER SPECIALTY PRIMARY	2081P2900X	2081P2900X=Physical  Medicine  &  Rehabilitation  Pain  Medicine	Provider Specialty		2081P2900X		
PROVIDER	PROVIDER SPECIALTY PRIMARY	2081S0010X	2081S0010X=Physical  Medicine  &  Rehabilitation  Sports  Medicine	Provider Specialty		2081S0010X		
PROVIDER	PROVIDER SPECIALTY PRIMARY	2082S0099X	2082S0099X=Plastic  Surgery  Plastic  Surgery  Within  the  Head  and  Neck	Provider Specialty	45756822	2082S0099X	Plastic Surgery Within the Head and Neck	
PROVIDER	PROVIDER SPECIALTY PRIMARY	2082S0105X	2082S0105X=Plastic  Surgery  Surgery  of  the  Hand	Provider Specialty		2082S0105X		
PROVIDER	PROVIDER SPECIALTY PRIMARY	2083A0100X	2083A0100X=Preventive  Medicine  Aerospace  Medicine	Provider Specialty		2083A0100X		
PROVIDER	PROVIDER SPECIALTY PRIMARY	2083A0300X	2083A0300X=Preventive Medicine Addiction Medicine	Provider Specialty		2083A0300X	Preventive Medicine Addiction Medicine	
PROVIDER	PROVIDER SPECIALTY PRIMARY	2083C0008X	2083C0008X=Preventive  Medicine  Clinical  Informatics	Provider Specialty		2083C0008X		
PROVIDER	PROVIDER SPECIALTY PRIMARY	2083P0500X	2083P0500X=Preventive  Medicine  Preventive  Medicine/Occupational  Environmental  Medicine	Provider Specialty		2083P0500X		
PROVIDER	PROVIDER SPECIALTY PRIMARY	2083P0901X	2083P0901X=Preventive  Medicine  Public  Health  &  General  Preventive  Medicine	Provider Specialty	38004503	2083P0901X	Preventive Medicine	
PROVIDER	PROVIDER SPECIALTY PRIMARY	2083S0010X	2083S0010X=Preventive  Medicine  Sports  Medicine	Provider Specialty		2083S0010X		
PROVIDER	PROVIDER SPECIALTY PRIMARY	2083T0002X	2083T0002X=Preventive  Medicine  Medical  Toxicology	Provider Specialty		2083T0002X		
PROVIDER	PROVIDER SPECIALTY PRIMARY	2083X0100X	2083X0100X=Preventive  Medicine  Occupational  Medicine	Provider Specialty		2083X0100X		
PROVIDER	PROVIDER SPECIALTY PRIMARY	2084A0401X	2084A0401X=Psychiatry  &  Neurology  Addiction  Medicine	Provider Specialty		2084A0401X		
PROVIDER	PROVIDER SPECIALTY PRIMARY	2084A2900X	2084A2900X=Psychiatry  &  Neurology  Neurocritical  Care	Provider Specialty		2084A2900X		
PROVIDER	PROVIDER SPECIALTY PRIMARY	2084H0002X	2084H0002X=Psychiatry  &  Neurology  Hospice  and  Palliative  Medicine	Provider Specialty		2084H0002X		
PROVIDER	PROVIDER SPECIALTY PRIMARY	2084N0008X	2084N0008X=Psychiatry  &  Neurology  Neuromuscular  Medicine	Provider Specialty		2084N0008X		
PROVIDER	PROVIDER SPECIALTY PRIMARY	2084N0400X	2084N0400X=Psychiatry  &  Neurology  Neurology	Provider Specialty	38004458	2084N0400X	Neurology	
PROVIDER	PROVIDER SPECIALTY PRIMARY	2084N0402X	2084N0402X=Psychiatry  &  Neurology  Neurology  with  Special  Qualifications  in  Child  Neurology	Provider Specialty	45756788	2084N0402X		
PROVIDER	PROVIDER SPECIALTY PRIMARY	2084N0600X	2084N0600X=Psychiatry  &  Neurology  Clinical  Neurophysiology	Provider Specialty	45756763	2084N0600X		
PROVIDER	PROVIDER SPECIALTY PRIMARY	2084P0015X	2084P0015X=Psychiatry  &  Neurology  Psychosomatic  Medicine	Provider Specialty		2084P0015X		
PROVIDER	PROVIDER SPECIALTY PRIMARY	2084P0800X	2084P0800X=Psychiatry  &  Neurology  Psychiatry	Provider Specialty	38004469	2084P0800X	Psychiatry	
PROVIDER	PROVIDER SPECIALTY PRIMARY	2084P0802X	2084P0802X=Psychiatry  &  Neurology  Addiction  Psychiatry	Provider Specialty		2084P0802X		
PROVIDER	PROVIDER SPECIALTY PRIMARY	2084P0804X	2084P0804X=Psychiatry  &  Neurology  Child  &  Adolescent  Psychiatry	Provider Specialty	45756756	2084P0804X	Child and Adolescent Psychiatry	
PROVIDER	PROVIDER SPECIALTY PRIMARY	2084S0010X	2084S0010X=Psychiatry  &  Neurology  Sports  Medicine	Provider Specialty		2084S0010X		
PROVIDER	PROVIDER SPECIALTY PRIMARY	2084S0012X	2084S0012X=Psychiatry  &  Neurology  Sleep  Medicine	Provider Specialty	45756827	2084S0012X	Sleep Medicine	
PROVIDER	PROVIDER SPECIALTY PRIMARY	2085B0100X	2085B0100X=Radiology  Body  Imaging	Provider Specialty		2085B0100X		
PROVIDER	PROVIDER SPECIALTY PRIMARY	2085D0003X	2085D0003X=Radiology  Diagnostic  Neuroimaging	Provider Specialty		2085D0003X		
PROVIDER	PROVIDER SPECIALTY PRIMARY	2085N0700X	2085N0700X=Radiology  Neuroradiology	Provider Specialty	45756791	2085N0700X		
PROVIDER	PROVIDER SPECIALTY PRIMARY	2085N0904X	2085N0904X=Radiology  Nuclear  Radiology	Provider Specialty	45756825	2085N0904X	Radiology	
PROVIDER	PROVIDER SPECIALTY PRIMARY	2085P0229X	2085P0229X=Radiology  Pediatric  Radiology	Provider Specialty	45756816	2085P0229X	Pediatric Radiology	
PROVIDER	PROVIDER SPECIALTY PRIMARY	2085R0001X	2085R0001X=Radiology  Radiation  Oncology	Provider Specialty	38004509	2085R0001X	Radiation Oncology	
PROVIDER	PROVIDER SPECIALTY PRIMARY	2085R0204X	2085R0204X=Radiology  Vascular  &  Interventional  Radiology	Provider Specialty	38004511	2085R0204X		
PROVIDER	PROVIDER SPECIALTY PRIMARY	2085U0001X	2085U0001X=Radiology  Diagnostic  Ultrasound	Provider Specialty		2085U0001X		
PROVIDER	PROVIDER SPECIALTY PRIMARY	2086H0002X	2086H0002X=Surgery  Hospice  and  Palliative  Medicine	Provider Specialty		2086H0002X		
PROVIDER	PROVIDER SPECIALTY PRIMARY	2086S0105X	2086S0105X=Surgery  Surgery  of  the  Hand	Provider Specialty	38004480	2086S0105X	"	Hand Surgery"	
PROVIDER	PROVIDER SPECIALTY PRIMARY	2086S0120X	2086S0120X=Surgery  Pediatric  Surgery	Provider Specialty	45756819	2086S0120X	Pediatric Surgery	
PROVIDER	PROVIDER SPECIALTY PRIMARY	2086S0129X	2086S0129X=Surgery  Vascular  Surgery	Provider Specialty	38004496	2086S0129X	Vascular Surgery	
PROVIDER	PROVIDER SPECIALTY PRIMARY	2086X0206X	2086X0206X=Surgery  Surgical  Oncology	Provider Specialty	38004508	2086X0206X	Surgical Oncology	
PROVIDER	PROVIDER SPECIALTY PRIMARY	208800000X	208800000X=Urology  	Provider Specialty	43125861	208800000X	Urology	
PROVIDER	PROVIDER SPECIALTY PRIMARY	2088F0040X	2088F0040X=Urology  Female  Pelvic  Medicine  and  Reconstructive  Surgery	Provider Specialty		2088F0040X		
PROVIDER	PROVIDER SPECIALTY PRIMARY	2088P0231X	2088P0231X=Urology  Pediatric  Urology	Provider Specialty	38004020	2088P0231X	Allopathic & Osteopathic Physicians, Urology, Pediatric Urology	
PROVIDER	PROVIDER SPECIALTY PRIMARY	208D00000X	208D00000X=General  Practice  	Provider Specialty	38004446	208D00000X	General Practice	
PROVIDER	PROVIDER SPECIALTY PRIMARY	208M00000X	208M00000X=Hospitalist  	Provider Specialty	38004515	208M00000X	Hospital	
PROVIDER	PROVIDER SPECIALTY PRIMARY	208U00000X	208U00000X=Clinical  Pharmacology  	Provider Specialty		208U00000X		
PROVIDER	PROVIDER SPECIALTY PRIMARY	208VP0014X	208VP0014X=Pain  Medicine  Interventional  Pain  Medicine	Provider Specialty		208VP0014X		
PROVIDER	PROVIDER SPECIALTY PRIMARY	209800000X	209800000X=Legal  Medicine  	Provider Specialty		209800000X		
PROVIDER	PROVIDER SPECIALTY PRIMARY	211D00000X	211D00000X=Assistant,  Podiatric  	Provider Specialty		211D00000X		
PROVIDER	PROVIDER SPECIALTY PRIMARY	213E00000X	213E00000X=Podiatrist  	Provider Specialty	38004486	213E00000X	Podiatry	
PROVIDER	PROVIDER SPECIALTY PRIMARY	213EG0000X	213EG0000X=Podiatrist  General  Practice	Provider Specialty		213EG0000X		
PROVIDER	PROVIDER SPECIALTY PRIMARY	2084B0002X	2084B0002X=Psychiatry  &  Neurology  Obesity  Medicine	Provider Specialty		2084B0002X		
PROVIDER	PROVIDER SPECIALTY PRIMARY	213EP1101X	213EP1101X=Podiatrist  Primary  Podiatric  Medicine	Provider Specialty		213EP1101X		
PROVIDER	PROVIDER SPECIALTY PRIMARY	213ES0131X	213ES0131X=Podiatrist  Foot  Surgery	Provider Specialty		213ES0131X		
PROVIDER	PROVIDER SPECIALTY PRIMARY	221700000X	221700000X=Art  Therapist  	Provider Specialty		221700000X		
PROVIDER	PROVIDER SPECIALTY PRIMARY	222Z00000X	222Z00000X=Orthotist  	Provider Specialty		222Z00000X		
PROVIDER	PROVIDER SPECIALTY PRIMARY	224900000X	224900000X=Mastectomy  Fitter  	Provider Specialty		224900000X		
PROVIDER	PROVIDER SPECIALTY PRIMARY	224L00000X	224L00000X=Pedorthist  	Provider Specialty	38004524	224L00000X	Pedorthic Personnel	
PROVIDER	PROVIDER SPECIALTY PRIMARY	224Y00000X	224Y00000X=Clinical  Exercise  Physiologist  	Provider Specialty		224Y00000X		
PROVIDER	PROVIDER SPECIALTY PRIMARY	224Z00000X	224Z00000X=Occupational  Therapy  Assistant  	Provider Specialty		224Z00000X		
PROVIDER	PROVIDER SPECIALTY PRIMARY	224ZE0001X	224ZE0001X=Occupational  Therapy  Assistant  Environmental  Modification	Provider Specialty		224ZE0001X		
PROVIDER	PROVIDER SPECIALTY PRIMARY	224ZF0002X	224ZF0002X=Occupational  Therapy  Assistant  Feeding,  Eating  &  Swallowing	Provider Specialty		224ZF0002X		
PROVIDER	PROVIDER SPECIALTY PRIMARY	224ZL0004X	224ZL0004X=Occupational  Therapy  Assistant  Low  Vision	Provider Specialty		224ZL0004X		
PROVIDER	PROVIDER SPECIALTY PRIMARY	224ZR0403X	224ZR0403X=Occupational  Therapy  Assistant  Driving  and  Community  Mobility	Provider Specialty		224ZR0403X		
PROVIDER	PROVIDER SPECIALTY PRIMARY	225000000X	225000000X=Orthotic  Fitter  	Provider Specialty		225000000X		
PROVIDER	PROVIDER SPECIALTY PRIMARY	225100000X	225100000X=Physical  Therapist  	Provider Specialty	38004490	225100000X	Physical Therapy	
PROVIDER	PROVIDER SPECIALTY PRIMARY	2251E1200X	2251E1200X=Physical  Therapist  Ergonomics	Provider Specialty		2251E1200X		
PROVIDER	PROVIDER SPECIALTY PRIMARY	2251E1300X	2251E1300X=Physical  Therapist  Electrophysiology,  Clinical	Provider Specialty		2251E1300X		
PROVIDER	PROVIDER SPECIALTY PRIMARY	2251G0304X	2251G0304X=Physical  Therapist  Geriatrics	Provider Specialty		2251G0304X		
PROVIDER	PROVIDER SPECIALTY PRIMARY	2251H1200X	2251H1200X=Physical  Therapist  Hand	Provider Specialty		2251H1200X		
PROVIDER	PROVIDER SPECIALTY PRIMARY	2251H1300X	2251H1300X=Physical  Therapist  Human  Factors	Provider Specialty		2251H1300X		
PROVIDER	PROVIDER SPECIALTY PRIMARY	2251N0400X	2251N0400X=Physical  Therapist  Neurology	Provider Specialty		2251N0400X		
PROVIDER	PROVIDER SPECIALTY PRIMARY	2251S0007X	2251S0007X=Physical  Therapist  Sports	Provider Specialty		2251S0007X		
PROVIDER	PROVIDER SPECIALTY PRIMARY	2251X0800X	2251X0800X=Physical  Therapist  Orthopedic	Provider Specialty		2251X0800X		
PROVIDER	PROVIDER SPECIALTY PRIMARY	225200000X	225200000X=Physical  Therapy  Assistant  	Provider Specialty		225200000X		
PROVIDER	PROVIDER SPECIALTY PRIMARY	225500000X	225500000X=Specialist/Technologist  	Provider Specialty		225500000X		
PROVIDER	PROVIDER SPECIALTY PRIMARY	2255A2300X	2255A2300X=Specialist/Technologist  Athletic  Trainer	Provider Specialty		2255A2300X		
PROVIDER	PROVIDER SPECIALTY PRIMARY	2255R0406X	2255R0406X=Specialist/Technologist  Rehabilitation,  Blind	Provider Specialty		2255R0406X		
PROVIDER	PROVIDER SPECIALTY PRIMARY	225600000X	225600000X=Dance  Therapist  	Provider Specialty		225600000X		
PROVIDER	PROVIDER SPECIALTY PRIMARY	225700000X	225700000X=Massage  Therapist  	Provider Specialty		225700000X		
PROVIDER	PROVIDER SPECIALTY PRIMARY	225800000X	225800000X=Recreation  Therapist  	Provider Specialty		225800000X		
PROVIDER	PROVIDER SPECIALTY PRIMARY	225A00000X	225A00000X=Music  Therapist  	Provider Specialty		225A00000X		
PROVIDER	PROVIDER SPECIALTY PRIMARY	225B00000X	225B00000X=Pulmonary  Function  Technologist  	Provider Specialty		225B00000X		
PROVIDER	PROVIDER SPECIALTY PRIMARY	225CA2500X	225CA2500X=Rehabilitation  Counselor  Assistive  Technology  Supplier	Provider Specialty		225CA2500X		
PROVIDER	PROVIDER SPECIALTY PRIMARY	225X00000X	225X00000X=Occupational  Therapist  	Provider Specialty	38004492	225X00000X	Occupational Therapy	
PROVIDER	PROVIDER SPECIALTY PRIMARY	225XE1200X	225XE1200X=Occupational  Therapist  Ergonomics	Provider Specialty		225XE1200X		
PROVIDER	PROVIDER SPECIALTY PRIMARY	225XG0600X	225XG0600X=Occupational  Therapist  Gerontology	Provider Specialty		225XG0600X		
PROVIDER	PROVIDER SPECIALTY PRIMARY	225XH1200X	225XH1200X=Occupational  Therapist  Hand	Provider Specialty		225XH1200X		
PROVIDER	PROVIDER SPECIALTY PRIMARY	225XN1300X	225XN1300X=Occupational  Therapist  Neurorehabilitation	Provider Specialty		225XN1300X		
PROVIDER	PROVIDER SPECIALTY PRIMARY	225XP0019X	225XP0019X=Occupational  Therapist  Physical  Rehabilitation	Provider Specialty		225XP0019X		
PROVIDER	PROVIDER SPECIALTY PRIMARY	225XP0200X	225XP0200X=Occupational  Therapist  Pediatrics	Provider Specialty		225XP0200X		
PROVIDER	PROVIDER SPECIALTY PRIMARY	225XR0403X	225XR0403X=Occupational  Therapist  Driving  and  Community  Mobility	Provider Specialty		225XR0403X		
PROVIDER	PROVIDER SPECIALTY PRIMARY	226300000X	226300000X=Kinesiotherapist  	Provider Specialty		226300000X		
PROVIDER	PROVIDER SPECIALTY PRIMARY	2278E1000X	2278E1000X=Respiratory  Therapist,  Certified  Educational	Provider Specialty	38004093	2278E1000X	Respiratory Developmental Rehabilitative and Restorative Service Providers Respiratory Therapist Certified Educational	
PROVIDER	PROVIDER SPECIALTY PRIMARY	2278H0200X	2278H0200X=Respiratory  Therapist,  Certified  Home  Health	Provider Specialty	38004096	2278H0200X	Respiratory Developmental Rehabilitative and Restorative Service Providers Respiratory Therapist Certified Home Health	
PROVIDER	PROVIDER SPECIALTY PRIMARY	2278P1004X	2278P1004X=Respiratory  Therapist,  Certified  Pulmonary  Diagnostics	Provider Specialty	38004097	2278P1004X	Respiratory Developmental Rehabilitative and Restorative Service Providers Respiratory Therapist Certified Pulmonary Diagnostics	
PROVIDER	PROVIDER SPECIALTY PRIMARY	2278P1005X	2278P1005X=Respiratory  Therapist,  Certified  Pulmonary  Rehabilitation	Provider Specialty	38004098	2278P1005X	Respiratory Developmental Rehabilitative and Restorative Service Providers Respiratory Therapist Certified Pulmonary Rehabilitation	
PROVIDER	PROVIDER SPECIALTY PRIMARY	2278P1006X	2278P1006X=Respiratory  Therapist,  Certified  Pulmonary  Function  Technologist	Provider Specialty	38004099	2278P1006X	Respiratory Developmental Rehabilitative and Restorative Service Providers Respiratory Therapist Certified Pulmonary Function Technologist	
PROVIDER	PROVIDER SPECIALTY PRIMARY	2278P3900X	2278P3900X=Respiratory  Therapist,  Certified  Neonatal/Pediatrics	Provider Specialty	38004101	2278P3900X	Respiratory Developmental Rehabilitative and Restorative Service Providers Respiratory Therapist Certified Neonatal/Pediatrics	
PROVIDER	PROVIDER SPECIALTY PRIMARY	2278P4000X	2278P4000X=Respiratory  Therapist,  Certified  Patient  Transport	Provider Specialty	38004102	2278P4000X	Respiratory Developmental Rehabilitative and Restorative Service Providers Respiratory Therapist Certified Patient Transport	
PROVIDER	PROVIDER SPECIALTY PRIMARY	2278S1500X	2278S1500X=Respiratory  Therapist,  Certified  SNF/Subacute  Care	Provider Specialty	38004103	2278S1500X	Respiratory Developmental Rehabilitative and Restorative Service Providers Respiratory Therapist Certified SNF/Subacute Care	
PROVIDER	PROVIDER SPECIALTY PRIMARY	2279C0205X	2279C0205X=Respiratory  Therapist,  Registered  Critical  Care	Provider Specialty	38004105	2279C0205X	Respiratory Developmental Rehabilitative and Restorative Service Providers Respiratory Therapist Registered Critical Care	
PROVIDER	PROVIDER SPECIALTY PRIMARY	2279E1000X	2279E1000X=Respiratory  Therapist,  Registered  Educational	Provider Specialty	38004107	2279E1000X	Respiratory Developmental Rehabilitative and Restorative Service Providers Respiratory Therapist Registered Educational	
PROVIDER	PROVIDER SPECIALTY PRIMARY	2279G0305X	2279G0305X=Respiratory  Therapist,  Registered  Geriatric  Care	Provider Specialty	38004108	2279G0305X	Respiratory Developmental Rehabilitative and Restorative Service Providers Respiratory Therapist Registered Geriatric Care	
PROVIDER	PROVIDER SPECIALTY PRIMARY	2279G1100X	2279G1100X=Respiratory  Therapist,  Registered  General  Care	Provider Specialty	38004109	2279G1100X	Respiratory Developmental Rehabilitative and Restorative Service Providers Respiratory Therapist Registered General Care	
PROVIDER	PROVIDER SPECIALTY PRIMARY	2279H0200X	2279H0200X=Respiratory  Therapist,  Registered  Home  Health	Provider Specialty	38004110	2279H0200X	Respiratory Developmental Rehabilitative and Restorative Service Providers Respiratory Therapist Registered Home Health	
PROVIDER	PROVIDER SPECIALTY PRIMARY	2279P1004X	2279P1004X=Respiratory  Therapist,  Registered  Pulmonary  Diagnostics	Provider Specialty	38004111	2279P1004X	Respiratory Developmental Rehabilitative and Restorative Service Providers Respiratory Therapis Registered Pulmonary Diagnostics	
PROVIDER	PROVIDER SPECIALTY PRIMARY	2279P3800X	2279P3800X=Respiratory  Therapist,  Registered  Palliative/Hospice	Provider Specialty	38004114	2279P3800X	Respiratory Developmental Rehabilitative and Restorative Service Providers Respiratory Therapist Registered Palliative/Hospice	
PROVIDER	PROVIDER SPECIALTY PRIMARY	2279P4000X	2279P4000X=Respiratory  Therapist,  Registered  Patient  Transport	Provider Specialty	38004116	2279P4000X	Respiratory Developmental Rehabilitative and Restorative Service Providers Respiratory Therapist Registered Patient Transport	
PROVIDER	PROVIDER SPECIALTY PRIMARY	2279S1500X	2279S1500X=Respiratory  Therapist,  Registered  SNF/Subacute  Care	Provider Specialty	38004117	2279S1500X	Respiratory Developmental Rehabilitative and Restorative Service Providers Respiratory Therapist Registered SNF/Subacute Care	
PROVIDER	PROVIDER SPECIALTY PRIMARY	229N00000X	229N00000X=Anaplastologist  	Provider Specialty	38004450	229N00000X	Anesthesiology	
PROVIDER	PROVIDER SPECIALTY PRIMARY	231H00000X	231H00000X=Audiologist  	Provider Specialty	38004489	231H00000X	Audiology	
PROVIDER	PROVIDER SPECIALTY PRIMARY	231HA2400X	231HA2400X=Audiologist  Assistive  Technology  Practitioner	Provider Specialty	38004489	231HA2400X	Audiology	
PROVIDER	PROVIDER SPECIALTY PRIMARY	231HA2500X	231HA2500X=Audiologist  Assistive  Technology  Supplier	Provider Specialty	38004489	231HA2500X	Audiology	
PROVIDER	PROVIDER SPECIALTY PRIMARY	235500000X	235500000X=Specialist/Technologist  	Provider Specialty		235500000X		
PROVIDER	PROVIDER SPECIALTY PRIMARY	2355A2700X	2355A2700X=Specialist/Technologist  Audiology  Assistant	Provider Specialty		2355A2700X		
PROVIDER	PROVIDER SPECIALTY PRIMARY	2355S0801X	2355S0801X=Specialist/Technologist  Speech-Language  Assistant	Provider Specialty		2355S0801X		
PROVIDER	PROVIDER SPECIALTY PRIMARY	237600000X	237600000X=Audiologist-Hearing  Aid  Fitter  	Provider Specialty	38004489	237600000X	Audiology	
PROVIDER	PROVIDER SPECIALTY PRIMARY	242T00000X	242T00000X=Perfusionist  	Provider Specialty		242T00000X		
PROVIDER	PROVIDER SPECIALTY PRIMARY	246Q00000X	246Q00000X=Spec/Tech,  Pathology  	Provider Specialty	38004466	246Q00000X		
PROVIDER	PROVIDER SPECIALTY PRIMARY	246QB0000X	246QB0000X=Spec/Tech,  Pathology  Blood  Banking	Provider Specialty		246QB0000X		
PROVIDER	PROVIDER SPECIALTY PRIMARY	246QC1000X	246QC1000X=Spec/Tech,  Pathology  Chemistry	Provider Specialty		246QC1000X		
PROVIDER	PROVIDER SPECIALTY PRIMARY	246QC2700X	246QC2700X=Spec/Tech,  Pathology  Cytotechnology	Provider Specialty		246QC2700X		
PROVIDER	PROVIDER SPECIALTY PRIMARY	246QH0600X	246QH0600X=Spec/Tech,  Pathology  Histology	Provider Specialty		246QH0600X		
PROVIDER	PROVIDER SPECIALTY PRIMARY	246QI0000X	246QI0000X=Spec/Tech,  Pathology  Immunology	Provider Specialty		246QI0000X		
PROVIDER	PROVIDER SPECIALTY PRIMARY	246QL0900X	246QL0900X=Spec/Tech,  Pathology  Laboratory  Management	Provider Specialty		246QL0900X		
PROVIDER	PROVIDER SPECIALTY PRIMARY	246QL0901X	246QL0901X=Spec/Tech,  Pathology  Laboratory  Management,  Diplomate	Provider Specialty		246QL0901X		
PROVIDER	PROVIDER SPECIALTY PRIMARY	246QM0900X	246QM0900X=Spec/Tech,  Pathology  Microbiology	Provider Specialty		246QM0900X		
PROVIDER	PROVIDER SPECIALTY PRIMARY	246R00000X	246R00000X=Technician,  Pathology  	Provider Specialty		246R00000X		
PROVIDER	PROVIDER SPECIALTY PRIMARY	246RM2200X	246RM2200X=Technician,  Pathology  Medical  Laboratory	Provider Specialty		246RM2200X		
PROVIDER	PROVIDER SPECIALTY PRIMARY	246RP1900X	246RP1900X=Technician,  Pathology  Phlebotomy	Provider Specialty		246RP1900X		
PROVIDER	PROVIDER SPECIALTY PRIMARY	246X00000X	246X00000X=Spec/Tech,  Cardiovascular  	Provider Specialty		246X00000X		
PROVIDER	PROVIDER SPECIALTY PRIMARY	246XC2901X	246XC2901X=Spec/Tech,  Cardiovascular  Cardiovascular  Invasive  Specialist	Provider Specialty		246XC2901X		
PROVIDER	PROVIDER SPECIALTY PRIMARY	246XC2903X	246XC2903X=Spec/Tech,  Cardiovascular  Vascular  Specialist	Provider Specialty		246XC2903X		
PROVIDER	PROVIDER SPECIALTY PRIMARY	246Y00000X	246Y00000X=Spec/Tech,  Health  Info  	Provider Specialty		246Y00000X		
PROVIDER	PROVIDER SPECIALTY PRIMARY	246YC3301X	246YC3301X=Spec/Tech,  Health  Info  Coding  Specialist,  Hospital  Based	Provider Specialty		246YC3301X		
PROVIDER	PROVIDER SPECIALTY PRIMARY	246YC3302X	246YC3302X=Spec/Tech,  Health  Info  Coding  Specialist,  Physician  Office  Based	Provider Specialty		246YC3302X		
PROVIDER	PROVIDER SPECIALTY PRIMARY	246Z00000X	246Z00000X=Specialist/Technologist,  Other  	Provider Specialty		246Z00000X		
PROVIDER	PROVIDER SPECIALTY PRIMARY	246ZB0301X	246ZB0301X=Specialist/Technologist,  Other  Biomedical  Engineering	Provider Specialty		246ZB0301X		
PROVIDER	PROVIDER SPECIALTY PRIMARY	246ZB0302X	246ZB0302X=Specialist/Technologist,  Other  Biomedical  Photographer	Provider Specialty		246ZB0302X		
PROVIDER	PROVIDER SPECIALTY PRIMARY	246ZB0500X	246ZB0500X=Specialist/Technologist,  Other  Biochemist	Provider Specialty		246ZB0500X		
PROVIDER	PROVIDER SPECIALTY PRIMARY	246ZB0600X	246ZB0600X=Specialist/Technologist,  Other  Biostatistician	Provider Specialty		246ZB0600X		
PROVIDER	PROVIDER SPECIALTY PRIMARY	246ZC0007X	246ZC0007X=Specialist/Technologist,  Other  Surgical  Assistant	Provider Specialty		246ZC0007X		
PROVIDER	PROVIDER SPECIALTY PRIMARY	246ZE0500X	246ZE0500X=Specialist/Technologist,  Other  EEG	Provider Specialty		246ZE0500X		
PROVIDER	PROVIDER SPECIALTY PRIMARY	246ZG0701X	246ZG0701X=Specialist/Technologist,  Other  Graphics  Methods	Provider Specialty		246ZG0701X		
PROVIDER	PROVIDER SPECIALTY PRIMARY	246ZS0410X	246ZS0410X=Specialist/Technologist,  Other  Surgical  Technologist	Provider Specialty		246ZS0410X		
PROVIDER	PROVIDER SPECIALTY PRIMARY	246ZX2200X	246ZX2200X=Specialist/Technologist,  Other  Orthopedic  Assistant	Provider Specialty		246ZX2200X		
PROVIDER	PROVIDER SPECIALTY PRIMARY	247000000X	247000000X=Technician,  Health  Information  	Provider Specialty		247000000X		
PROVIDER	PROVIDER SPECIALTY PRIMARY	2470A2800X	2470A2800X=Technician,  Health  Information  Assistant  Record  Technician	Provider Specialty		2470A2800X		
PROVIDER	PROVIDER SPECIALTY PRIMARY	247100000X	247100000X=Radiologic  Technologist  	Provider Specialty		247100000X		
PROVIDER	PROVIDER SPECIALTY PRIMARY	2471B0102X	2471B0102X=Radiologic  Technologist  Bone  Densitometry	Provider Specialty		2471B0102X		
PROVIDER	PROVIDER SPECIALTY PRIMARY	2471C3402X	2471C3402X=Radiologic  Technologist  Radiography	Provider Specialty	38004696	2471C3402X	Radiation Therapy Center	
PROVIDER	PROVIDER SPECIALTY PRIMARY	2471M2300X	2471M2300X=Radiologic  Technologist  Mammography	Provider Specialty		2471M2300X		
PROVIDER	PROVIDER SPECIALTY PRIMARY	2471S1302X	2471S1302X=Radiologic  Technologist  Sonography	Provider Specialty		2471S1302X		
PROVIDER	PROVIDER SPECIALTY PRIMARY	2471V0105X	2471V0105X=Radiologic  Technologist  Vascular  Sonography	Provider Specialty		2471V0105X		
PROVIDER	PROVIDER SPECIALTY PRIMARY	2471V0106X	2471V0106X=Radiologic  Technologist  Vascular-Interventional  Technology	Provider Specialty	45756833	2471V0106X		
PROVIDER	PROVIDER SPECIALTY PRIMARY	247200000X	247200000X=Technician,  Other  	Provider Specialty		247200000X		
PROVIDER	PROVIDER SPECIALTY PRIMARY	2472B0301X	2472B0301X=Technician,  Other  Biomedical  Engineering	Provider Specialty		2472B0301X		
PROVIDER	PROVIDER SPECIALTY PRIMARY	2472D0500X	2472D0500X=Technician,  Other  Darkroom	Provider Specialty		2472D0500X		
PROVIDER	PROVIDER SPECIALTY PRIMARY	2472R0900X	2472R0900X=Technician,  Other  Renal  Dialysis	Provider Specialty		2472R0900X		
PROVIDER	PROVIDER SPECIALTY PRIMARY	2472V0600X	2472V0600X=Technician,  Other  Veterinary	Provider Specialty		2472V0600X		
PROVIDER	PROVIDER SPECIALTY PRIMARY	247ZC0005X	247ZC0005X=Pathology  Clinical  Laboratory  Director,  Non-physician	Provider Specialty	38004692	247ZC0005X		
PROVIDER	PROVIDER SPECIALTY PRIMARY	251B00000X	251B00000X=Case  Management  	Provider Specialty		251B00000X		
PROVIDER	PROVIDER SPECIALTY PRIMARY	251E00000X	251E00000X=Home  Health  	Provider Specialty	38004519	251E00000X	Home Health Agency	
PROVIDER	PROVIDER SPECIALTY PRIMARY	251G00000X	251G00000X=Hospice  Care,  Community  Based  	Provider Specialty		251G00000X		
PROVIDER	PROVIDER SPECIALTY PRIMARY	251J00000X	251J00000X=Nursing  Care  	Provider Specialty		251J00000X		
PROVIDER	PROVIDER SPECIALTY PRIMARY	251K00000X	251K00000X=Public  Health  or  Welfare  	Provider Specialty	38004689	251K00000X	Public Health or Welfare Agency	
PROVIDER	PROVIDER SPECIALTY PRIMARY	251S00000X	251S00000X=Community/Behavioral  Health  	Provider Specialty		251S00000X		
PROVIDER	PROVIDER SPECIALTY PRIMARY	251T00000X	251T00000X=PACE  Provider  Organization  	Provider Specialty		251T00000X		
PROVIDER	PROVIDER SPECIALTY PRIMARY	251V00000X	251V00000X=Voluntary  or  Charitable  	Provider Specialty	38004690	251V00000X	Voluntary Health or Charitable Agency	
PROVIDER	PROVIDER SPECIALTY PRIMARY	253Z00000X	253Z00000X=In  Home  Supportive  Care  	Provider Specialty		253Z00000X		
PROVIDER	PROVIDER SPECIALTY PRIMARY	261Q00000X	261Q00000X=Clinic/Center  	Provider Specialty	38004693	261Q00000X	Clinic or Group Practice	
PROVIDER	PROVIDER SPECIALTY PRIMARY	261QA0005X	261QA0005X=Clinic/Center  Ambulatory  Family  Planning  Facility	Provider Specialty		261QA0005X		
PROVIDER	PROVIDER SPECIALTY PRIMARY	261QA0006X	261QA0006X=Clinic/Center  Ambulatory  Fertility  Facility	Provider Specialty		261QA0006X		
PROVIDER	PROVIDER SPECIALTY PRIMARY	261QA0600X	261QA0600X=Clinic/Center  Adult  Day  Care	Provider Specialty		261QA0600X		
PROVIDER	PROVIDER SPECIALTY PRIMARY	261QA0900X	261QA0900X=Clinic/Center  Amputee	Provider Specialty		261QA0900X		
PROVIDER	PROVIDER SPECIALTY PRIMARY	261QA3000X	261QA3000X=Clinic/Center  Augmentative  Communication	Provider Specialty		261QA3000X		
PROVIDER	PROVIDER SPECIALTY PRIMARY	261QC1500X	261QC1500X=Clinic/Center  Community  Health	Provider Specialty		261QC1500X		
PROVIDER	PROVIDER SPECIALTY PRIMARY	261QC1800X	261QC1800X=Clinic/Center  Corporate  Health	Provider Specialty		261QC1800X		
PROVIDER	PROVIDER SPECIALTY PRIMARY	261QD0000X	261QD0000X=Clinic/Center  Dental	Provider Specialty		261QD0000X		
PROVIDER	PROVIDER SPECIALTY PRIMARY	261QE0002X	261QE0002X=Clinic/Center  Emergency  Care	Provider Specialty		261QE0002X		
PROVIDER	PROVIDER SPECIALTY PRIMARY	261QE0700X	261QE0700X=Clinic/Center  End-Stage  Renal  Disease  (ESRD)  Treatment	Provider Specialty		261QE0700X		
PROVIDER	PROVIDER SPECIALTY PRIMARY	261QE0800X	261QE0800X=Clinic/Center  Endoscopy	Provider Specialty		261QE0800X		
PROVIDER	PROVIDER SPECIALTY PRIMARY	261QF0050X	261QF0050X=Clinic/Center  Family  Planning,  Non-Surgical	Provider Specialty		261QF0050X		
PROVIDER	PROVIDER SPECIALTY PRIMARY	261QF0400X	261QF0400X=Clinic/Center  Federally  Qualified  Health  Center  (FQHC)	Provider Specialty		261QF0400X		
PROVIDER	PROVIDER SPECIALTY PRIMARY	261QH0100X	261QH0100X=Clinic/Center  Health  Service	Provider Specialty		261QH0100X		
PROVIDER	PROVIDER SPECIALTY PRIMARY	261QH0700X	261QH0700X=Clinic/Center  Hearing  and  Speech	Provider Specialty		261QH0700X		
PROVIDER	PROVIDER SPECIALTY PRIMARY	261QI0500X	261QI0500X=Clinic/Center  Infusion  Therapy	Provider Specialty		261QI0500X		
PROVIDER	PROVIDER SPECIALTY PRIMARY	261QL0400X	261QL0400X=Clinic/Center  Lithotripsy	Provider Specialty		261QL0400X		
PROVIDER	PROVIDER SPECIALTY PRIMARY	261QM0801X	261QM0801X=Clinic/Center  Mental  Health  (Including  Community  Mental  Health  Center)	Provider Specialty		261QM0801X		
PROVIDER	PROVIDER SPECIALTY PRIMARY	261QM0850X	261QM0850X=Clinic/Center  Adult  Mental  Health	Provider Specialty		261QM0850X		
PROVIDER	PROVIDER SPECIALTY PRIMARY	261QM0855X	261QM0855X=Clinic/Center  Adolescent  and  Children  Mental  Health	Provider Specialty		261QM0855X		
PROVIDER	PROVIDER SPECIALTY PRIMARY	261QM1100X	261QM1100X=Clinic/Center  Military/U.S.  Coast  Guard  Outpatient	Provider Specialty		261QM1100X		
PROVIDER	PROVIDER SPECIALTY PRIMARY	261QM1102X	261QM1102X=Clinic/Center  Military  Outpatient  Operational  (Transportable)  Component	Provider Specialty		261QM1102X		
PROVIDER	PROVIDER SPECIALTY PRIMARY	261QM1200X	261QM1200X=Clinic/Center  Magnetic  Resonance  Imaging  (MRI)	Provider Specialty		261QM1200X		
PROVIDER	PROVIDER SPECIALTY PRIMARY	261QM2500X	261QM2500X=Clinic/Center  Medical  Specialty	Provider Specialty		261QM2500X		
PROVIDER	PROVIDER SPECIALTY PRIMARY	261QM3000X	261QM3000X=Clinic/Center  Medically  Fragile  Intants  and  Children  Day  Care	Provider Specialty		261QM3000X		
PROVIDER	PROVIDER SPECIALTY PRIMARY	261QP0905X	261QP0905X=Clinic/Center  Public  Health,  State  or  Local	Provider Specialty		261QP0905X		
PROVIDER	PROVIDER SPECIALTY PRIMARY	261QP2000X	261QP2000X=Clinic/Center  Physical  Therapy	Provider Specialty		261QP2000X		
PROVIDER	PROVIDER SPECIALTY PRIMARY	261QP2300X	261QP2300X=Clinic/Center  Primary  Care	Provider Specialty		261QP2300X		
PROVIDER	PROVIDER SPECIALTY PRIMARY	261QP2400X	261QP2400X=Clinic/Center  Prison  Health	Provider Specialty		261QP2400X		
PROVIDER	PROVIDER SPECIALTY PRIMARY	261QP3300X	261QP3300X=Clinic/Center  Pain	Provider Specialty		261QP3300X		
PROVIDER	PROVIDER SPECIALTY PRIMARY	261QR0206X	261QR0206X=Clinic/Center  Radiology,  Mammography	Provider Specialty		261QR0206X		
PROVIDER	PROVIDER SPECIALTY PRIMARY	261QR0207X	261QR0207X=Clinic/Center  Radiology,  Mobile  Mammography	Provider Specialty		261QR0207X		
PROVIDER	PROVIDER SPECIALTY PRIMARY	261QR0208X	261QR0208X=Clinic/Center  Radiology,  Mobile	Provider Specialty		261QR0208X		
PROVIDER	PROVIDER SPECIALTY PRIMARY	261QR0400X	261QR0400X=Clinic/Center  Rehabilitation	Provider Specialty		261QR0400X		
PROVIDER	PROVIDER SPECIALTY PRIMARY	261QR0401X	261QR0401X=Clinic/Center  Rehabilitation,  Comprehensive  Outpatient  Rehabilitation  Facility  (CORF)	Provider Specialty		261QR0401X		
PROVIDER	PROVIDER SPECIALTY PRIMARY	261QR0404X	261QR0404X=Clinic/Center  Rehabilitation,  Cardiac  Facilities	Provider Specialty		261QR0404X		
PROVIDER	PROVIDER SPECIALTY PRIMARY	261QR1100X	261QR1100X=Clinic/Center  Research	Provider Specialty		261QR1100X		
PROVIDER	PROVIDER SPECIALTY PRIMARY	251F00000X	251F00000X=Home  Infusion  	Provider Specialty		251F00000X		
PROVIDER	PROVIDER SPECIALTY PRIMARY	261QB0400X	261QB0400X=Clinic/Center  Birthing	Provider Specialty		261QB0400X		
PROVIDER	PROVIDER SPECIALTY PRIMARY	261QR1300X	261QR1300X=Clinic/Center  Rural  Health	Provider Specialty		261QR1300X		
PROVIDER	PROVIDER SPECIALTY PRIMARY	261QS0112X	261QS0112X=Clinic/Center  Oral  and  Maxillofacial  Surgery	Provider Specialty	38004261	261QS0112X		
PROVIDER	PROVIDER SPECIALTY PRIMARY	261QS0132X	261QS0132X=Clinic/Center  Ophthalmologic  Surgery	Provider Specialty		261QS0132X		
PROVIDER	PROVIDER SPECIALTY PRIMARY	261QS1000X	261QS1000X=Clinic/Center  Student  Health	Provider Specialty		261QS1000X		
PROVIDER	PROVIDER SPECIALTY PRIMARY	261QS1200X	261QS1200X=Clinic/Center  Sleep  Disorder  Diagnostic	Provider Specialty		261QS1200X		
PROVIDER	PROVIDER SPECIALTY PRIMARY	261QU0200X	261QU0200X=Clinic/Center  Urgent  Care	Provider Specialty		261QU0200X		
PROVIDER	PROVIDER SPECIALTY PRIMARY	261QV0200X	261QV0200X=Clinic/Center  VA	Provider Specialty		261QV0200X		
PROVIDER	PROVIDER SPECIALTY PRIMARY	261QX0100X	261QX0100X=Clinic/Center  Occupational  Medicine	Provider Specialty		261QX0100X		
PROVIDER	PROVIDER SPECIALTY PRIMARY	261QX0200X	261QX0200X=Clinic/Center  Oncology	Provider Specialty		261QX0200X		
PROVIDER	PROVIDER SPECIALTY PRIMARY	273100000X	273100000X=Epilepsy  Unit  	Provider Specialty	45756772	273100000X	Epilepsy	
PROVIDER	PROVIDER SPECIALTY PRIMARY	273Y00000X	273Y00000X=Rehabilitation  Unit  	Provider Specialty	38004526	273Y00000X	Rehabilitation Agency	
PROVIDER	PROVIDER SPECIALTY PRIMARY	275N00000X	275N00000X=Medicare  Defined  Swing  Bed  Unit  	Provider Specialty		275N00000X		
PROVIDER	PROVIDER SPECIALTY PRIMARY	276400000X	276400000X=Rehabilitation,  Substance  Use  Disorder  Unit  	Provider Specialty		276400000X		
PROVIDER	PROVIDER SPECIALTY PRIMARY	281P00000X	281P00000X=Chronic  Disease  Hospital  	Provider Specialty		281P00000X		
PROVIDER	PROVIDER SPECIALTY PRIMARY	281PC2000X	281PC2000X=Chronic  Disease  Hospital  Children	Provider Specialty		281PC2000X		
PROVIDER	PROVIDER SPECIALTY PRIMARY	282E00000X	282E00000X=Long  Term  Care  Hospital  	Provider Specialty		282E00000X		
PROVIDER	PROVIDER SPECIALTY PRIMARY	282J00000X	282J00000X=Religious  Nonmedical  Health  Care  Institution  	Provider Specialty		282J00000X		
PROVIDER	PROVIDER SPECIALTY PRIMARY	282N00000X	282N00000X=General  Acute  Care  Hospital  	Provider Specialty		282N00000X		
PROVIDER	PROVIDER SPECIALTY PRIMARY	282NC0060X	282NC0060X=General  Acute  Care  Hospital  Critical  Access	Provider Specialty		282NC0060X		
PROVIDER	PROVIDER SPECIALTY PRIMARY	282NC2000X	282NC2000X=General  Acute  Care  Hospital  Children	Provider Specialty		282NC2000X		
PROVIDER	PROVIDER SPECIALTY PRIMARY	282NR1301X	282NR1301X=General  Acute  Care  Hospital  Rural	Provider Specialty		282NR1301X		
PROVIDER	PROVIDER SPECIALTY PRIMARY	282NW0100X	282NW0100X=General  Acute  Care  Hospital  Women	Provider Specialty		282NW0100X		
PROVIDER	PROVIDER SPECIALTY PRIMARY	283Q00000X	283Q00000X=Psychiatric  Hospital  	Provider Specialty		283Q00000X		
PROVIDER	PROVIDER SPECIALTY PRIMARY	286500000X	286500000X=Military  Hospital  	Provider Specialty		286500000X		
PROVIDER	PROVIDER SPECIALTY PRIMARY	2865C1500X	2865C1500X=Military  Hospital  Community  Health	Provider Specialty		2865C1500X		
PROVIDER	PROVIDER SPECIALTY PRIMARY	2865M2000X	2865M2000X=Military  Hospital  Military  General  Acute  Care  Hospital	Provider Specialty		2865M2000X		
PROVIDER	PROVIDER SPECIALTY PRIMARY	2865X1600X	2865X1600X=Military  Hospital  Military  General  Acute  Care  Hospital.  Operational  (Transportable)	Provider Specialty		2865X1600X		
PROVIDER	PROVIDER SPECIALTY PRIMARY	287300000X	287300000X=Christian  Science  Sanitorium  	Provider Specialty		287300000X		
PROVIDER	PROVIDER SPECIALTY PRIMARY	291U00000X	291U00000X=Clinical  Medical  Laboratory  	Provider Specialty		291U00000X		
PROVIDER	PROVIDER SPECIALTY PRIMARY	292200000X	292200000X=Dental  Laboratory  	Provider Specialty		292200000X		
PROVIDER	PROVIDER SPECIALTY PRIMARY	293D00000X	293D00000X=Physiological  Laboratory  	Provider Specialty		293D00000X		
PROVIDER	PROVIDER SPECIALTY PRIMARY	302F00000X	302F00000X=Exclusive  Provider  Organization  	Provider Specialty		302F00000X		
PROVIDER	PROVIDER SPECIALTY PRIMARY	305R00000X	305R00000X=Preferred  Provider  Organization  	Provider Specialty		305R00000X		
PROVIDER	PROVIDER SPECIALTY PRIMARY	3104A0625X	3104A0625X=Assisted  Living  Facility  Assisted  Living,  Mental  Illness	Provider Specialty		3104A0625X		
PROVIDER	PROVIDER SPECIALTY PRIMARY	3104A0630X	3104A0630X=Assisted  Living  Facility  Assisted  Living,  Behavioral  Disturbances	Provider Specialty		3104A0630X		
PROVIDER	PROVIDER SPECIALTY PRIMARY	310500000X	310500000X=Intermediate  Care  Facility,  Mental  Illness  	Provider Specialty		310500000X		
PROVIDER	PROVIDER SPECIALTY PRIMARY	311500000X	311500000X=Alzheimer  Center  (Dementia  Center)  	Provider Specialty		311500000X		
PROVIDER	PROVIDER SPECIALTY PRIMARY	311Z00000X	311Z00000X=Custodial  Care  Facility  	Provider Specialty		311Z00000X		
PROVIDER	PROVIDER SPECIALTY PRIMARY	313M00000X	313M00000X=Nursing  Facility/Intermediate  Care  Facility  	Provider Specialty		313M00000X		
PROVIDER	PROVIDER SPECIALTY PRIMARY	314000000X	314000000X=Skilled  Nursing  Facility  	Provider Specialty	38004516	314000000X	Skilled Nursing Facility	
PROVIDER	PROVIDER SPECIALTY PRIMARY	3140N1450X	3140N1450X=Skilled  Nursing  Facility  Nursing  Care,  Pediatric	Provider Specialty		3140N1450X		
PROVIDER	PROVIDER SPECIALTY PRIMARY	315D00000X	315D00000X=Hospice,  Inpatient  	Provider Specialty	38004462	315D00000X	Hospice And Palliative Care	
PROVIDER	PROVIDER SPECIALTY PRIMARY	315P00000X	315P00000X=Intermediate  Care  Facility,  Mentally  Retarded  	Provider Specialty		315P00000X		
PROVIDER	PROVIDER SPECIALTY PRIMARY	317400000X	317400000X=Christian  Science  Facility  	Provider Specialty		317400000X		
PROVIDER	PROVIDER SPECIALTY PRIMARY	320700000X	320700000X=Residential  Treatment  Facility,  Physical  Disabilities  	Provider Specialty	38004315	320700000X	Residential Treatment Facilities Residential Treatment Facility Physical Disabilities	
PROVIDER	PROVIDER SPECIALTY PRIMARY	320800000X	320800000X=Community  Based  Residential  Treatment  Facility,  Mental  Illness  	Provider Specialty		320800000X		
PROVIDER	PROVIDER SPECIALTY PRIMARY	320900000X	320900000X=Community  Based  Residential  Treatment,  Mental  Retardation  and/or  Developmental  Disabilities  	Provider Specialty		320900000X		
PROVIDER	PROVIDER SPECIALTY PRIMARY	323P00000X	323P00000X=Psychiatric  Residential  Treatment  Facility  	Provider Specialty		323P00000X		
PROVIDER	PROVIDER SPECIALTY PRIMARY	324500000X	324500000X=Substance  Abuse  Rehabilitation  Facility  	Provider Specialty		324500000X		
PROVIDER	PROVIDER SPECIALTY PRIMARY	331L00000X	331L00000X=Blood  Bank  	Provider Specialty	45756752	331L00000X	Blood Banking/Transfusion Medicine	
PROVIDER	PROVIDER SPECIALTY PRIMARY	332100000X	332100000X=Department  of  Veterans  Affairs  (VA)  Pharmacy  	Provider Specialty		332100000X		
PROVIDER	PROVIDER SPECIALTY PRIMARY	332B00000X	332B00000X=Durable  Medical  Equipment  &  Medical  Supplies  	Provider Specialty		332B00000X		
PROVIDER	PROVIDER SPECIALTY PRIMARY	332BC3200X	332BC3200X=Durable  Medical  Equipment  &  Medical  Supplies  Customized  Equipment	Provider Specialty		332BC3200X		
PROVIDER	PROVIDER SPECIALTY PRIMARY	332BD1200X	332BD1200X=Durable  Medical  Equipment  &  Medical  Supplies  Dialysis  Equipment  &  Supplies	Provider Specialty		332BD1200X		
PROVIDER	PROVIDER SPECIALTY PRIMARY	332BN1400X	332BN1400X=Durable  Medical  Equipment  &  Medical  Supplies  Nursing  Facility  Supplies	Provider Specialty		332BN1400X		
PROVIDER	PROVIDER SPECIALTY PRIMARY	332BX2000X	332BX2000X=Durable  Medical  Equipment  &  Medical  Supplies  Oxygen  Equipment  &  Supplies	Provider Specialty		332BX2000X		
PROVIDER	PROVIDER SPECIALTY PRIMARY	332G00000X	332G00000X=Eye  Bank  	Provider Specialty		332G00000X		
PROVIDER	PROVIDER SPECIALTY PRIMARY	332H00000X	332H00000X=Eyewear  Supplier  (Equipment,  not  the  service)  	Provider Specialty		332H00000X		
PROVIDER	PROVIDER SPECIALTY PRIMARY	332S00000X	332S00000X=Hearing    Aid  Equipment  	Provider Specialty		332S00000X		
PROVIDER	PROVIDER SPECIALTY PRIMARY	332U00000X	332U00000X=Home  Delivered  Meals  	Provider Specialty		332U00000X		
PROVIDER	PROVIDER SPECIALTY PRIMARY	333600000X	333600000X=Pharmacy  	Provider Specialty	38004520	333600000X	Pharmacy	
PROVIDER	PROVIDER SPECIALTY PRIMARY	3336C0002X	3336C0002X=Pharmacy  Clinic  Pharmacy	Provider Specialty		3336C0002X		
PROVIDER	PROVIDER SPECIALTY PRIMARY	3336C0003X	3336C0003X=Pharmacy  Community/Retail  Pharmacy	Provider Specialty		3336C0003X		
PROVIDER	PROVIDER SPECIALTY PRIMARY	3336C0004X	3336C0004X=Pharmacy  Compounding  Pharmacy	Provider Specialty		3336C0004X		
PROVIDER	PROVIDER SPECIALTY PRIMARY	3336H0001X	3336H0001X=Pharmacy  Home  Infusion  Therapy  Pharmacy	Provider Specialty		3336H0001X		
PROVIDER	PROVIDER SPECIALTY PRIMARY	3336I0012X	3336I0012X=Pharmacy  Institutional  Pharmacy	Provider Specialty		3336I0012X		
PROVIDER	PROVIDER SPECIALTY PRIMARY	3336L0003X	3336L0003X=Pharmacy  Long  Term  Care  Pharmacy	Provider Specialty		3336L0003X		
PROVIDER	PROVIDER SPECIALTY PRIMARY	3336M0003X	3336M0003X=Pharmacy  Managed  Care  Organization  Pharmacy	Provider Specialty		3336M0003X		
PROVIDER	PROVIDER SPECIALTY PRIMARY	3336S0011X	3336S0011X=Pharmacy  Specialty  Pharmacy	Provider Specialty		3336S0011X		
PROVIDER	PROVIDER SPECIALTY PRIMARY	335E00000X	335E00000X=Prosthetic/Orthotic  Supplier  	Provider Specialty		335E00000X		
PROVIDER	PROVIDER SPECIALTY PRIMARY	335G00000X	335G00000X=Medical  Foods  Supplier  	Provider Specialty		335G00000X		
PROVIDER	PROVIDER SPECIALTY PRIMARY	335U00000X	335U00000X=Organ  Procurement  Organization  	Provider Specialty		335U00000X		
PROVIDER	PROVIDER SPECIALTY PRIMARY	335V00000X	335V00000X=Portable  X-ray  and/or  Other  Portable  Diagnostic  Imaging  Supplier  	Provider Specialty	38004691	335V00000X	Portable X-Ray Supplier	
PROVIDER	PROVIDER SPECIALTY PRIMARY	341600000X	341600000X=Ambulance  	Provider Specialty	38004688	341600000X	Ambulance Service Provider	
PROVIDER	PROVIDER SPECIALTY PRIMARY	3416A0800X	3416A0800X=Ambulance  Air  Transport	Provider Specialty	38004688	3416A0800X	Ambulance Service Provider	
PROVIDER	PROVIDER SPECIALTY PRIMARY	3416L0300X	3416L0300X=Ambulance  Land  Transport	Provider Specialty	38004688	3416L0300X	Ambulance Service Provider	
PROVIDER	PROVIDER SPECIALTY PRIMARY	341800000X	341800000X=Military/U.S.  Coast  Guard  Transport  	Provider Specialty		341800000X		
PROVIDER	PROVIDER SPECIALTY PRIMARY	3418M1120X	3418M1120X=Military/U.S.  Coast  Guard  Transport  Military  or  U.S.  Coast  Guard  Ambulance,  Air  Transport	Provider Specialty		3418M1120X		
PROVIDER	PROVIDER SPECIALTY PRIMARY	3418M1130X	3418M1130X=Military/U.S.  Coast  Guard  Transport  Military  or  U.S.  Coast  Guard  Ambulance,  Water  Transport	Provider Specialty		3418M1130X		
PROVIDER	PROVIDER SPECIALTY PRIMARY	343800000X	343800000X=Secured  Medical  Transport  (VAN)  	Provider Specialty		343800000X		
PROVIDER	PROVIDER SPECIALTY PRIMARY	343900000X	343900000X=Non-emergency  Medical  Transport  (VAN)  	Provider Specialty		343900000X		
PROVIDER	PROVIDER SPECIALTY PRIMARY	344600000X	344600000X=Taxi  	Provider Specialty		344600000X		
PROVIDER	PROVIDER SPECIALTY PRIMARY	344800000X	344800000X=Air  Carrier  	Provider Specialty		344800000X		
PROVIDER	PROVIDER SPECIALTY PRIMARY	347B00000X	347B00000X=Bus  	Provider Specialty		347B00000X		
PROVIDER	PROVIDER SPECIALTY PRIMARY	347C00000X	347C00000X=Private  Vehicle  	Provider Specialty		347C00000X		
PROVIDER	PROVIDER SPECIALTY PRIMARY	347D00000X	347D00000X=Train  	Provider Specialty	38004367	347D00000X	Transportation Services Train	
PROVIDER	PROVIDER SPECIALTY PRIMARY	347E00000X	347E00000X=Transportation  Broker  	Provider Specialty		347E00000X		
PROVIDER	PROVIDER SPECIALTY PRIMARY	363A00000X	363A00000X=Physician  Assistant  	Provider Specialty	38004512	363A00000X	Physician Assistant	
PROVIDER	PROVIDER SPECIALTY PRIMARY	363AM0700X	363AM0700X=Physician  Assistant  Medical	Provider Specialty	38004370	363AM0700X	Physician Assistants & Advanced Practice Nursing Providers Physician Assistant Medical	
PROVIDER	PROVIDER SPECIALTY PRIMARY	363AS0400X	363AS0400X=Physician  Assistant  Surgical  Technologist	Provider Specialty	38004371	363AS0400X	Physician Assistants & Advanced Practice Nursing Providers Physician Assistant Surgical	
PROVIDER	PROVIDER SPECIALTY PRIMARY	363L00000X	363L00000X=Nurse  Practitioner  	Provider Specialty	38003716	363L00000X	Nursing Service Providers Registered Nurse	
PROVIDER	PROVIDER SPECIALTY PRIMARY	363LA2100X	363LA2100X=Nurse  Practitioner  Acute  Care	Provider Specialty		363LA2100X		
PROVIDER	PROVIDER SPECIALTY PRIMARY	363LA2200X	363LA2200X=Nurse  Practitioner  Adult  Health	Provider Specialty		363LA2200X		
PROVIDER	PROVIDER SPECIALTY PRIMARY	363LC0200X	363LC0200X=Nurse  Practitioner  Critical  Care  Medicine	Provider Specialty		363LC0200X		
PROVIDER	PROVIDER SPECIALTY PRIMARY	363LG0600X	363LG0600X=Nurse  Practitioner  Gerontology	Provider Specialty	38003733	363LG0600X	Nursing Service Providers Registered Nurse Gerontology	
PROVIDER	PROVIDER SPECIALTY PRIMARY	363LN0000X	363LN0000X=Nurse  Practitioner  Neonatal	Provider Specialty	38003744	363LN0000X	Nursing Service Providers Registered Nurse Neonatal Low-Risk	
PROVIDER	PROVIDER SPECIALTY PRIMARY	363LN0005X	363LN0005X=Nurse  Practitioner  Neonatal,  Critical  Care	Provider Specialty	38003743	363LN0005X	Nursing Service Providers Registered Nurse Neonatal Intensive Care	
PROVIDER	PROVIDER SPECIALTY PRIMARY	363LP0200X	363LP0200X=Nurse  Practitioner  Pediatrics	Provider Specialty	38003749	363LP0200X	Nursing Service Providers Registered Nurse Pediatrics	
PROVIDER	PROVIDER SPECIALTY PRIMARY	363LP0222X	363LP0222X=Nurse  Practitioner  Pediatrics,  Critical  Care	Provider Specialty		363LP0222X		
PROVIDER	PROVIDER SPECIALTY PRIMARY	363LP0808X	363LP0808X=Nurse  Practitioner  Psych/Mental  Health	Provider Specialty	38003752	363LP0808X	Nursing Service Providers Registered Nurse Psych/Mental Health	
PROVIDER	PROVIDER SPECIALTY PRIMARY	363LP1700X	363LP1700X=Nurse  Practitioner  Perinatal	Provider Specialty	38003754	363LP1700X	Nursing Service Providers Registered Nurse Perinatal	
PROVIDER	PROVIDER SPECIALTY PRIMARY	363LP2300X	363LP2300X=Nurse  Practitioner  Primary  Care	Provider Specialty		363LP2300X		
PROVIDER	PROVIDER SPECIALTY PRIMARY	363LS0200X	363LS0200X=Nurse  Practitioner  School	Provider Specialty		363LS0200X		
PROVIDER	PROVIDER SPECIALTY PRIMARY	363LW0102X	363LW0102X=Nurse  Practitioner  Women's  Health	Provider Specialty	38003763	363LW0102X	Nursing Service Providers Registered Nurse Women's Health Care Ambulatory	
PROVIDER	PROVIDER SPECIALTY PRIMARY	363LX0106X	363LX0106X=Nurse  Practitioner  Occupational  Health	Provider Specialty	38003766	363LX0106X	Nursing Service Providers Registered Nurse Occupational Health	
PROVIDER	PROVIDER SPECIALTY PRIMARY	364S00000X	364S00000X=Clinical  Nurse  Specialist  	Provider Specialty		364S00000X		
PROVIDER	PROVIDER SPECIALTY PRIMARY	364SA2100X	364SA2100X=Clinical  Nurse  Specialist  Acute  Care	Provider Specialty		364SA2100X		
PROVIDER	PROVIDER SPECIALTY PRIMARY	364SA2200X	364SA2200X=Clinical  Nurse  Specialist  Adult  Health	Provider Specialty		364SA2200X		
PROVIDER	PROVIDER SPECIALTY PRIMARY	364SC0200X	364SC0200X=Clinical  Nurse  Specialist  Critical  Care  Medicine	Provider Specialty		364SC0200X		
PROVIDER	PROVIDER SPECIALTY PRIMARY	364SC1501X	364SC1501X=Clinical  Nurse  Specialist  Community  Health/Public  Health	Provider Specialty		364SC1501X		
PROVIDER	PROVIDER SPECIALTY PRIMARY	364SC2300X	364SC2300X=Clinical  Nurse  Specialist  Chronic  Care	Provider Specialty		364SC2300X		
PROVIDER	PROVIDER SPECIALTY PRIMARY	364SE0003X	364SE0003X=Clinical  Nurse  Specialist  Emergency	Provider Specialty		364SE0003X		
PROVIDER	PROVIDER SPECIALTY PRIMARY	364SE1400X	364SE1400X=Clinical  Nurse  Specialist  Ethics	Provider Specialty		364SE1400X		
PROVIDER	PROVIDER SPECIALTY PRIMARY	364SF0001X	364SF0001X=Clinical  Nurse  Specialist  Family  Health	Provider Specialty		364SF0001X		
PROVIDER	PROVIDER SPECIALTY PRIMARY	364SG0600X	364SG0600X=Clinical  Nurse  Specialist  Gerontology	Provider Specialty		364SG0600X		
PROVIDER	PROVIDER SPECIALTY PRIMARY	364SI0800X	364SI0800X=Clinical  Nurse  Specialist  Informatics	Provider Specialty		364SI0800X		
PROVIDER	PROVIDER SPECIALTY PRIMARY	364SL0600X	364SL0600X=Clinical  Nurse  Specialist  Long-Term  Care	Provider Specialty		364SL0600X		
PROVIDER	PROVIDER SPECIALTY PRIMARY	364SN0000X	364SN0000X=Clinical  Nurse  Specialist  Neonatal	Provider Specialty		364SN0000X		
PROVIDER	PROVIDER SPECIALTY PRIMARY	364SN0800X	364SN0800X=Clinical  Nurse  Specialist  Neuroscience	Provider Specialty		364SN0800X		
PROVIDER	PROVIDER SPECIALTY PRIMARY	364SP0200X	364SP0200X=Clinical  Nurse  Specialist  Pediatrics	Provider Specialty		364SP0200X		
PROVIDER	PROVIDER SPECIALTY PRIMARY	364SP0808X	364SP0808X=Clinical  Nurse  Specialist  Psych/Mental  Health	Provider Specialty		364SP0808X		
PROVIDER	PROVIDER SPECIALTY PRIMARY	364SP0810X	364SP0810X=Clinical  Nurse  Specialist  Psych/Mental  Health,  Child  &  Family	Provider Specialty		364SP0810X		
PROVIDER	PROVIDER SPECIALTY PRIMARY	364SP0811X	364SP0811X=Clinical  Nurse  Specialist  Psych/Mental  Health,  Chronically  Ill	Provider Specialty		364SP0811X		
PROVIDER	PROVIDER SPECIALTY PRIMARY	364SP0812X	364SP0812X=Clinical  Nurse  Specialist  Psych/Mental  Health,  Community	Provider Specialty		364SP0812X		
PROVIDER	PROVIDER SPECIALTY PRIMARY	364SP0813X	364SP0813X=Clinical  Nurse  Specialist  Psych/Mental  Health,  Geropsychiatric	Provider Specialty		364SP0813X		
PROVIDER	PROVIDER SPECIALTY PRIMARY	364SP1700X	364SP1700X=Clinical  Nurse  Specialist  Perinatal	Provider Specialty		364SP1700X		
PROVIDER	PROVIDER SPECIALTY PRIMARY	364SR0400X	364SR0400X=Clinical  Nurse  Specialist  Rehabilitation	Provider Specialty		364SR0400X		
PROVIDER	PROVIDER SPECIALTY PRIMARY	364SS0200X	364SS0200X=Clinical  Nurse  Specialist  School	Provider Specialty		364SS0200X		
PROVIDER	PROVIDER SPECIALTY PRIMARY	364SX0106X	364SX0106X=Clinical  Nurse  Specialist  Occupational  Health	Provider Specialty		364SX0106X		
PROVIDER	PROVIDER SPECIALTY PRIMARY	364SX0200X	364SX0200X=Clinical  Nurse  Specialist  Oncology	Provider Specialty		364SX0200X		
PROVIDER	PROVIDER SPECIALTY PRIMARY	367500000X	367500000X=Nurse  Anesthetist,  Certified  Registered  	Provider Specialty		367500000X		
PROVIDER	PROVIDER SPECIALTY PRIMARY	367H00000X	367H00000X=Anesthesiologist  Assistant  	Provider Specialty	38004676	367H00000X	Anesthesiology Assistant	
PROVIDER	PROVIDER SPECIALTY PRIMARY	372600000X	372600000X=Adult  Companion  	Provider Specialty		372600000X		
PROVIDER	PROVIDER SPECIALTY PRIMARY	373H00000X	373H00000X=Day  Training/Habilitation  Specialist  	Provider Specialty		373H00000X		
PROVIDER	PROVIDER SPECIALTY PRIMARY	374700000X	374700000X=Technician  	Provider Specialty		374700000X		
PROVIDER	PROVIDER SPECIALTY PRIMARY	3747P1801X	3747P1801X=Technician  Personal  Care  Attendant	Provider Specialty		3747P1801X		
PROVIDER	PROVIDER SPECIALTY PRIMARY	374K00000X	374K00000X=Religious  Nonmedical  Practitioner  	Provider Specialty		374K00000X		
PROVIDER	PROVIDER SPECIALTY PRIMARY	374U00000X	374U00000X=Home  Health  Aide  	Provider Specialty		374U00000X		
PROVIDER	PROVIDER SPECIALTY PRIMARY	376G00000X	376G00000X=Nursing  Home  Administrator  	Provider Specialty	38004437	376G00000X	Nursing Service Related Providers Nursing Home Administrator	
PROVIDER	PROVIDER SPECIALTY PRIMARY	376J00000X	376J00000X=Homemaker  	Provider Specialty		376J00000X		
PROVIDER	PROVIDER SPECIALTY PRIMARY	376K00000X	376K00000X=Nurse's  Aide  	Provider Specialty	38004439	376K00000X	Nursing Service Related Providers Nurse's Aide	
PROVIDER	PROVIDER SPECIALTY PRIMARY	385HR2050X	385HR2050X=Respite  Care  Respite  Care  Camp	Provider Specialty	38004441	385HR2050X	Respite Care Facility Respite Car Respite Care Camp	
PROVIDER	PROVIDER SPECIALTY PRIMARY	385HR2055X	385HR2055X=Respite  Care  Respite  Care,  Mental  Illness,  Child	Provider Specialty	38004442	385HR2055X	Respite Care Facility Respite Care Respite Care Mental Illness Child	
PROVIDER	PROVIDER SPECIALTY PRIMARY	385HR2060X	385HR2060X=Respite  Care  Respite  Care,  Mental  Retardation  and/or  Developmental  Disabilities,  Child	Provider Specialty	38004443	385HR2060X	Respite Care Facility Respite Care Respite Care Mental Retardation and/or Developmental Disabilities Child	
PROVIDER	PROVIDER SPECIALTY PRIMARY	385HR2065X	385HR2065X=Respite  Care  Respite  Care,  Physical  Disabilities,  Child	Provider Specialty	38004444	385HR2065X	Respite Care Facility Respite Care Respite Care Physical Disabilities Child	
PROVIDER	PROVIDER SPECIALTY PRIMARY	UN	UN=Unknown	Provider Specialty	44814653	UN	Unknown	
PROVIDER	PROVIDER SPECIALTY PRIMARY	3336M0002X	3336M0002X=Pharmacy  Mail  Order  Pharmacy	Provider Specialty		3336M0002X		
PROVIDER	PROVIDER SPECIALTY PRIMARY	101YM0800X	101YM0800X=Counselor  Mental  Health	Provider Specialty		101YM0800X		
PROVIDER	PROVIDER SPECIALTY PRIMARY	103K00000X	103K00000X=Behavioral  Analyst  	Provider Specialty	38003633	103K00000X	Behavioral Health & Social Service Providers Behavioral Analyst	
PROVIDER	PROVIDER SPECIALTY PRIMARY	103TA0700X	103TA0700X=Psychologist  Adult  Development  &  Aging	Provider Specialty		103TA0700X		
PROVIDER	PROVIDER SPECIALTY PRIMARY	103TF0000X	103TF0000X=Psychologist  Family	Provider Specialty		103TF0000X		
PROVIDER	PROVIDER SPECIALTY PRIMARY	103TH0100X	103TH0100X=Psychologist  Health  Service	Provider Specialty		103TH0100X		
PROVIDER	PROVIDER SPECIALTY PRIMARY	103TP2700X	103TP2700X=Psychologist  Psychotherapy	Provider Specialty		103TP2700X		
PROVIDER	PROVIDER SPECIALTY PRIMARY	103TS0200X	103TS0200X=Psychologist  School	Provider Specialty		103TS0200X		
PROVIDER	PROVIDER SPECIALTY PRIMARY	111NP0017X	111NP0017X=Chiropractor  Pediatric  Chiropractor	Provider Specialty	38003665	111NP0017X	Chiropractic Providers Chiropractor Pediatric Chiropractor	
PROVIDER	PROVIDER SPECIALTY PRIMARY	111NR0400X	111NR0400X=Chiropractor  Rehabilitation	Provider Specialty	38003667	111NR0400X	Chiropractic Providers Chiropractor Rehabilitation	
PROVIDER	PROVIDER SPECIALTY PRIMARY	111NT0100X	111NT0100X=Chiropractor  Thermography	Provider Specialty	38003669	111NT0100X	Chiropractic Providers Chiropractor Thermography	
PROVIDER	PROVIDER SPECIALTY PRIMARY	1223D0004X	1223D0004X=Dentist  Dentist  Anesthesiologist	Provider Specialty		1223D0004X		
PROVIDER	PROVIDER SPECIALTY PRIMARY	1223X0008X	1223X0008X=Dentist  Oral  and  Maxillofacial  Radiology	Provider Specialty	38003681	1223X0008X	Dental Providers Dentist Oral and Maxillofacial Radiology	
PROVIDER	PROVIDER SPECIALTY PRIMARY	1223X0400X	1223X0400X=Dentist  Orthodontics  and  Dentofacial  Orthopedics	Provider Specialty	38003682	1223X0400X	Dental Providers Dentist Orthodontics and Dentofacial Orthopedics	
PROVIDER	PROVIDER SPECIALTY PRIMARY	1223X2210X	1223X2210X=Dentist Orofacial Pain	Provider Specialty		1223X2210X	Dentist Orofacial Pain	
PROVIDER	PROVIDER SPECIALTY PRIMARY	122400000X	122400000X=Denturist  	Provider Specialty	38003683	122400000X	Dental Providers Denturist	
PROVIDER	PROVIDER SPECIALTY PRIMARY	125J00000X	125J00000X=Dental  Therapist  	Provider Specialty	43125857	125J00000X	Dental Therapist	
PROVIDER	PROVIDER SPECIALTY PRIMARY	125Q00000X	125Q00000X=Oral  Medicinist  	Provider Specialty		125Q00000X		
PROVIDER	PROVIDER SPECIALTY PRIMARY	126800000X	126800000X=Dental  Assistant  	Provider Specialty	38003685	126800000X	Dental Providers Dental Assistant	
PROVIDER	PROVIDER SPECIALTY PRIMARY	126900000X	126900000X=Dental  Laboratory  Technician  	Provider Specialty	38003686	126900000X	Dental Providers Dental Laboratory Technician	
PROVIDER	PROVIDER SPECIALTY PRIMARY	133VN1101X	133VN1101X=Dietitian, Registered Nutrition, Gerontological	Provider Specialty		133VN1101X	Dietitian Registered Nutrition Gerontological	
PROVIDER	PROVIDER SPECIALTY PRIMARY	133VN1201X	133VN1201X=Dietitian, Registered Nutrition, Obesity and Weight Mana	Provider Specialty		133VN1201X	Dietitian Registered Nutrition Obesity and Weight Mana	
PROVIDER	PROVIDER SPECIALTY PRIMARY	133VN1501X	133VN1501X=Dietitian, Registered Nutrition, Sports Dietetics	Provider Specialty		133VN1501X	Dietitian Registered Nutrition Sports Dietetics	
PROVIDER	PROVIDER SPECIALTY PRIMARY	152W00000X	152W00000X=Optometrist  	Provider Specialty	38004481	152W00000X	Optometry	
PROVIDER	PROVIDER SPECIALTY PRIMARY	152WL0500X	152WL0500X=Optometrist  Low  Vision  Rehabilitation	Provider Specialty		152WL0500X		
PROVIDER	PROVIDER SPECIALTY PRIMARY	152WV0400X	152WV0400X=Optometrist  Vision  Therapy	Provider Specialty		152WV0400X		
PROVIDER	PROVIDER SPECIALTY PRIMARY	156FX1800X	156FX1800X=Technician/Technologist  Optician	Provider Specialty		156FX1800X		
PROVIDER	PROVIDER SPECIALTY PRIMARY	163WC1400X	163WC1400X=Registered  Nurse  College  Health	Provider Specialty		163WC1400X		
PROVIDER	PROVIDER SPECIALTY PRIMARY	163WC1600X	163WC1600X=Registered  Nurse  Continuing  Education/Staff  Development	Provider Specialty		163WC1600X		
PROVIDER	PROVIDER SPECIALTY PRIMARY	163WC3500X	163WC3500X=Registered  Nurse  Cardiac  Rehabilitation	Provider Specialty		163WC3500X		
PROVIDER	PROVIDER SPECIALTY PRIMARY	163WF0300X	163WF0300X=Registered  Nurse  Flight	Provider Specialty		163WF0300X		
PROVIDER	PROVIDER SPECIALTY PRIMARY	163WG0000X	163WG0000X=Registered  Nurse  General  Practice	Provider Specialty		163WG0000X		
PROVIDER	PROVIDER SPECIALTY PRIMARY	163WG0600X	163WG0600X=Registered  Nurse  Gerontology	Provider Specialty		163WG0600X		
PROVIDER	PROVIDER SPECIALTY PRIMARY	163WH0500X	163WH0500X=Registered  Nurse  Hemodialysis	Provider Specialty		163WH0500X		
PROVIDER	PROVIDER SPECIALTY PRIMARY	163WM1400X	163WM1400X=Registered  Nurse  Nurse  Massage  Therapist  (NMT)	Provider Specialty		163WM1400X		
PROVIDER	PROVIDER SPECIALTY PRIMARY	163WN0002X	163WN0002X=Registered  Nurse  Neonatal  Intensive  Care	Provider Specialty		163WN0002X		
PROVIDER	PROVIDER SPECIALTY PRIMARY	163WN1003X	163WN1003X=Registered  Nurse  Nutrition  Support	Provider Specialty		163WN1003X		
PROVIDER	PROVIDER SPECIALTY PRIMARY	163WP0809X	163WP0809X=Registered  Nurse  Psych/Mental  Health,  Adult	Provider Specialty		163WP0809X		
PROVIDER	PROVIDER SPECIALTY PRIMARY	163WR0006X	163WR0006X=Registered  Nurse  Registered  Nurse  First  Assistant	Provider Specialty		163WR0006X		
PROVIDER	PROVIDER SPECIALTY PRIMARY	163WX0200X	163WX0200X=Registered  Nurse  Oncology	Provider Specialty		163WX0200X		
PROVIDER	PROVIDER SPECIALTY PRIMARY	167G00000X	167G00000X=Licensed  Psychiatric  Technician  	Provider Specialty		167G00000X		
PROVIDER	PROVIDER SPECIALTY PRIMARY	1710I1002X	1710I1002X=Military  Health  Care  Provider  Independent  Duty  Corpsman	Provider Specialty		1710I1002X		
PROVIDER	PROVIDER SPECIALTY PRIMARY	171R00000X	171R00000X=Interpreter  	Provider Specialty		171R00000X		
PROVIDER	PROVIDER SPECIALTY PRIMARY	172V00000X	172V00000X=Community  Health  Worker  	Provider Specialty		172V00000X		
PROVIDER	PROVIDER SPECIALTY PRIMARY	173C00000X	173C00000X=Reflexologist  	Provider Specialty		173C00000X		
PROVIDER	PROVIDER SPECIALTY PRIMARY	174400000X	174400000X=Specialist  	Provider Specialty		174400000X		
PROVIDER	PROVIDER SPECIALTY PRIMARY	1744R1103X	1744R1103X=Specialist  Research  Data  Abstracter/Coder	Provider Specialty		1744R1103X		
PROVIDER	PROVIDER SPECIALTY PRIMARY	174MM1900X	174MM1900X=Veterinarian  Medical  Research	Provider Specialty		174MM1900X		
PROVIDER	PROVIDER SPECIALTY PRIMARY	175T00000X	175T00000X=Peer  Specialist  	Provider Specialty		175T00000X		
PROVIDER	PROVIDER SPECIALTY PRIMARY	176P00000X	176P00000X=Funeral  Director  	Provider Specialty		176P00000X		
PROVIDER	PROVIDER SPECIALTY PRIMARY	183500000X	183500000X=Pharmacist  	Provider Specialty	38004520	183500000X	Pharmacy	
PROVIDER	PROVIDER SPECIALTY PRIMARY	1835G0303X	1835G0303X=Pharmacist  Geriatric	Provider Specialty	38003812	1835G0303X	Pharmacy Service Providers Pharmacist Geriatric	
PROVIDER	PROVIDER SPECIALTY PRIMARY	1835X0200X	1835X0200X=Pharmacist  Oncology	Provider Specialty	38003818	1835X0200X	Pharmacy Service Providers Pharmacist Oncology	
PROVIDER	PROVIDER SPECIALTY PRIMARY	202C00000X	202C00000X=Independent  Medical  Examiner  	Provider Specialty		202C00000X		
PROVIDER	PROVIDER SPECIALTY PRIMARY	207KA0200X	207KA0200X=Allergy  &  Immunology  Allergy	Provider Specialty	38004448	207KA0200X	Allergy/Immunology	
PROVIDER	PROVIDER SPECIALTY PRIMARY	207N00000X	207N00000X=Dermatology  	Provider Specialty	38004452	207N00000X	Dermatology	
PROVIDER	PROVIDER SPECIALTY PRIMARY	207PP0204X	207PP0204X=Emergency  Medicine  Pediatric  Emergency  Medicine	Provider Specialty	38003850	207PP0204X	Allopathic & Osteopathic Physicians Emergency Medicine Medical Toxicology	
PROVIDER	PROVIDER SPECIALTY PRIMARY	207PT0002X	207PT0002X=Emergency  Medicine  Medical  Toxicology	Provider Specialty		207PT0002X		
PROVIDER	PROVIDER SPECIALTY PRIMARY	207Q00000X	207Q00000X=Family  Medicine  	Provider Specialty	38003851	207Q00000X	Family Practice	
PROVIDER	PROVIDER SPECIALTY PRIMARY	207RA0201X	207RA0201X=Internal  Medicine  Allergy  &  Immunology	Provider Specialty		207RA0201X		
PROVIDER	PROVIDER SPECIALTY PRIMARY	207RA0401X	207RA0401X=Internal  Medicine  Addiction  Medicine	Provider Specialty	38004498	207RA0401X		
PROVIDER	PROVIDER SPECIALTY PRIMARY	207RG0300X	207RG0300X=Internal  Medicine  Geriatric  Medicine	Provider Specialty	38004478	207RG0300X		
PROVIDER	PROVIDER SPECIALTY PRIMARY	207RI0001X	207RI0001X=Internal  Medicine  Clinical  &  Laboratory  Immunology	Provider Specialty		207RI0001X		
PROVIDER	PROVIDER SPECIALTY PRIMARY	207RI0011X	207RI0011X=Internal  Medicine  Interventional  Cardiology	Provider Specialty		207RI0011X		
PROVIDER	PROVIDER SPECIALTY PRIMARY	207SG0205X	207SG0205X=Medical  Genetics  Ph.D.  Medical  Genetics	Provider Specialty		207SG0205X		
PROVIDER	PROVIDER SPECIALTY PRIMARY	207W00000X	207W00000X=Ophthalmology  	Provider Specialty	38004463	207W00000X	Ophthalmology	
PROVIDER	PROVIDER SPECIALTY PRIMARY	207WX0107X	207WX0107X=Ophthalmology  Retina  Specialist	Provider Specialty		207WX0107X		
PROVIDER	PROVIDER SPECIALTY PRIMARY	207WX0120X	207WX0120X=Ophthalmology Cornea and External Diseases Speci	Provider Specialty	903243	207WX0120X	Ophthalmology Cornea and External Diseases Speci	
PROVIDER	PROVIDER SPECIALTY PRIMARY	207WX0200X	207WX0200X=Ophthalmology  Ophthalmic  Plastic  and  Reconstructive  Surgery	Provider Specialty		207WX0200X		
PROVIDER	PROVIDER SPECIALTY PRIMARY	207XX0004X	207XX0004X=Orthopaedic  Surgery  Foot  and  Ankle  Surgery	Provider Specialty		207XX0004X		
PROVIDER	PROVIDER SPECIALTY PRIMARY	207YS0012X	207YS0012X=Otolaryngology  Sleep  Medicine	Provider Specialty		207YS0012X		
PROVIDER	PROVIDER SPECIALTY PRIMARY	207YX0905X	207YX0905X=Otolaryngology  Otolaryngology/Facial  Plastic  Surgery	Provider Specialty		207YX0905X		
PROVIDER	PROVIDER SPECIALTY PRIMARY	207ZC0008X	207ZC0008X=Pathology  Clinical  Informatics	Provider Specialty		207ZC0008X		
PROVIDER	PROVIDER SPECIALTY PRIMARY	207ZC0500X	207ZC0500X=Pathology  Cytopathology	Provider Specialty		207ZC0500X		
PROVIDER	PROVIDER SPECIALTY PRIMARY	207ZF0201X	207ZF0201X=Pathology  Forensic  Pathology	Provider Specialty		207ZF0201X		
PROVIDER	PROVIDER SPECIALTY PRIMARY	207ZP0007X	207ZP0007X=Pathology  Molecular  Genetic  Pathology	Provider Specialty		207ZP0007X		
PROVIDER	PROVIDER SPECIALTY PRIMARY	207ZP0102X	207ZP0102X=Pathology  Anatomic  Pathology  &  Clinical  Pathology	Provider Specialty	45756803	207ZP0102X	Pathology-Anatomic/Pathology-Clinical	
PROVIDER	PROVIDER SPECIALTY PRIMARY	207ZP0104X	207ZP0104X=Pathology  Chemical  Pathology	Provider Specialty	45756796	207ZP0104X	Pathology - Chemical	
PROVIDER	PROVIDER SPECIALTY PRIMARY	207ZP0105X	207ZP0105X=Pathology  Clinical  Pathology/Laboratory  Medicine	Provider Specialty		207ZP0105X		
PROVIDER	PROVIDER SPECIALTY PRIMARY	2080C0008X	2080C0008X=Pediatrics  Child  Abuse  Pediatrics	Provider Specialty	45756755	2080C0008X	Child Abuse Pediatrics	
PROVIDER	PROVIDER SPECIALTY PRIMARY	2080H0002X	2080H0002X=Pediatrics  Hospice  and  Palliative  Medicine	Provider Specialty	45756777	2080H0002X		
PROVIDER	PROVIDER SPECIALTY PRIMARY	2080P0203X	2080P0203X=Pediatrics  Pediatric  Critical  Care  Medicine	Provider Specialty	45756806	2080P0203X	Pediatric Critical Care Medicine	
PROVIDER	PROVIDER SPECIALTY PRIMARY	2080P0204X	2080P0204X=Pediatrics  Pediatric  Emergency  Medicine	Provider Specialty	45756808	2080P0204X	Pediatric Emergency Medicine	
PROVIDER	PROVIDER SPECIALTY PRIMARY	2080P0210X	2080P0210X=Pediatrics  Pediatric  Nephrology	Provider Specialty	38003955	2080P0210X	Allopathic & Osteopathic Physicians, Pediatrics, Pediatric Nephrology	
PROVIDER	PROVIDER SPECIALTY PRIMARY	2080S0012X	2080S0012X=Pediatrics  Sleep  Medicine	Provider Specialty		2080S0012X		
PROVIDER	PROVIDER SPECIALTY PRIMARY	2081P0301X	2081P0301X=Physical  Medicine  &  Rehabilitation  Brain  Injury  Medicine	Provider Specialty		2081P0301X		
PROVIDER	PROVIDER SPECIALTY PRIMARY	2083B0002X	2083B0002X=Preventive  Medicine  Obesity  Medicine	Provider Specialty		2083B0002X		
PROVIDER	PROVIDER SPECIALTY PRIMARY	2083P0011X	2083P0011X=Preventive  Medicine  Undersea  and  Hyperbaric  Medicine	Provider Specialty		2083P0011X		
PROVIDER	PROVIDER SPECIALTY PRIMARY	2084B0040X	2084B0040X=Psychiatry  &  Neurology  Behavioral  Neurology  &  Neuropsychiatry	Provider Specialty	43125860	2084B0040X	Psychiatry & Neurology	
PROVIDER	PROVIDER SPECIALTY PRIMARY	2084D0003X	2084D0003X=Psychiatry  &  Neurology  Diagnostic  Neuroimaging	Provider Specialty		2084D0003X		
PROVIDER	PROVIDER SPECIALTY PRIMARY	2084F0202X	2084F0202X=Psychiatry  &  Neurology  Forensic  Psychiatry	Provider Specialty	45756775	2084F0202X		
PROVIDER	PROVIDER SPECIALTY PRIMARY	2084P0005X	2084P0005X=Psychiatry  &  Neurology  Neurodevelopmental  Disabilities	Provider Specialty		2084P0005X		
PROVIDER	PROVIDER SPECIALTY PRIMARY	2084P0301X	2084P0301X=Psychiatry  &  Neurology  Brain  Injury  Medicine	Provider Specialty		2084P0301X		
PROVIDER	PROVIDER SPECIALTY PRIMARY	2084P0805X	2084P0805X=Psychiatry  &  Neurology  Geriatric  Psychiatry	Provider Specialty	45756776	2084P0805X		
PROVIDER	PROVIDER SPECIALTY PRIMARY	2084P2900X	2084P2900X=Psychiatry  &  Neurology  Pain  Medicine	Provider Specialty		2084P2900X		
PROVIDER	PROVIDER SPECIALTY PRIMARY	2084V0102X	2084V0102X=Psychiatry  &  Neurology  Vascular  Neurology	Provider Specialty	45756834	2084V0102X	Vascular Neurology	
PROVIDER	PROVIDER SPECIALTY PRIMARY	2085H0002X	2085H0002X=Radiology  Hospice  and  Palliative  Medicine	Provider Specialty		2085H0002X		
PROVIDER	PROVIDER SPECIALTY PRIMARY	2085R0202X	2085R0202X=Radiology  Diagnostic  Radiology	Provider Specialty	45756769	2085R0202X		
PROVIDER	PROVIDER SPECIALTY PRIMARY	2085R0203X	2085R0203X=Radiology  Therapeutic  Radiology	Provider Specialty		2085R0203X		
PROVIDER	PROVIDER SPECIALTY PRIMARY	2085R0205X	2085R0205X=Radiology  Radiological  Physics	Provider Specialty		2085R0205X		
PROVIDER	PROVIDER SPECIALTY PRIMARY	208600000X	208600000X=Surgery  	Provider Specialty	38004010	208600000X	Allopathic & Osteopathic Physicians Surgery	
PROVIDER	PROVIDER SPECIALTY PRIMARY	2086S0102X	2086S0102X=Surgery  Surgical  Critical  Care	Provider Specialty	45756829	2086S0102X	Surgical Critical Care	
PROVIDER	PROVIDER SPECIALTY PRIMARY	2086S0122X	2086S0122X=Surgery  Plastic  and  Reconstructive  Surgery	Provider Specialty	38004467	2086S0122X	Plastic And Reconstructive Surgery	
PROVIDER	PROVIDER SPECIALTY PRIMARY	2086S0127X	2086S0127X=Surgery  Trauma  Surgery	Provider Specialty	38004016	2086S0127X	Allopathic & Osteopathic Physicians Surgery Trauma Surgery	
PROVIDER	PROVIDER SPECIALTY PRIMARY	208C00000X	208C00000X=Colon  &  Rectal  Surgery  	Provider Specialty	38004471	208C00000X	Colorectal Surgery	
PROVIDER	PROVIDER SPECIALTY PRIMARY	208G00000X	208G00000X=Thoracic  Surgery  (Cardiothoracic  Vascular  Surgery)  	Provider Specialty	45756830	208G00000X	Thoracic and Cardiac Surgery	
PROVIDER	PROVIDER SPECIALTY PRIMARY	208VP0000X	208VP0000X=Pain  Medicine  Pain  Medicine	Provider Specialty	38004494	208VP0000X	Pain Management	
PROVIDER	PROVIDER SPECIALTY PRIMARY	213EP0504X	213EP0504X=Podiatrist  Public  Medicine	Provider Specialty		213EP0504X		
PROVIDER	PROVIDER SPECIALTY PRIMARY	213ER0200X	213ER0200X=Podiatrist  Radiology	Provider Specialty		213ER0200X		
PROVIDER	PROVIDER SPECIALTY PRIMARY	213ES0000X	213ES0000X=Podiatrist  Sports  Medicine	Provider Specialty		213ES0000X		
PROVIDER	PROVIDER SPECIALTY PRIMARY	213ES0103X	213ES0103X=Podiatrist  Foot  &  Ankle  Surgery	Provider Specialty		213ES0103X		
PROVIDER	PROVIDER SPECIALTY PRIMARY	222Q00000X	222Q00000X=Developmental  Therapist  	Provider Specialty		222Q00000X		
PROVIDER	PROVIDER SPECIALTY PRIMARY	224P00000X	224P00000X=Prosthetist  	Provider Specialty		224P00000X		
PROVIDER	PROVIDER SPECIALTY PRIMARY	2251C2600X	2251C2600X=Physical  Therapist  Cardiopulmonary	Provider Specialty		2251C2600X		
PROVIDER	PROVIDER SPECIALTY PRIMARY	2251P0200X	2251P0200X=Physical  Therapist  Pediatrics	Provider Specialty		2251P0200X		
PROVIDER	PROVIDER SPECIALTY PRIMARY	225400000X	225400000X=Rehabilitation  Practitioner  	Provider Specialty		225400000X		
PROVIDER	PROVIDER SPECIALTY PRIMARY	225C00000X	225C00000X=Rehabilitation  Counselor  	Provider Specialty		225C00000X		
PROVIDER	PROVIDER SPECIALTY PRIMARY	225CA2400X	225CA2400X=Rehabilitation  Counselor  Assistive  Technology  Practitioner	Provider Specialty		225CA2400X		
PROVIDER	PROVIDER SPECIALTY PRIMARY	225CX0006X	225CX0006X=Rehabilitation  Counselor  Orientation  and  Mobility  Training  Provider	Provider Specialty		225CX0006X		
PROVIDER	PROVIDER SPECIALTY PRIMARY	225XE0001X	225XE0001X=Occupational  Therapist  Environmental  Modification	Provider Specialty		225XE0001X		
PROVIDER	PROVIDER SPECIALTY PRIMARY	225XF0002X	225XF0002X=Occupational  Therapist  Feeding,  Eating  &  Swallowing	Provider Specialty		225XF0002X		
PROVIDER	PROVIDER SPECIALTY PRIMARY	225XH1300X	225XH1300X=Occupational  Therapist  Human  Factors	Provider Specialty		225XH1300X		
PROVIDER	PROVIDER SPECIALTY PRIMARY	225XL0004X	225XL0004X=Occupational  Therapist  Low  Vision	Provider Specialty		225XL0004X		
PROVIDER	PROVIDER SPECIALTY PRIMARY	225XM0800X	225XM0800X=Occupational  Therapist  Mental  Health	Provider Specialty		225XM0800X		
PROVIDER	PROVIDER SPECIALTY PRIMARY	226000000X	226000000X=Recreational  Therapist  Assistant  	Provider Specialty		226000000X		
PROVIDER	PROVIDER SPECIALTY PRIMARY	227800000X	227800000X=Respiratory  Therapist,  Certified  	Provider Specialty	38004090	227800000X	Respiratory Developmental Rehabilitative and Restorative Service Providers Respiratory Therapist Certified	
PROVIDER	PROVIDER SPECIALTY PRIMARY	2278C0205X	2278C0205X=Respiratory  Therapist,  Certified  Critical  Care	Provider Specialty	38004091	2278C0205X	Respiratory Developmental Rehabilitative and Restorative Service Providers Respiratory Therapist Certified Critical Care	
PROVIDER	PROVIDER SPECIALTY PRIMARY	2278E0002X	2278E0002X=Respiratory  Therapist,  Certified  Emergency  Care	Provider Specialty	38004092	2278E0002X	Respiratory Developmental Rehabilitative and Restorative Service Providers Respiratory Therapist Certified Emergency Care	
PROVIDER	PROVIDER SPECIALTY PRIMARY	2278G0305X	2278G0305X=Respiratory  Therapist,  Certified  Geriatric  Care	Provider Specialty	38004094	2278G0305X	Respiratory Developmental Rehabilitative and Restorative Service Providers Respiratory Therapist Certified Geriatric Care	
PROVIDER	PROVIDER SPECIALTY PRIMARY	2278G1100X	2278G1100X=Respiratory  Therapist,  Certified  General  Care	Provider Specialty	38004095	2278G1100X	Respiratory Developmental Rehabilitative and Restorative Service Providers Respiratory Therapist Certified General Care	
PROVIDER	PROVIDER SPECIALTY PRIMARY	2278P3800X	2278P3800X=Respiratory  Therapist,  Certified  Palliative/Hospice	Provider Specialty	38004100	2278P3800X	Respiratory Developmental Rehabilitative and Restorative Service Providers Respiratory Therapist Certified Palliative/Hospice	
PROVIDER	PROVIDER SPECIALTY PRIMARY	227900000X	227900000X=Respiratory  Therapist,  Registered  	Provider Specialty	38004104	227900000X	Respiratory Developmental Rehabilitative and Restorative Service Providers Respiratory Therapist Registered	
PROVIDER	PROVIDER SPECIALTY PRIMARY	2279E0002X	2279E0002X=Respiratory  Therapist,  Registered  Emergency  Care	Provider Specialty	38004106	2279E0002X	Respiratory Developmental Rehabilitative and Restorative Service Providers Respiratory Therapis Registered Emergency Care	
PROVIDER	PROVIDER SPECIALTY PRIMARY	2279P1006X	2279P1006X=Respiratory  Therapist,  Registered  Pulmonary  Function  Technologist	Provider Specialty	38004113	2279P1006X	Respiratory Developmental Rehabilitative and Restorative Service Providers Respiratory Therapist Registered Pulmonary Function Technologist	
PROVIDER	PROVIDER SPECIALTY PRIMARY	2279P3900X	2279P3900X=Respiratory  Therapist,  Registered  Neonatal/Pediatrics	Provider Specialty	38004115	2279P3900X	RespiratoryDevelopmental Rehabilitative and Restorative Service Providers Respiratory Therapist Registered Neonatal/Pediatrics	
PROVIDER	PROVIDER SPECIALTY PRIMARY	235Z00000X	235Z00000X=Speech-Language  Pathologist  	Provider Specialty		235Z00000X	Speech Language and Hearing Service Providers Speech-Language Pathologist	
PROVIDER	PROVIDER SPECIALTY PRIMARY	237700000X	237700000X=Hearing  Instrument  Specialist  	Provider Specialty		237700000X		
PROVIDER	PROVIDER SPECIALTY PRIMARY	246QH0000X	246QH0000X=Spec/Tech,  Pathology  Hematology	Provider Specialty		246QH0000X		
PROVIDER	PROVIDER SPECIALTY PRIMARY	246QH0401X	246QH0401X=Spec/Tech,  Pathology  Hemapheresis  Practitioner	Provider Specialty		246QH0401X		
PROVIDER	PROVIDER SPECIALTY PRIMARY	246QM0706X	246QM0706X=Spec/Tech,  Pathology  Medical  Technologist	Provider Specialty		246QM0706X		
PROVIDER	PROVIDER SPECIALTY PRIMARY	246W00000X	246W00000X=Technician,  Cardiology  	Provider Specialty		246W00000X		
PROVIDER	PROVIDER SPECIALTY PRIMARY	246XS1301X	246XS1301X=Spec/Tech,  Cardiovascular  Sonography	Provider Specialty		246XS1301X		
PROVIDER	PROVIDER SPECIALTY PRIMARY	246ZA2600X	246ZA2600X=Specialist/Technologist,  Other  Art,  Medical	Provider Specialty		246ZA2600X		
PROVIDER	PROVIDER SPECIALTY PRIMARY	246ZE0600X	246ZE0600X=Specialist/Technologist,  Other  Electroneurodiagnostic	Provider Specialty		246ZE0600X		
PROVIDER	PROVIDER SPECIALTY PRIMARY	246ZG1000X	246ZG1000X=Specialist/Technologist,  Other  Geneticist,  Medical  (PhD)	Provider Specialty		246ZG1000X		
PROVIDER	PROVIDER SPECIALTY PRIMARY	246ZI1000X	246ZI1000X=Specialist/Technologist,  Other  Illustration,  Medical	Provider Specialty		246ZI1000X		
PROVIDER	PROVIDER SPECIALTY PRIMARY	246ZN0300X	246ZN0300X=Specialist/Technologist,  Other  Nephrology	Provider Specialty		246ZN0300X		
PROVIDER	PROVIDER SPECIALTY PRIMARY	2471C1101X	2471C1101X=Radiologic  Technologist  Cardiovascular-Interventional  Technology	Provider Specialty		2471C1101X		
PROVIDER	PROVIDER SPECIALTY PRIMARY	2471C3401X	2471C3401X=Radiologic  Technologist  Computed  Tomography	Provider Specialty		2471C3401X		
PROVIDER	PROVIDER SPECIALTY PRIMARY	2471M1202X	2471M1202X=Radiologic  Technologist  Magnetic  Resonance  Imaging	Provider Specialty		2471M1202X		
PROVIDER	PROVIDER SPECIALTY PRIMARY	2471N0900X	2471N0900X=Radiologic  Technologist  Nuclear  Medicine  Technology	Provider Specialty		2471N0900X		
PROVIDER	PROVIDER SPECIALTY PRIMARY	2471Q0001X	2471Q0001X=Radiologic  Technologist  Quality  Management	Provider Specialty		2471Q0001X		
PROVIDER	PROVIDER SPECIALTY PRIMARY	2471R0002X	2471R0002X=Radiologic  Technologist  Radiation  Therapy	Provider Specialty		2471R0002X		
PROVIDER	PROVIDER SPECIALTY PRIMARY	251C00000X	251C00000X=Day  Training,  Developmentally  Disabled  Services  	Provider Specialty		251C00000X		
PROVIDER	PROVIDER SPECIALTY PRIMARY	251X00000X	251X00000X=Supports  Brokerage  	Provider Specialty		251X00000X		
PROVIDER	PROVIDER SPECIALTY PRIMARY	252Y00000X	252Y00000X=Early  Intervention  Provider  Agency  	Provider Specialty		252Y00000X		
PROVIDER	PROVIDER SPECIALTY PRIMARY	253J00000X	253J00000X=Foster  Care  Agency  	Provider Specialty		253J00000X		
PROVIDER	PROVIDER SPECIALTY PRIMARY	261QA1903X	261QA1903X=Clinic/Center  Ambulatory  Surgical	Provider Specialty		261QA1903X		
PROVIDER	PROVIDER SPECIALTY PRIMARY	261QC0050X	261QC0050X=Clinic/Center  Critical  Access  Hospital	Provider Specialty		261QC0050X		
PROVIDER	PROVIDER SPECIALTY PRIMARY	261QD1600X	261QD1600X=Clinic/Center  Developmental  Disabilities	Provider Specialty		261QD1600X		
PROVIDER	PROVIDER SPECIALTY PRIMARY	261QG0250X	261QG0250X=Clinic/Center  Genetics	Provider Specialty	45756760	261QG0250X	Clinical Genetics (MD)	
PROVIDER	PROVIDER SPECIALTY PRIMARY	261QM1000X	261QM1000X=Clinic/Center  Migrant  Health	Provider Specialty		261QM1000X		
PROVIDER	PROVIDER SPECIALTY PRIMARY	261QM1101X	261QM1101X=Clinic/Center  Military  and  U.S.  Coast  Guard  Ambulatory  Procedure	Provider Specialty		261QM1101X		
PROVIDER	PROVIDER SPECIALTY PRIMARY	261QM1103X	261QM1103X=Clinic/Center  Military  Ambulatory  Procedure  Visits  Operational  (Transportable)	Provider Specialty		261QM1103X		
PROVIDER	PROVIDER SPECIALTY PRIMARY	261QM1300X	261QM1300X=Clinic/Center  Multi-Specialty	Provider Specialty		261QM1300X		
PROVIDER	PROVIDER SPECIALTY PRIMARY	261QM2800X	261QM2800X=Clinic/Center  Methadone  Clinic	Provider Specialty		261QM2800X		
PROVIDER	PROVIDER SPECIALTY PRIMARY	261QP0904X	261QP0904X=Clinic/Center  Public  Health,  Federal	Provider Specialty		261QP0904X		
PROVIDER	PROVIDER SPECIALTY PRIMARY	261QP1100X	261QP1100X=Clinic/Center  Podiatric	Provider Specialty		261QP1100X		
PROVIDER	PROVIDER SPECIALTY PRIMARY	261QR0200X	261QR0200X=Clinic/Center  Radiology	Provider Specialty		261QR0200X		
PROVIDER	PROVIDER SPECIALTY PRIMARY	261QR0405X	261QR0405X=Clinic/Center  Rehabilitation,  Substance  Use  Disorder	Provider Specialty		261QR0405X		
PROVIDER	PROVIDER SPECIALTY PRIMARY	261QR0800X	261QR0800X=Clinic/Center  Recovery  Care	Provider Specialty		261QR0800X		
PROVIDER	PROVIDER SPECIALTY PRIMARY	261QX0203X	261QX0203X=Clinic/Center  Oncology,  Radiation	Provider Specialty		261QX0203X		
PROVIDER	PROVIDER SPECIALTY PRIMARY	273R00000X	273R00000X=Psychiatric  Unit  	Provider Specialty		273R00000X		
PROVIDER	PROVIDER SPECIALTY PRIMARY	283X00000X	283X00000X=Rehabilitation  Hospital  	Provider Specialty		283X00000X		
PROVIDER	PROVIDER SPECIALTY PRIMARY	283XC2000X	283XC2000X=Rehabilitation  Hospital  Children	Provider Specialty		283XC2000X		
PROVIDER	PROVIDER SPECIALTY PRIMARY	284300000X	284300000X=Special  Hospital  	Provider Specialty		284300000X		
PROVIDER	PROVIDER SPECIALTY PRIMARY	291900000X	291900000X=Military  Clinical  Medical  Laboratory  	Provider Specialty		291900000X		
PROVIDER	PROVIDER SPECIALTY PRIMARY	302R00000X	302R00000X=Health  Maintenance  Organization  	Provider Specialty		302R00000X		
PROVIDER	PROVIDER SPECIALTY PRIMARY	305S00000X	305S00000X=Point  of  Service  	Provider Specialty		305S00000X		
PROVIDER	PROVIDER SPECIALTY PRIMARY	310400000X	310400000X=Assisted  Living  Facility  	Provider Specialty		310400000X		
PROVIDER	PROVIDER SPECIALTY PRIMARY	311ZA0620X	311ZA0620X=Custodial  Care  Facility  Adult  Care  Home	Provider Specialty		311ZA0620X		
PROVIDER	PROVIDER SPECIALTY PRIMARY	320600000X	320600000X=Residential  Treatment  Facility,  Mental  Retardation  and/or  Developmental  Disabilities  	Provider Specialty	38004314	320600000X	Residential Treatment Facilities Residential Treatment Facility Mental Retardation and/or Developmental Disabilities	
PROVIDER	PROVIDER SPECIALTY PRIMARY	322D00000X	322D00000X=Residential  Treatment  Facility,  Emotionally  Disturbed  Children  	Provider Specialty	38004318	322D00000X	Residential Treatment Facilities Residential Treatment Facility Emotionally Disturbed Children	
PROVIDER	PROVIDER SPECIALTY PRIMARY	3245S0500X	3245S0500X=Substance  Abuse  Rehabilitation  Facility  Substance  Abuse  Treatment,  Children	Provider Specialty		3245S0500X		
PROVIDER	PROVIDER SPECIALTY PRIMARY	332000000X	332000000X=Military/U.S.  Coast  Guard  Pharmacy  	Provider Specialty		332000000X		
PROVIDER	PROVIDER SPECIALTY PRIMARY	332800000X	332800000X=Indian  Health  Service/Tribal/Urban  Indian  Health  (I/T/U)  Pharmacy  	Provider Specialty	38004702	332800000X	Indian Health Service facility	
PROVIDER	PROVIDER SPECIALTY PRIMARY	332900000X	332900000X=Non-Pharmacy  Dispensing  Site  	Provider Specialty		332900000X		
PROVIDER	PROVIDER SPECIALTY PRIMARY	332BP3500X	332BP3500X=Durable  Medical  Equipment  &  Medical  Supplies  Parenteral  &  Enteral  Nutrition	Provider Specialty		332BP3500X		
PROVIDER	PROVIDER SPECIALTY PRIMARY	333300000X	333300000X=Emergency  Response  System  Companies  	Provider Specialty		333300000X		
PROVIDER	PROVIDER SPECIALTY PRIMARY	3336N0007X	3336N0007X=Pharmacy  Nuclear  Pharmacy	Provider Specialty		3336N0007X		
PROVIDER	PROVIDER SPECIALTY PRIMARY	3416S0300X	3416S0300X=Ambulance  Water  Transport	Provider Specialty	38004688	3416S0300X	Ambulance Service Provider	
PROVIDER	PROVIDER SPECIALTY PRIMARY	363LC1500X	363LC1500X=Nurse  Practitioner  Community  Health	Provider Specialty	38003722	363LC1500X	Nursing Service Providers Registered Nurse Community Health	
PROVIDER	PROVIDER SPECIALTY PRIMARY	363LF0000X	363LF0000X=Nurse  Practitioner  Family	Provider Specialty		363LF0000X		
PROVIDER	PROVIDER SPECIALTY PRIMARY	363LX0001X	363LX0001X=Nurse  Practitioner  Obstetrics  &  Gynecology	Provider Specialty	38003764	363LX0001X	Nursing Service Providers Registered Nurse Obstetric High-Risk	
PROVIDER	PROVIDER SPECIALTY PRIMARY	364SH1100X	364SH1100X=Clinical  Nurse  Specialist  Holistic	Provider Specialty		364SH1100X		
PROVIDER	PROVIDER SPECIALTY PRIMARY	364SM0705X	364SM0705X=Clinical  Nurse  Specialist  Medical-Surgical	Provider Specialty		364SM0705X		
PROVIDER	PROVIDER SPECIALTY PRIMARY	364SP0809X	364SP0809X=Clinical  Nurse  Specialist  Psych/Mental  Health,  Adult	Provider Specialty		364SP0809X		
PROVIDER	PROVIDER SPECIALTY PRIMARY	364SP2800X	364SP2800X=Clinical  Nurse  Specialist  Perioperative	Provider Specialty		364SP2800X		
PROVIDER	PROVIDER SPECIALTY PRIMARY	364ST0500X	364ST0500X=Clinical  Nurse  Specialist  Transplantation	Provider Specialty		364ST0500X		
PROVIDER	PROVIDER SPECIALTY PRIMARY	364SW0102X	364SW0102X=Clinical  Nurse  Specialist  Women's  Health	Provider Specialty		364SW0102X		
PROVIDER	PROVIDER SPECIALTY PRIMARY	364SX0204X	364SX0204X=Clinical  Nurse  Specialist  Oncology,  Pediatrics	Provider Specialty		364SX0204X		
PROVIDER	PROVIDER SPECIALTY PRIMARY	3747A0650X	3747A0650X=Technician  Attendant  Care  Provider	Provider Specialty		3747A0650X		
PROVIDER	PROVIDER SPECIALTY PRIMARY	374J00000X	374J00000X=Doula  	Provider Specialty	38004433	374J00000X	Nursing Service Related Providers Doula	
PROVIDER	PROVIDER SPECIALTY PRIMARY	374T00000X	374T00000X=Religious  Nonmedical  Nursing  Personnel  	Provider Specialty		374T00000X		
PROVIDER	PROVIDER SPECIALTY PRIMARY	385H00000X	385H00000X=Respite  Care  	Provider Specialty	38004440	385H00000X	Respite Care Facility Respite Care	
PROVIDER	PROVIDER SPECIALTY PRIMARY	390200000X	390200000X=Student  in  an  Organized  Health  Care  Education/Training  Program  	Provider Specialty	38004445	390200000X	Student Health Care Student in an Organized Health Care Education/Training Program	
PROVIDER	PROVIDER SPECIALTY PRIMARY	405300000X	405300000X=Prevention  Professional  	Provider Specialty		405300000X		
PROVIDER	PROVIDER SPECIALTY PRIMARY	NI	NI=No  information	Provider Specialty	44814650	NI	No information	
PROVIDER	PROVIDER SPECIALTY PRIMARY	OT	OT=Other	Provider Specialty	44814649	OT	Other	
PROVIDER	PROVIDER SPECIALTY PRIMARY	103TA0400X	103TA0400X=Psychologist  Addiction  (Substance  Use  Disorder)	Provider Specialty		103TA0400X		
PROVIDER	PROVIDER SPECIALTY PRIMARY	156FC0800X	156FC0800X=Technician/Technologist  Contact  Lens	Provider Specialty		156FC0800X		
PROVIDER	PROVIDER SPECIALTY PRIMARY	163WP0000X	163WP0000X=Registered  Nurse  Pain  Management	Provider Specialty		163WP0000X		
PROVIDER	PROVIDER SPECIALTY PRIMARY	163WP0218X	163WP0218X=Registered  Nurse  Pediatric  Oncology	Provider Specialty		163WP0218X		
PROVIDER	PROVIDER SPECIALTY PRIMARY	171WV0202X	171WV0202X=Contractor  Vehicle  Modifications	Provider Specialty		171WV0202X		
PROVIDER	PROVIDER SPECIALTY PRIMARY	204E00000X	204E00000X=Oral  &  Maxillofacial  Surgery  	Provider Specialty	38004464	204E00000X	Oral Surgery	
PROVIDER	PROVIDER SPECIALTY PRIMARY	207SG0202X	207SG0202X=Medical  Genetics  Clinical  Biochemical  Genetics	Provider Specialty	38003889	207SG0202X		
PROVIDER	PROVIDER SPECIALTY PRIMARY	207Y00000X	207Y00000X=Otolaryngology  	Provider Specialty	38004449	207Y00000X	Otolaryngology	
PROVIDER	PROVIDER SPECIALTY PRIMARY	207ZI0100X	207ZI0100X=Pathology  Immunopathology	Provider Specialty		207ZI0100X		
PROVIDER	PROVIDER SPECIALTY PRIMARY	2279P1005X	2279P1005X=Respiratory  Therapist,  Registered  Pulmonary  Rehabilitation	Provider Specialty	38004112	2279P1005X	Respiratory Developmental Rehabilitative and Restorative Service Providers Respiratory Therapist Registered Pulmonary Rehabilitation	
PROVIDER	PROVIDER SPECIALTY PRIMARY	243U00000X	243U00000X=Radiology  Practitioner  Assistant  	Provider Specialty		243U00000X		
PROVIDER	PROVIDER SPECIALTY PRIMARY	246RH0600X	246RH0600X=Technician,  Pathology  Histology	Provider Specialty		246RH0600X		
PROVIDER	PROVIDER SPECIALTY PRIMARY	246YR1600X	246YR1600X=Spec/Tech,  Health  Info  Registered  Record  Administrator	Provider Specialty		246YR1600X		
PROVIDER	PROVIDER SPECIALTY PRIMARY	2471C1106X	2471C1106X=Radiologic  Technologist  Cardiac-Interventional  Technology	Provider Specialty		2471C1106X		
PROVIDER	PROVIDER SPECIALTY PRIMARY	2472E0500X	2472E0500X=Technician,  Other  EEG	Provider Specialty		2472E0500X		
PROVIDER	PROVIDER SPECIALTY PRIMARY	251300000X	251300000X=Local  Education  Agency  (LEA)  	Provider Specialty		251300000X		
PROVIDER	PROVIDER SPECIALTY PRIMARY	3418M1110X	3418M1110X=Military/U.S.  Coast  Guard  Transport  Military  or  U.S.  Coast  Guard  Ambulance,  Ground  Transport	Provider Specialty		3418M1110X		
PROVIDER	PROVIDER SPECIALTY PRIMARY	364SH0200X	364SH0200X=Clinical  Nurse  Specialist  Home  Health	Provider Specialty		364SH0200X		
PROVIDER	PROVIDER SPECIALTY PRIMARY	364SP0807X	364SP0807X=Clinical  Nurse  Specialist  Psych/Mental  Health,  Child  &  Adolescent	Provider Specialty		364SP0807X		
PROVIDER	PROVIDER SPECIALTY PRIMARY	367A00000X	367A00000X=Advanced  Practice  Midwife  	Provider Specialty		367A00000X		
PROVIDER	PROVIDER SPECIALTY PRIMARY	372500000X	372500000X=Chore  Provider  	Provider Specialty		372500000X		
OBS_CLIN	OBSCLIN RESULT QUAL	ABNORMAL	ABNORMAL=Abnormal	Result qualifier	4155143	ABNORMAL	Abnormally low	
OBS_CLIN	OBSCLIN RESULT QUAL	DETECTED	DETECTED=Detected	Result qualifier	4126681	DETECTED	Detected	
OBS_CLIN	OBSCLIN RESULT QUAL	EQUIVOCAL	EQUIVOCAL=Equivocal	Result qualifier	4172976	EQUIVOCAL	Equivocal	
OBS_CLIN	OBSCLIN RESULT QUAL	HIGH	HIGH=High	Result qualifier	4328749	HIGH	High	
OBS_CLIN	OBSCLIN RESULT QUAL	NEGATIVE	NEGATIVE=Negative	Result qualifier	4165520	NEGATIVE	None seen	
OBS_CLIN	OBSCLIN RESULT QUAL	NONREACTIVE	NONREACTIVE=Nonreactive	Result qualifier	763703	NONREACTIVE	Repeatedly non-reactive	
OBS_CLIN	OBSCLIN RESULT QUAL	NORMAL	NORMAL=Normal	Result qualifier	4128647	NORMAL	Normal limits	
OBS_CLIN	OBSCLIN RESULT QUAL	NOT DETECTED	NOT DETECTED=Not Detected	Result qualifier	9190	NOT DETECTED	Not detected	
OBS_CLIN	OBSCLIN RESULT QUAL	POSITIVE	POSITIVE=Positive	Result qualifier	9191	POSITIVE	Positive	
OBS_CLIN	OBSCLIN RESULT QUAL	SUSPECTED	SUSPECTED=Suspected	Result qualifier	4038110	SUSPECTED	Susceptible	
OBS_CLIN	OBSCLIN RESULT QUAL	UNDETERMINED	UNDETERMINED=Undetermined	Result qualifier	4160775	UNDETERMINED	Undetermined	
OBS_CLIN	OBSCLIN RESULT QUAL	UN	UN=Unknown	Result qualifier	44814653	UN	Unknown	
OBS_CLIN	OBSCLIN RESULT QUAL	OT	OT=Other	Result qualifier	0	OT	Other	
OBS_GEN	OBSGEN RESULT QUAL	BORDERLINE	BORDERLINE=Borderline	Result qualifier	4162852	BORDERLINE	Borderline normal	
OBS_GEN	OBSGEN RESULT QUAL	HIGH	HIGH=High	Result qualifier	4328749	HIGH	High	
OBS_GEN	OBSGEN RESULT QUAL	NEGATIVE	NEGATIVE=Negative	Result qualifier	4188540	NEGATIVE	No	
OBS_GEN	OBSGEN RESULT QUAL	NONREACTIVE	NONREACTIVE=Nonreactive	Result qualifier	763703	NONREACTIVE	Repeatedly non-reactive	
OBS_GEN	OBSGEN RESULT QUAL	NORMAL	NORMAL=Normal	Result qualifier	4128647	NORMAL	Normal limits	
OBS_GEN	OBSGEN RESULT QUAL	POSITIVE	POSITIVE=Positive	Result qualifier	4127785	POSITIVE	Weakly positive	
OBS_GEN	OBSGEN RESULT QUAL	UN	UN=Unknown	Result qualifier	44814653	UN	Unknown	
OBS_GEN	OBSGEN RESULT QUAL	OT	OT=Other	Result qualifier	44814649	OT	Other	
OBS_CLIN	OBSCLIN RESULT QUAL	BORDERLINE	BORDERLINE=Borderline	Result qualifier	4162852	BORDERLINE	Borderline normal	
OBS_GEN	OBSGEN RESULT QUAL	ABNORMAL	ABNORMAL=Abnormal	Result qualifier	4183448	ABNORMAL	Abnormal presence of	
OBS_GEN	OBSGEN RESULT QUAL	DETECTED	DETECTED=Detected	Result qualifier	4126681	DETECTED	Detected	
OBS_GEN	OBSGEN RESULT QUAL	EQUIVOCAL	EQUIVOCAL=Equivocal	Result qualifier	4172976	EQUIVOCAL	Equivocal	
OBS_GEN	OBSGEN RESULT QUAL	LOW	LOW=Low	Result qualifier	4267416	LOW	Low	
OBS_GEN	OBSGEN RESULT QUAL	NOT DETECTED	NOT DETECTED=Not Detected	Result qualifier	9190	NOT DETECTED	Not detected	
OBS_GEN	OBSGEN RESULT QUAL	SUSPECTED	SUSPECTED=Suspected	Result qualifier	4038110	SUSPECTED	Susceptible	
OBS_GEN	OBSGEN RESULT QUAL	UNDETERMINED	UNDETERMINED=Undetermined	Result qualifier	4160775	UNDETERMINED	Undetermined	
OBS_CLIN	OBSCLIN RESULT QUAL	LOW	LOW=Low	Result qualifier	4267416	LOW	Low	
OBS_CLIN	OBSCLIN RESULT QUAL	NI	NI=No  Information	Result qualifier	44814650	NI	No information	
OBS_GEN	OBSGEN RESULT QUAL	NI	NI=No  Information	Result qualifier	44814650	NI	No information	
OBS_CLIN	OBSCLIN RESULT MODIFIER	LE	LE=Less  than  or  equal  to	Result modifier	4171754	LE	Less than or equal to	NULL
OBS_CLIN	OBSCLIN RESULT MODIFIER	LT	LT=Less  than	Result modifier	4171756	LT	Less than	NULL
OBS_CLIN	OBSCLIN RESULT MODIFIER	NI	NI=No  information	Result modifier	44814650	NI	No Information	NULL
OBS_CLIN	OBSCLIN RESULT MODIFIER	UN	UN=Unknown	Result modifier	44814653	UN	Unkown	NULL
OBS_CLIN	OBSCLIN RESULT MODIFIER	OT	OT=Other	Result modifier	44814649	OT	Other	NULL
OBS_GEN	OBSGEN RESULT MODIFIER	GE	GE=Greater  than  or  equal  to	Result modifier	4171755	GE	Greater than or equal to	NULL
OBS_GEN	OBSGEN RESULT MODIFIER	LE	LE=Less  than  or  equal  to	Result modifier	4171754	LE	Less than or equal to	NULL
OBS_GEN	OBSGEN RESULT MODIFIER	LT	LT=Less  than	Result modifier	4171756	LT	Less than	NULL
OBS_GEN	OBSGEN RESULT MODIFIER	NI	NI=No  information	Result modifier	44814650	NI	No Information	NULL
OBS_CLIN	OBSCLIN RESULT MODIFIER	EQ	EQ=Equal	Result modifier	4172703	EQ	EQUAL	NULL
OBS_CLIN	OBSCLIN RESULT MODIFIER	GE	GE=Greater  than  or  equal  to	Result modifier	4171755	GE	Greater than or equal to	NULL
OBS_CLIN	OBSCLIN RESULT MODIFIER	GT	GT=Greater  than	Result modifier	4172704	GT	Greater than	NULL
OBS_GEN	OBSGEN RESULT MODIFIER	EQ	EQ=Equal	Result modifier	4172703	EQ	EQUAL	NULL
OBS_GEN	OBSGEN RESULT MODIFIER	GT	GT=Greater  than	Result modifier	4172704	GT	Greater than	NULL
OBS_GEN	OBSGEN RESULT MODIFIER	UN	UN=Unknown	Result modifier	44814653	UN	Unkown	NULL
OBS_GEN	OBSGEN RESULT MODIFIER	OT	OT=Other	Result modifier	44814649	OT	Other	NULL
MED_ADMIN	MEDADMIN ROUTE	BODY_CAVITY	BODY_CAVITY=Body  cavity  route  (qualifier  value)	Route	4222254	BODY_CAVITY	Body cavity use	
MED_ADMIN	MEDADMIN ROUTE	BUCCAL	BUCCAL=Buccal  route  (qualifier  value)	Route	4181897	BUCCAL	Buccal	
MED_ADMIN	MEDADMIN ROUTE	COLOSTOMY	COLOSTOMY=Colostomy  route  (qualifier  value)	Route	4168047	COLOSTOMY	Colostomy route	
MED_ADMIN	MEDADMIN ROUTE	CONJUNCTIVAL	CONJUNCTIVAL=Conjunctival  route  (qualifier  value)	Route	40486444	CONJUNCTIVAL	Conjunctival route	
MED_ADMIN	MEDADMIN ROUTE	CUTANEOUS	CUTANEOUS=Cutaneous  route  (qualifier  value)	Route	4263689	CUTANEOUS	Cutaneous	
MED_ADMIN	MEDADMIN ROUTE	DENTAL	DENTAL=Dental  route  (qualifier  value)	Route	4163765	DENTAL	Dental	
MED_ADMIN	MEDADMIN ROUTE	DIGESTIVE_TRACT	DIGESTIVE_TRACT=Digestive  tract  route  (qualifier  value)	Route	40487501	DIGESTIVE_TRACT	Digestive tract route	
MED_ADMIN	MEDADMIN ROUTE	ENDOCERVICAL	ENDOCERVICAL=Endocervical  route  (qualifier  value)	Route	4186831	ENDOCERVICAL	Endocervical	
MED_ADMIN	MEDADMIN ROUTE	ENDOSINUSIAL	ENDOSINUSIAL=Endosinusial  route  (qualifier  value)	Route	4157756	ENDOSINUSIAL	Endosinusial	
MED_ADMIN	MEDADMIN ROUTE	ENDOTRACHEOPULMONARY	ENDOTRACHEOPULMONARY=Endotracheopulmonary  route  (qualifier  value)	Route	4186832	ENDOTRACHEOPULMONARY	Endotracheopulmonary	
MED_ADMIN	MEDADMIN ROUTE	ENTERAL	ENTERAL=Enteral  route  (qualifier  value)	Route	4167540	ENTERAL	Enteral route	
MED_ADMIN	MEDADMIN ROUTE	EPIDURAL	EPIDURAL=Epidural  route  (qualifier  value)	Route	4225555	EPIDURAL	Epidural	
MED_ADMIN	MEDADMIN ROUTE	ESOPHAGOSTOMY	ESOPHAGOSTOMY=Esophagostomy  route  (qualifier  value)	Route	4172191	ESOPHAGOSTOMY	Esophagostomy route	
MED_ADMIN	MEDADMIN ROUTE	EXTRA_AMNIOTIC	EXTRA_AMNIOTIC=Extra-amniotic  route  (qualifier  value)	Route	4186833	EXTRA_AMNIOTIC	Extraamniotic	
MED_ADMIN	MEDADMIN ROUTE	EXTRACORPOREAL	EXTRACORPOREAL=Extracorporeal  route  (qualifier  value)	Route		EXTRACORPOREAL		
MED_ADMIN	MEDADMIN ROUTE	EXTRACORPOREAL_HEMODIALYSIS	EXTRACORPOREAL_HEMODIALYSIS=Extracorporeal hemodialysis route (qualifier value)	Route	44801748	EXTRACORPOREAL_HEMODIALYSIS	Haemodiafiltration route	
MED_ADMIN	MEDADMIN ROUTE	GASTRO_INTESTINAL_STOMA	GASTRO_INTESTINAL_STOMA=Gastro-intestinal  stoma  route  (qualifier  value)	Route	4168665	GASTRO_INTESTINAL_STOMA	Gastro-intestinal stoma route	
MED_ADMIN	MEDADMIN ROUTE	GASTROSTOMY	GASTROSTOMY=Gastrostomy  route  (qualifier  value)	Route	4132254	GASTROSTOMY	Gastrostomy Tube (FDB)	
MED_ADMIN	MEDADMIN ROUTE	GINGIVAL	GINGIVAL=Gingival  route  (qualifier  value)	Route	4156704	GINGIVAL	Gingival	
MED_ADMIN	MEDADMIN ROUTE	ILEOSTOMY	ILEOSTOMY=Ileostomy  route  (qualifier  value)	Route	4305679	ILEOSTOMY	retrograde ileostomy	
MED_ADMIN	MEDADMIN ROUTE	INTERSTITIAL	INTERSTITIAL=Interstitial  route  (qualifier  value)	Route	4327128	INTERSTITIAL	Interstitial route	
MED_ADMIN	MEDADMIN ROUTE	INTRA_ARTERIAL	INTRA_ARTERIAL=Intra-arterial  route  (qualifier  value)	Route	4240824	INTRA_ARTERIAL	Intraarterial	
MED_ADMIN	MEDADMIN ROUTE	INTRA_ARTICULAR	INTRA_ARTICULAR=Intra-articular  route  (qualifier  value)	Route	4006860	INTRA_ARTICULAR	Intraarticular	
MED_ADMIN	MEDADMIN ROUTE	INTRAABDOMINAL	INTRAABDOMINAL=Intraabdominal  route  (qualifier  value)	Route	4304882	INTRAABDOMINAL	Intraabdominal route	
MED_ADMIN	MEDADMIN ROUTE	INTRAAMNIOTIC	INTRAAMNIOTIC=Intraamniotic  route  (qualifier  value)	Route	4163767	INTRAAMNIOTIC	Intraamniotic	
MED_ADMIN	MEDADMIN ROUTE	INTRABILIARY	INTRABILIARY=Intrabiliary  route  (qualifier  value)	Route	3268575	INTRABILIARY	Intrabiliary route	
MED_ADMIN	MEDADMIN ROUTE	INTRABURSAL	INTRABURSAL=Intrabursal  route  (qualifier  value)	Route	4163768	INTRABURSAL	Intrabursal	
MED_ADMIN	MEDADMIN ROUTE	INTRACAMERAL	INTRACAMERAL=Intracameral  route  (qualifier  value)	Route	4303409	INTRACAMERAL	Intracameral	
MED_ADMIN	MEDADMIN ROUTE	INTRACARDIAC	INTRACARDIAC=Intracardiac  route  (qualifier  value)	Route	4156705	INTRACARDIAC	Intracardiac	
MED_ADMIN	MEDADMIN ROUTE	INTRACARTILAGINOUS	INTRACARTILAGINOUS=Intracartilaginous  route  (qualifier  value)	Route	4303676	INTRACARTILAGINOUS	Intracartilaginous route	
MED_ADMIN	MEDADMIN ROUTE	INTRACAVERNOUS	INTRACAVERNOUS=Intracavernous  route  (qualifier  value)	Route	4157757	INTRACAVERNOUS	Intracavernous	
MED_ADMIN	MEDADMIN ROUTE	INTRACEREBRAL	INTRACEREBRAL=Intracerebral  route  (qualifier  value)	Route	40488317	INTRACEREBRAL	Intracerebral route	
MED_ADMIN	MEDADMIN ROUTE	INTRACEREBROVENTRICULAR	INTRACEREBROVENTRICULAR=Intracerebroventricular  route  (qualifier  value)	Route	4224886	INTRACEREBROVENTRICULAR	Intracerebroventricular	
MED_ADMIN	MEDADMIN ROUTE	INTRACHOLANGIOPANCREATIC	INTRACHOLANGIOPANCREATIC=Intracholangiopancreatic route (qualifier value)	Route	37207461	INTRACHOLANGIOPANCREATIC	Intracholangiopancreatic route	
MED_ADMIN	MEDADMIN ROUTE	INTRACISTERNAL	INTRACISTERNAL=Intracisternal  route  (qualifier  value)	Route	4305993	INTRACISTERNAL	Intracisternal route	
MED_ADMIN	MEDADMIN ROUTE	INTRACORNEAL	INTRACORNEAL=Intracorneal  route  (qualifier  value)	Route	4305690	INTRACORNEAL	Intracorneal route	
MED_ADMIN	MEDADMIN ROUTE	INTRACORONAL	INTRACORONAL=Intracoronal  route  (qualifier  value)	Route	4303667	INTRACORONAL	Intracoronal route	
MED_ADMIN	MEDADMIN ROUTE	INTRACORONARY	INTRACORONARY=Intracoronary  route  (qualifier  value)	Route	4186836	INTRACORONARY	Intracoronary	
MED_ADMIN	MEDADMIN ROUTE	INTRACORPUS_CAVERNOSUM	INTRACORPUS_CAVERNOSUM=Intracorpus  cavernosum  route  (qualifier  value)	Route	40492302	INTRACORPUS_CAVERNOSUM	Intracorporus cavernosum route	
MED_ADMIN	MEDADMIN ROUTE	INTRACRANIAL	INTRACRANIAL=Intracranial  route  (qualifier  value)	Route	4171079	INTRACRANIAL	Intracranial route	
MED_ADMIN	MEDADMIN ROUTE	INTRADERMAL	INTRADERMAL=Intradermal  route  (qualifier  value)	Route	4156706	INTRADERMAL	Intradermal	
MED_ADMIN	MEDADMIN ROUTE	INTRADISCAL	INTRADISCAL=Intradiscal  route  (qualifier  value)	Route	4163769	INTRADISCAL	Intradiscal	
MED_ADMIN	MEDADMIN ROUTE	INTRADUCTAL	INTRADUCTAL=Intraductal  route  (qualifier  value)	Route	4170083	INTRADUCTAL	Intraductal	
MED_ADMIN	MEDADMIN ROUTE	INTRADUODENAL	INTRADUODENAL=Intraduodenal  route  (qualifier  value)	Route	4302354	INTRADUODENAL	Intraduodenal route	
MED_ADMIN	MEDADMIN ROUTE	INTRADURAL	INTRADURAL=Intradural  route  (qualifier  value)	Route	40492288	INTRADURAL	Intradural route	
MED_ADMIN	MEDADMIN ROUTE	INTRAEPICARDIAL	INTRAEPICARDIAL=Intraepicardial  route  (qualifier  value)	Route	40492305	INTRAEPICARDIAL	Intrapericardial route	
MED_ADMIN	MEDADMIN ROUTE	INTRAEPIDERMAL	INTRAEPIDERMAL=Intraepidermal  route  (qualifier  value)	Route	40487983	INTRAEPIDERMAL	Intraepidermal route	
MED_ADMIN	MEDADMIN ROUTE	INTRAGASTRIC	INTRAGASTRIC=Intragastric  route  (qualifier  value)	Route	40492301	INTRAGASTRIC	Intragastric route	
MED_ADMIN	MEDADMIN ROUTE	INTRAGLANDULAR	INTRAGLANDULAR=Intraglandular route (qualifier value)	Route	703330	INTRAGLANDULAR	Intraglandular	
MED_ADMIN	MEDADMIN ROUTE	INTRAHEPATIC	INTRAHEPATIC=Intrahepatic  route  (qualifier  value)	Route	40493258	INTRAHEPATIC	intrahepatic	
MED_ADMIN	MEDADMIN ROUTE	INTRAILEAL	INTRAILEAL=Intraileal  route  (qualifier  value)	Route	40490837	INTRAILEAL	Intraileal route	
MED_ADMIN	MEDADMIN ROUTE	INTRAJEJUNAL	INTRAJEJUNAL=Intrajejunal  route  (qualifier  value)	Route	40489989	INTRAJEJUNAL	Intrajejunal route	
MED_ADMIN	MEDADMIN ROUTE	INTRALESIONAL	INTRALESIONAL=Intralesional  route  (qualifier  value)	Route	4157758	INTRALESIONAL	Intralesional	
MED_ADMIN	MEDADMIN ROUTE	INTRALINGUAL	INTRALINGUAL=Intralingual  route  (qualifier  value)	Route	40493227	INTRALINGUAL	Intralingual route	
MED_ADMIN	MEDADMIN ROUTE	INTRALUMINAL	INTRALUMINAL=Intraluminal  route  (qualifier  value)	Route	4292410	INTRALUMINAL	Intraluminal route	
MED_ADMIN	MEDADMIN ROUTE	INTRALYMPHATIC	INTRALYMPHATIC=Intralymphatic  route  (qualifier  value)	Route	4157759	INTRALYMPHATIC	Intralymphatic	
MED_ADMIN	MEDADMIN ROUTE	INTRAMAMMARY	INTRAMAMMARY=Intramammary  route  (qualifier  value)	Route	40491321	INTRAMAMMARY	Intramammary route	
MED_ADMIN	MEDADMIN ROUTE	INTRAMENINGEAL	INTRAMENINGEAL=Intrameningeal  route  (qualifier  value)	Route	40492300	INTRAMENINGEAL	Intrameningeal route	
MED_ADMIN	MEDADMIN ROUTE	INTRAMURAL	INTRAMURAL=Intramural  route  (qualifier  value)	Route	46272926	INTRAMURAL	Intramural route	
MED_ADMIN	MEDADMIN ROUTE	INTRAMYOMETRIAL	INTRAMYOMETRIAL=Intramyometrial  route  (qualifier  value)	Route	4168038	INTRAMYOMETRIAL	Intramyometrial route	
MED_ADMIN	MEDADMIN ROUTE	INTRAOCULAR	INTRAOCULAR=Intraocular  route  (qualifier  value)	Route	4157760	INTRAOCULAR	Intraocular	
MED_ADMIN	MEDADMIN ROUTE	INTRAOSSEOUS	INTRAOSSEOUS=Intraosseous  route  (qualifier  value)	Route	4213522	INTRAOSSEOUS	Intraosseous	
MED_ADMIN	MEDADMIN ROUTE	INTRAOVARIAN	INTRAOVARIAN=Intraovarian  route  (qualifier  value)	Route	4306657	INTRAOVARIAN	Intraovarian route	
MED_ADMIN	MEDADMIN ROUTE	INTRAPERITONEAL	INTRAPERITONEAL=Intraperitoneal  route  (qualifier  value)	Route	4243022	INTRAPERITONEAL	Intraperitoneal	
MED_ADMIN	MEDADMIN ROUTE	INTRAPLEURAL	INTRAPLEURAL=Intrapleural  route  (qualifier  value)	Route	4156707	INTRAPLEURAL	Intrapleural	
MED_ADMIN	MEDADMIN ROUTE	INTRAPORTAL	INTRAPORTAL=Intraportal route (qualifier value)	Route	37207462	INTRAPORTAL	Intraportal route	
MED_ADMIN	MEDADMIN ROUTE	INTRAPROSTATIC	INTRAPROSTATIC=Intraprostatic  route  (qualifier  value)	Route	4171725	INTRAPROSTATIC	Intraprostatic route	
MED_ADMIN	MEDADMIN ROUTE	INTRAPULMONARY	INTRAPULMONARY=Intrapulmonary  route  (qualifier  value)	Route	4169270	INTRAPULMONARY	Intrapulmonary route	
MED_ADMIN	MEDADMIN ROUTE	INTRASINAL	INTRASINAL=Intrasinal  route  (qualifier  value)	Route	4169440	INTRASINAL	Intrasinal route	
MED_ADMIN	MEDADMIN ROUTE	INTRASPINAL	INTRASPINAL=Intraspinal  route  (qualifier  value)	Route	4302788	INTRASPINAL	intraspina	
MED_ADMIN	MEDADMIN ROUTE	INTRATENDINOUS	INTRATENDINOUS=Intratendinous  route  (qualifier  value)	Route	4303939	INTRATENDINOUS	Intratendinous route	
MED_ADMIN	MEDADMIN ROUTE	INTRATESTICULAR	INTRATESTICULAR=Intratesticular  route  (qualifier  value)	Route	4171067	INTRATESTICULAR	Intratesticular route	
MED_ADMIN	MEDADMIN ROUTE	INTRATHECAL	INTRATHECAL=Intrathecal  route  (qualifier  value)	Route	4217202	INTRATHECAL	Intrathecal	
MED_ADMIN	MEDADMIN ROUTE	INTRATHORACIC	INTRATHORACIC=Intrathoracic  route  (qualifier  value)	Route	4167393	INTRATHORACIC	Intrathoracic route	
MED_ADMIN	MEDADMIN ROUTE	INTRATRACHEAL	INTRATRACHEAL=Intratracheal  route  (qualifier  value)	Route	4229543	INTRATRACHEAL	Intratracheal	
MED_ADMIN	MEDADMIN ROUTE	INTRATUMOR	INTRATUMOR=Intratumor  route  (qualifier  value)	Route	40491322	INTRATUMOR	Intratumoral	
MED_ADMIN	MEDADMIN ROUTE	INTRATYMPANIC	INTRATYMPANIC=Intratympanic  route  (qualifier  value)	Route	4168656	INTRATYMPANIC	intratympanic	
MED_ADMIN	MEDADMIN ROUTE	INTRAUTERINE	INTRAUTERINE=Intrauterine  route  (qualifier  value)	Route	4269621	INTRAUTERINE	Intrauterine	
MED_ADMIN	MEDADMIN ROUTE	INTRAVASCULAR	INTRAVASCULAR=Intravascular  route  (qualifier  value)	Route	40492287	INTRAVASCULAR	Intravascular	
MED_ADMIN	MEDADMIN ROUTE	INTRAVENOUS	INTRAVENOUS=Intravenous  route  (qualifier  value)	Route	4112421	INTRAVENOUS	Intravenous	
MED_ADMIN	MEDADMIN ROUTE	INTRAVENOUS_PERIPHERAL	INTRAVENOUS_PERIPHERAL=Intravenous  peripheral  route  (qualifier  value)	Route	4171884	INTRAVENOUS_PERIPHERAL	peripheral nerve	
MED_ADMIN	MEDADMIN ROUTE	INTRAVENTRICULAR_CARDIAC	INTRAVENTRICULAR_CARDIAC=Intraventricular  route  -  cardiac  (qualifier  value)	Route	4222259	INTRAVENTRICULAR_CARDIAC	Intraventricular cardiac	
MED_ADMIN	MEDADMIN ROUTE	INTRAVESICAL	INTRAVESICAL=Intravesical  route  (qualifier  value)	Route	4186838	INTRAVESICAL	Intravesical	
MED_ADMIN	MEDADMIN ROUTE	INTRAVITREAL	INTRAVITREAL=Intravitreal  route  (qualifier  value)	Route	4302785	INTRAVITREAL	Intravitreal	
MED_ADMIN	MEDADMIN ROUTE	JEJUNOSTOMY	JEJUNOSTOMY=Jejunostomy  route  (qualifier  value)	Route	4133177	JEJUNOSTOMY	Jejunostomy route	
MED_ADMIN	MEDADMIN ROUTE	LARYNGEAL	LARYNGEAL=Laryngeal  route  (qualifier  value)	Route	4170440	LARYNGEAL	Laryngeal route	
MED_ADMIN	MEDADMIN ROUTE	LOWER_RESPIRATORY_TRACT	LOWER_RESPIRATORY_TRACT=Lower  respiratory  tract  route  (qualifier  value)	Route	40490898	LOWER_RESPIRATORY_TRACT	Lower respiratory tract route	
MED_ADMIN	MEDADMIN ROUTE	NASODUODENAL	NASODUODENAL=Nasoduodenal  route  (qualifier  value)	Route	4172316	NASODUODENAL	nasoduodenal tube	
MED_ADMIN	MEDADMIN ROUTE	NASOJEJUNAL	NASOJEJUNAL=Nasojejunal  route  (qualifier  value)	Route	4305834	NASOJEJUNAL	Nasojejunal Tube	
MED_ADMIN	MEDADMIN ROUTE	OPHTHALMIC	OPHTHALMIC=Ophthalmic  route  (qualifier  value)	Route	4184451	OPHTHALMIC	Ophthalmic	
MED_ADMIN	MEDADMIN ROUTE	OROMUCOSAL	OROMUCOSAL=Oromucosal  route  (qualifier  value)	Route	4186839	OROMUCOSAL	Oromucosal	
MED_ADMIN	MEDADMIN ROUTE	OROPHARYNGEAL	OROPHARYNGEAL=Oropharyngeal  route  (qualifier  value)	Route	4303277	OROPHARYNGEAL	oropharyngeal route	
MED_ADMIN	MEDADMIN ROUTE	PARACERVICAL	PARACERVICAL=Paracervical  route  (qualifier  value)	Route	4303515	PARACERVICAL	Paracervical route	
MED_ADMIN	MEDADMIN ROUTE	PARAVERTEBRAL	PARAVERTEBRAL=Paravertebral  route  (qualifier  value)	Route	4170267	PARAVERTEBRAL	Paravertebral	
MED_ADMIN	MEDADMIN ROUTE	PERCUTANEOUS	PERCUTANEOUS=Percutaneous  route  (qualifier  value)	Route	4177987	PERCUTANEOUS	Percutaneous	
MED_ADMIN	MEDADMIN ROUTE	PERIARTICULAR	PERIARTICULAR=Periarticular  route  (qualifier  value)	Route	4156708	PERIARTICULAR	Periarticular	
MED_ADMIN	MEDADMIN ROUTE	PERIBULBAR	PERIBULBAR=Peribulbar  route  (qualifier  value)	Route	4304274	PERIBULBAR	Peribulbar route	
MED_ADMIN	MEDADMIN ROUTE	PERIDURAL	PERIDURAL=Peridural  route  (qualifier  value)	Route	40490896	PERIDURAL	Peridural route	
MED_ADMIN	MEDADMIN ROUTE	PERINEURAL	PERINEURAL=Perineural  route  (qualifier  value)	Route	4157761	PERINEURAL	Perineural	
MED_ADMIN	MEDADMIN ROUTE	PERIODONTAL	PERIODONTAL=Periodontal  route  (qualifier  value)	Route	40490866	PERIODONTAL	Periodontal route	
MED_ADMIN	MEDADMIN ROUTE	PERITENDINOUS	PERITENDINOUS=Peritendinous  route  (qualifier  value)	Route	4305564	PERITENDINOUS	Peritendinous route	
MED_ADMIN	MEDADMIN ROUTE	PERIURETHRAL	PERIURETHRAL=Periurethral  route  (qualifier  value)	Route	4303646	PERIURETHRAL	Periurethral route	
MED_ADMIN	MEDADMIN ROUTE	POSTERIOR_JUXTASCLERAL	POSTERIOR_JUXTASCLERAL=Posterior juxtascleral route (qualifier value)	Route	37207464	POSTERIOR_JUXTASCLERAL	Posterior juxtascleral route	
MED_ADMIN	MEDADMIN ROUTE	RECTAL	RECTAL=Rectal  route  (qualifier  value)	Route	4115462	RECTAL	Rectal	
MED_ADMIN	MEDADMIN ROUTE	RESPIRATORY_TRACT	RESPIRATORY_TRACT=Respiratory  tract  route  (qualifier  value)	Route	40486069	RESPIRATORY_TRACT	Respiratory tract route	
MED_ADMIN	MEDADMIN ROUTE	RETROBULBAR	RETROBULBAR=Retrobulbar  route  (qualifier  value)	Route	4303673	RETROBULBAR	Retrobulbar route	
MED_ADMIN	MEDADMIN ROUTE	SUBCONJUNCTIVAL	SUBCONJUNCTIVAL=Subconjunctival  route  (qualifier  value)	Route	4163770	SUBCONJUNCTIVAL	Subconjunctival	
MED_ADMIN	MEDADMIN ROUTE	SUBCUTANEOUS	SUBCUTANEOUS=Subcutaneous  route  (qualifier  value)	Route	4139962	SUBCUTANEOUS	Subcutaneous	
MED_ADMIN	MEDADMIN ROUTE	SUBGINGIVAL	SUBGINGIVAL=Subgingival  route  (qualifier  value)	Route	4306649	SUBGINGIVAL	Subgingival route	
MED_ADMIN	MEDADMIN ROUTE	SUBLESIONAL	SUBLESIONAL=Sublesional  route  (qualifier  value)	Route	46270168	SUBLESIONAL	Sublesional route	
MED_ADMIN	MEDADMIN ROUTE	SUBLINGUAL	SUBLINGUAL=Sublingual  route  (qualifier  value)	Route	4292110	SUBLINGUAL	Sublingual	
MED_ADMIN	MEDADMIN ROUTE	SUBMUCOSAL	SUBMUCOSAL=Submucosal  route  (qualifier  value)	Route	45956878	SUBMUCOSAL	Submucosal rectal	
MED_ADMIN	MEDADMIN ROUTE	SUBORBITAL	SUBORBITAL=Suborbital  route  (qualifier  value)	Route	4166865	SUBORBITAL	Suborbital route	
MED_ADMIN	MEDADMIN ROUTE	SUBRETINAL	SUBRETINAL=Subretinal route (qualifier value)	Route	36703536	SUBRETINAL	Subretinal route	
MED_ADMIN	MEDADMIN ROUTE	SUBTENDINOUS	SUBTENDINOUS=Subtendinous  route  (qualifier  value)	Route	4302493	SUBTENDINOUS	Subtendinous route	
MED_ADMIN	MEDADMIN ROUTE	SURGICAL_CAVITY	SURGICAL_CAVITY=Surgical  cavity  route  (qualifier  value)	Route	4170771	SURGICAL_CAVITY	Surgical cavity route	
MED_ADMIN	MEDADMIN ROUTE	TOPICAL	TOPICAL=Topical  route  (qualifier  value)	Route	4231622	TOPICAL	Topical	
MED_ADMIN	MEDADMIN ROUTE	TRANSCERVICAL	TRANSCERVICAL=Transcervical  route  (qualifier  value)	Route	4304730	TRANSCERVICAL	Transcervical route	
MED_ADMIN	MEDADMIN ROUTE	TRANSENDOCARDIAL	TRANSENDOCARDIAL=Transendocardial  route  (qualifier  value)	Route	40487850	TRANSENDOCARDIAL	Transendocardial route	
MED_ADMIN	MEDADMIN ROUTE	TRANSMUCOSAL	TRANSMUCOSAL=Transmucosal  route  (qualifier  value)	Route	4232601	TRANSMUCOSAL	Transmucosal	
MED_ADMIN	MEDADMIN ROUTE	TRANSPLACENTAL	TRANSPLACENTAL=Transplacental  route  (qualifier  value)	Route	40487858	TRANSPLACENTAL	Transplacental route	
MED_ADMIN	MEDADMIN ROUTE	TRANSTRACHEAL	TRANSTRACHEAL=Transtracheal  route  (qualifier  value)	Route	40491832	TRANSTRACHEAL	Transtracheal route	
MED_ADMIN	MEDADMIN ROUTE	TRANSTYMPANIC	TRANSTYMPANIC=Transtympanic  route  (qualifier  value)	Route	40491830	TRANSTYMPANIC	Transtympanic route	
MED_ADMIN	MEDADMIN ROUTE	TRANSURETHRAL	TRANSURETHRAL=Transurethral  route  (qualifier  value)	Route	4305382	TRANSURETHRAL	Transurethral route	
MED_ADMIN	MEDADMIN ROUTE	TUMOR_CAVITY	TUMOR_CAVITY=Tumor  cavity  route  (qualifier  value)	Route	4169472	TUMOR_CAVITY	Tumor cavity route	
MED_ADMIN	MEDADMIN ROUTE	URETERAL	URETERAL=Ureteral  route  (qualifier  value)	Route	4304571	URETERAL	Ureteral route	
MED_ADMIN	MEDADMIN ROUTE	UROSTOMY	UROSTOMY=Urostomy  route  (qualifier  value)	Route	4170435	UROSTOMY	Urostomy route	
MED_ADMIN	MEDADMIN ROUTE	VAGINAL	VAGINAL=Vaginal  route  (qualifier  value)	Route	4057765	VAGINAL	Vaginal	
MED_ADMIN	MEDADMIN ROUTE	NI	NI=No  information	Route	44814650	NI		
MED_ADMIN	MEDADMIN ROUTE	UN	UN=Unknown	Route		UN		
MED_ADMIN	MEDADMIN ROUTE	OT	OT=Other	Route		OT		
MED_ADMIN	MEDADMIN ROUTE	PERIOSTEAL	PERIOSTEAL=Periosteal  route  (qualifier  value)	Route	4171893	PERIOSTEAL	Periosteal route	
MED_ADMIN	MEDADMIN ROUTE	ARTERIOVENOUS_FISTULA	ARTERIOVENOUS_FISTULA=Arteriovenous  fistula  route  (qualifier  value)	Route	44783786	ARTERIOVENOUS_FISTULA	Arteriovenous fistula route	
MED_ADMIN	MEDADMIN ROUTE	CAUDAL	CAUDAL=Caudal  route  (qualifier  value)	Route	4220455	CAUDAL	Caudal route	
MED_ADMIN	MEDADMIN ROUTE	EPILESIONAL	EPILESIONAL=Epilesional route (qualifier value)	Route	35608078	EPILESIONAL	Epilesional route	
MED_ADMIN	MEDADMIN ROUTE	FISTULA	FISTULA=Fistula  route  (qualifier  value)	Route	4304277	FISTULA	retrograde thru fistula	
MED_ADMIN	MEDADMIN ROUTE	GASTROENTERAL	GASTROENTERAL=Gastroenteral  route  (qualifier  value)	Route	4186834	GASTROENTERAL	Gastroenteral	
MED_ADMIN	MEDADMIN ROUTE	INFILTRATION	INFILTRATION=Infiltration route (qualifier value)	Route	37397638	INFILTRATION	Infiltration route	
MED_ADMIN	MEDADMIN ROUTE	INTESTINAL	INTESTINAL=Intestinal route (qualifier value)	Route	37207459	INTESTINAL	Intestinal route	
MED_ADMIN	MEDADMIN ROUTE	INTRABRONCHIAL	INTRABRONCHIAL=Intrabronchial  route  (qualifier  value)	Route	3459214	INTRABRONCHIAL	Intrabronchial route	
MED_ADMIN	MEDADMIN ROUTE	INTRACOLONIC	INTRACOLONIC=Intracolonic  route  (qualifier  value)	Route	40489990	INTRACOLONIC	Intracolonic route	
MED_ADMIN	MEDADMIN ROUTE	INTRAESOPHAGEAL	INTRAESOPHAGEAL=Intraesophageal  route  (qualifier  value)	Route	40492284	INTRAESOPHAGEAL	Intraesophageal route	
MED_ADMIN	MEDADMIN ROUTE	INTRAGINGIVAL	INTRAGINGIVAL=Intragingival  route  (qualifier  value)	Route	40492286	INTRAGINGIVAL	Intragingival route	
MED_ADMIN	MEDADMIN ROUTE	INTRAMEDULLARY	INTRAMEDULLARY=Intramedullary  route  (qualifier  value)	Route	4246511	INTRAMEDULLARY	Intramedullary route	
MED_ADMIN	MEDADMIN ROUTE	INTRAMUSCULAR	INTRAMUSCULAR=Intramuscular  route  (qualifier  value)	Route	4302612	INTRAMUSCULAR	Intramuscular	
MED_ADMIN	MEDADMIN ROUTE	INTRANEURAL	INTRANEURAL=Intraneural  route  (qualifier  value)	Route	46272911	INTRANEURAL	Intraneural  route	
MED_ADMIN	MEDADMIN ROUTE	INTRASTERNAL	INTRASTERNAL=Intrasternal  route  (qualifier  value)	Route	4186837	INTRASTERNAL	Intrasternal	
MED_ADMIN	MEDADMIN ROUTE	INTRASYNOVIAL	INTRASYNOVIAL=Intrasynovial  route  (qualifier  value)	Route	4302352	INTRASYNOVIAL	Intrasynovial route	
MED_ADMIN	MEDADMIN ROUTE	INTRAVENOUS_CENTRAL	INTRAVENOUS_CENTRAL=Intravenous  central  route  (qualifier  value)	Route	4170113	INTRAVENOUS_CENTRAL	central venous line infusion	
MED_ADMIN	MEDADMIN ROUTE	MUCOUS_FISTULA	MUCOUS_FISTULA=Mucous  fistula  route  (qualifier  value)	Route	4171243	MUCOUS_FISTULA	Mucus Fistula	
MED_ADMIN	MEDADMIN ROUTE	NASOGASTRIC	NASOGASTRIC=Nasogastric  route  (qualifier  value)	Route	4132711	NASOGASTRIC	Nasogastric	
MED_ADMIN	MEDADMIN ROUTE	ORAL	ORAL=Oral  route  (qualifier  value)	Route	4128794	ORAL	Oral	
MED_ADMIN	MEDADMIN ROUTE	OROGASTRIC	OROGASTRIC=Orogastric  route  (qualifier  value)	Route	4303795	OROGASTRIC	Orogastric	
MED_ADMIN	MEDADMIN ROUTE	OTIC	OTIC=Otic  route  (qualifier  value)	Route	4023156	OTIC	OTIC	
MED_ADMIN	MEDADMIN ROUTE	PERITUMORAL	PERITUMORAL=Peritumoral route (qualifier value)	Route	37207463	PERITUMORAL	Peritumoral route	
MED_ADMIN	MEDADMIN ROUTE	SURGICAL_DRAIN	SURGICAL_DRAIN=Surgical  drain  route  (qualifier  value)	Route	4304412	SURGICAL_DRAIN	abdominal drain	
MED_ADMIN	MEDADMIN ROUTE	TRANSDERMAL	TRANSDERMAL=Transdermal  route  (qualifier  value)	Route	4262099	TRANSDERMAL	Transdermal	
MED_ADMIN	MEDADMIN ROUTE	URETHRAL	URETHRAL=Urethral  route  (qualifier  value)	Route	4233974	URETHRAL	Urethral	
MED_ADMIN	MEDADMIN ROUTE	ARTERIOVENOUS_GRAFT	ARTERIOVENOUS_GRAFT=Arteriovenous  graft  route  (qualifier  value)	Route	762840	ARTERIOVENOUS_GRAFT	Arteriovenous graft route	
MED_ADMIN	MEDADMIN ROUTE	NASAL	NASAL=Nasal  route  (qualifier  value)	Route	4128792	NASAL	Nasal	
PRESCRIBING	RX DOSE ORDERED UNIT	umol/umol{creat}	micromole per micromole of creatinine		0			
PRESCRIBING	RX DOSE ORDERED UNIT	umol/mg	micromole per milligram		0			
PRESCRIBING	RX DOSE ORDERED UNIT	umol/mg{creat}	micromole per milligram of creatinine		0			
PRESCRIBING	RX DOSE ORDERED UNIT	umol/mL	micromole per milliliter		0			
PRESCRIBING	RX DOSE ORDERED UNIT	umol/mL/min	micromole per milliliter per minute		0			
PRESCRIBING	RX DOSE ORDERED UNIT	umol/mmol	micromole per millimole		0			
PRESCRIBING	RX DOSE ORDERED UNIT	umol/mmol{creat}	micromole per millimole of creatinine		0			
PRESCRIBING	RX DOSE ORDERED UNIT	umol/min	micromole per minute		0			
PRESCRIBING	RX DOSE ORDERED UNIT	umol/min/g	micromole per minute per gram		0			
PRESCRIBING	RX DOSE ORDERED UNIT	umol/min/g{mucosa}	micromole per minute per gram of mucosa		0			
PRESCRIBING	RX DOSE ORDERED UNIT	umol/min/g{prot}	micromole per minute per gram of protein		0			
PRESCRIBING	RX DOSE ORDERED UNIT	umol/min/L	micromole per minute per liter		0			
PRESCRIBING	RX DOSE ORDERED UNIT	umol/mol	micromole per mole		0			
PRESCRIBING	RX DOSE ORDERED UNIT	umol/mol{creat}	micromole per mole of creatinine		0			
PRESCRIBING	RX DOSE ORDERED UNIT	umol/mol{Hb}	micromole per mole of hemoglobin		0			
PRESCRIBING	RX DOSE ORDERED UNIT	um/s	microns per second		0			
PRESCRIBING	RX DOSE ORDERED UNIT	uOhm	microOhm		0			
PRESCRIBING	RX DOSE ORDERED UNIT	us	microsecond		0			
PRESCRIBING	RX DOSE ORDERED UNIT	uV	microvolt		0			
PRESCRIBING	RX DOSE ORDERED UNIT	[mi_i]	mile (international)		0			
PRESCRIBING	RX DOSE ORDERED UNIT	mU/g	milli  enzyme unit per gram		0			
PRESCRIBING	RX DOSE ORDERED UNIT	mU/mL	milli  enzyme unit per milliliter		0			
PRESCRIBING	RX DOSE ORDERED UNIT	mU/mL/min	milli  enzyme unit per milliliter per minute		0			
PRESCRIBING	RX DOSE ORDERED UNIT	mU/mmol{creat}	milli  enzyme unit per millimole of creatinine		0			
PRESCRIBING	RX DOSE ORDERED UNIT	mU/mmol{RBCs}	milli  enzyme unit per millimole of red blood cells		0			
PRESCRIBING	RX DOSE ORDERED UNIT	m[IU]/mL	milli  international unit per milliliter		0			
PRESCRIBING	RX DOSE ORDERED UNIT	mU/g{Hb}	milli enzyme unit per gram of hemoglobin		0			
PRESCRIBING	RX DOSE ORDERED UNIT	mU/g{prot}	milli enzyme unit per gram of protein		0			
PRESCRIBING	RX DOSE ORDERED UNIT	mU/L	milli enzyme unit per liter		0			
PRESCRIBING	RX DOSE ORDERED UNIT	mU/mg	milli enzyme unit per milligram		0			
PRESCRIBING	RX DOSE ORDERED UNIT	mU/mg{creat}	milli enzyme unit per milligram of creatinine		0			
PRESCRIBING	RX DOSE ORDERED UNIT	m[IU]/L	milli international unit per liter		0			
PRESCRIBING	RX DOSE ORDERED UNIT	mA	milliampere		0			
PRESCRIBING	RX DOSE ORDERED UNIT	mbar	millibar		0			
PRESCRIBING	RX DOSE ORDERED UNIT	mbar/L/s	millibar per liter per second		0			
PRESCRIBING	RX DOSE ORDERED UNIT	mbar.s/L	millibar second per liter		0			
PRESCRIBING	RX DOSE ORDERED UNIT	meq/(2.h)	milliequivalent per 2 hour		0			
PRESCRIBING	RX DOSE ORDERED UNIT	meq/(24.h)	milliequivalent per 24 hour		0			
PRESCRIBING	RX DOSE ORDERED UNIT	meq/(8.h)	milliequivalent per 8 hour		0			
PRESCRIBING	RX DOSE ORDERED UNIT	meq/d	milliequivalent per day		0			
PRESCRIBING	RX DOSE ORDERED UNIT	meq/dL	milliequivalent per deciliter		0			
PRESCRIBING	RX DOSE ORDERED UNIT	meq/g	milliequivalent per gram		0			
PRESCRIBING	RX DOSE ORDERED UNIT	meq/g{creat}	milliequivalent per gram of creatinine		0			
PRESCRIBING	RX DOSE ORDERED UNIT	meq/h	milliequivalent per hour		0			
PRESCRIBING	RX DOSE ORDERED UNIT	meq/L	milliequivalent per liter		0			
PRESCRIBING	RX DOSE ORDERED UNIT	meq/mL	milliequivalent per milliliter		0			
PRESCRIBING	RX DOSE ORDERED UNIT	meq/min	milliequivalent per minute		0			
PRESCRIBING	RX DOSE ORDERED UNIT	meq/{specimen}	milliequivalent per specimen		0			
PRESCRIBING	RX DOSE ORDERED UNIT	meq/m2	milliequivalent per square meter		0			
PRESCRIBING	RX DOSE ORDERED UNIT	meq/{total_volume}	milliequivalent per total volume		0			
PRESCRIBING	RX DOSE ORDERED UNIT	mg{FEU}/L	milligram fibrinogen equivalent unit per liter		0			
PRESCRIBING	RX DOSE ORDERED UNIT	mg/(10.h)	milligram per 10 hour		0			
PRESCRIBING	RX DOSE ORDERED UNIT	mg/(12.h)	milligram per 12 hour		0			
PRESCRIBING	RX DOSE ORDERED UNIT	mg/(2.h)	milligram per 2 hour		0			
PRESCRIBING	RX DOSE ORDERED UNIT	mg/(24.h)	milligram per 24 hour		0			
PRESCRIBING	RX DOSE ORDERED UNIT	mg/(6.h)	milligram per 6 hour		0			
PRESCRIBING	RX DOSE ORDERED UNIT	mg/(72.h)	milligram per 72 hour		0			
PRESCRIBING	RX DOSE ORDERED UNIT	mg/(8.h)	milligram per 8 hour		0			
PRESCRIBING	RX DOSE ORDERED UNIT	mg/{collection}	milligram per collection		0			
PRESCRIBING	RX DOSE ORDERED UNIT	mg/m3	milligram per cubic meter		0			
PRESCRIBING	RX DOSE ORDERED UNIT	mg/d	milligram per day		0			
PRESCRIBING	RX DOSE ORDERED UNIT	mg/d/{1.73_m2}	milligram per day per 1.73 square meter		0			
PRESCRIBING	RX DOSE ORDERED UNIT	mg/dL	milligram per deciliter		0			
PRESCRIBING	RX DOSE ORDERED UNIT	mg/dL{RBCs}	milligram per deciliter of red blood cells		0			
PRESCRIBING	RX DOSE ORDERED UNIT	mg/g	milligram per gram		0			
PRESCRIBING	RX DOSE ORDERED UNIT	mg/g{creat}	milligram per gram of creatinine		0			
PRESCRIBING	RX DOSE ORDERED UNIT	mg/g{dry_tissue}	milligram per gram of dry tissue		0			
PRESCRIBING	RX DOSE ORDERED UNIT	mg/g{feces}	milligram per gram of feces		0			
PRESCRIBING	RX DOSE ORDERED UNIT	mg/g{tissue}	milligram per gram of tissue		0			
PRESCRIBING	RX DOSE ORDERED UNIT	mg/g{wet_tissue}	milligram per gram of wet tissue		0			
PRESCRIBING	RX DOSE ORDERED UNIT	mg/kg/(8.h)	milligram per kilogram per 8 hour		0			
PRESCRIBING	RX DOSE ORDERED UNIT	mg/L	milligram per liter		0			
PRESCRIBING	RX DOSE ORDERED UNIT	mg/L{RBCs}	milligram per liter of red blood cells		0			
PRESCRIBING	RX DOSE ORDERED UNIT	mg/mg	milligram per milligram		0			
PRESCRIBING	RX DOSE ORDERED UNIT	mg/mg{creat}	milligram per milligram of creatinine		0			
PRESCRIBING	RX DOSE ORDERED UNIT	mg/mmol	milligram per millimole		0			
PRESCRIBING	RX DOSE ORDERED UNIT	mg/mmol{creat}	milligram per millimole of creatinine		0			
PRESCRIBING	RX DOSE ORDERED UNIT	mg/min	milligram per minute		0			
PRESCRIBING	RX DOSE ORDERED UNIT	mg/{specimen}	milligram per specimen		0			
PRESCRIBING	RX DOSE ORDERED UNIT	mg/{total_output}	milligram per total output		0			
PRESCRIBING	RX DOSE ORDERED UNIT	mg/{total_volume}	milligram per total volume		0			
PRESCRIBING	RX DOSE ORDERED UNIT	mg/wk	milligram per week		0			
PRESCRIBING	RX DOSE ORDERED UNIT	mL{fetal_RBCs}	milliliter of fetal red blood cells		0			
PRESCRIBING	RX DOSE ORDERED UNIT	mL/(10.h)	milliliter per 10 hour		0			
PRESCRIBING	RX DOSE ORDERED UNIT	mL/(12.h)	milliliter per 12 hour		0			
PRESCRIBING	RX DOSE ORDERED UNIT	mL/(2.h)	milliliter per 2 hour		0			
PRESCRIBING	RX DOSE ORDERED UNIT	mL/(24.h)	milliliter per 24 hour		0			
PRESCRIBING	RX DOSE ORDERED UNIT	mL/(4.h)	milliliter per 4 hour		0			
PRESCRIBING	RX DOSE ORDERED UNIT	mL/(5.h)	milliliter per 5 hour		0			
PRESCRIBING	RX DOSE ORDERED UNIT	mL/(72.h)	milliliter per 72 hour		0			
PRESCRIBING	RX DOSE ORDERED UNIT	mL/(8.h)	milliliter per 8 hour		0			
PRESCRIBING	RX DOSE ORDERED UNIT	mL/(8.h)/kg	milliliter per 8 hour per kilogram		0			
PRESCRIBING	RX DOSE ORDERED UNIT	mL/cm[H2O]	milliliter per centimeter of water		0			
PRESCRIBING	RX DOSE ORDERED UNIT	mL/d	milliliter per day		0			
PRESCRIBING	RX DOSE ORDERED UNIT	mL/dL	milliliter per deciliter		0			
PRESCRIBING	RX DOSE ORDERED UNIT	mL/{beat}	milliliter per heart beat		0			
PRESCRIBING	RX DOSE ORDERED UNIT	mL/{beat}/m2	milliliter per heart beat per  square meter		0			
PRESCRIBING	RX DOSE ORDERED UNIT	mL/kg/(8.h)	milliliter per kilogram per 8 hour		0			
PRESCRIBING	RX DOSE ORDERED UNIT	mL/kg/d	milliliter per kilogram per day		0			
PRESCRIBING	RX DOSE ORDERED UNIT	mL/kg/min	milliliter per kilogram per minute		0			
PRESCRIBING	RX DOSE ORDERED UNIT	mL/mbar	milliliter per millibar		0			
PRESCRIBING	RX DOSE ORDERED UNIT	mL/mm	milliliter per millimeter		0			
PRESCRIBING	RX DOSE ORDERED UNIT	mL/min	milliliter per minute		0			
PRESCRIBING	RX DOSE ORDERED UNIT	mL/min/{1.73_m2}	milliliter per minute per 1.73 square meter		0			
PRESCRIBING	RX DOSE ORDERED UNIT	mL/min/m2	milliliter per minute per square meter		0			
PRESCRIBING	RX DOSE ORDERED UNIT	mL/s	milliliter per second		0			
PRESCRIBING	RX DOSE ORDERED UNIT	mL/[sin_i]	milliliter per square inch (international)		0			
PRESCRIBING	RX DOSE ORDERED UNIT	mm	millimeter		0			
PRESCRIBING	RX DOSE ORDERED UNIT	mm[Hg]	millimeter of mercury		0			
PRESCRIBING	RX DOSE ORDERED UNIT	mm[H2O]	millimeter of water		0			
PRESCRIBING	RX DOSE ORDERED UNIT	mm/h	millimeter per hour		0			
PRESCRIBING	RX DOSE ORDERED UNIT	mm/min	millimeter per minute		0			
PRESCRIBING	RX DOSE ORDERED UNIT	mmol/(12.h)	millimole per 12 hour		0			
PRESCRIBING	RX DOSE ORDERED UNIT	mmol/(2.h)	millimole per 2 hour		0			
PRESCRIBING	RX DOSE ORDERED UNIT	mmol/(24.h)	millimole per 24 hour		0			
PRESCRIBING	RX DOSE ORDERED UNIT	mmol/(5.h)	millimole per 5 hour		0			
PRESCRIBING	RX DOSE ORDERED UNIT	mmol/(6.h)	millimole per 6 hour		0			
PRESCRIBING	RX DOSE ORDERED UNIT	mmol/(8.h)	millimole per 8 hour		0			
PRESCRIBING	RX DOSE ORDERED UNIT	mmol/d	millimole per day		0			
PRESCRIBING	RX DOSE ORDERED UNIT	mmol/dL	millimole per deciliter		0			
PRESCRIBING	RX DOSE ORDERED UNIT	mmol/{ejaculate}	millimole per ejaculate		0			
PRESCRIBING	RX DOSE ORDERED UNIT	mmol/g	millimole per gram		0			
PRESCRIBING	RX DOSE ORDERED UNIT	mmol/g{creat}	millimole per gram of creatinine		0			
PRESCRIBING	RX DOSE ORDERED UNIT	mmol/h	millimole per hour		0			
PRESCRIBING	RX DOSE ORDERED UNIT	mmol/h/mg{Hb}	millimole per hour per milligram of hemoglobin		0			
PRESCRIBING	RX DOSE ORDERED UNIT	mmol/h/mg{prot}	millimole per hour per milligram of protein		0			
PRESCRIBING	RX DOSE ORDERED UNIT	mmol/kg/(8.h)	millimole per kilogram per 8 hour		0			
PRESCRIBING	RX DOSE ORDERED UNIT	mmol/kg/d	millimole per kilogram per day		0			
PRESCRIBING	RX DOSE ORDERED UNIT	mmol/kg/h	millimole per kilogram per hour		0			
PRESCRIBING	RX DOSE ORDERED UNIT	mmol/kg/min	millimole per kilogram per minute		0			
PRESCRIBING	RX DOSE ORDERED UNIT	mmol/L	millimole per liter		0			
PRESCRIBING	RX DOSE ORDERED UNIT	mmol/L{RBCs}	millimole per liter of red blood cells		0			
PRESCRIBING	RX DOSE ORDERED UNIT	mmol/mmol	millimole per millimole		0			
PRESCRIBING	RX DOSE ORDERED UNIT	mmol/mmol{urea}	millimole per millimole of urea		0			
PRESCRIBING	RX DOSE ORDERED UNIT	mmol/mmol{creat}	millimole per millmole of creatinine		0			
PRESCRIBING	RX DOSE ORDERED UNIT	mmol/min	millimole per minute		0			
PRESCRIBING	RX DOSE ORDERED UNIT	mmol/mol	millimole per mole		0			
PRESCRIBING	RX DOSE ORDERED UNIT	mmol/mol{creat}	millimole per mole of creatinine		0			
PRESCRIBING	RX DOSE ORDERED UNIT	mmol/s/L	millimole per second per liter		0			
PRESCRIBING	RX DOSE ORDERED UNIT	mmol/{specimen}	millimole per specimen		0			
PRESCRIBING	RX DOSE ORDERED UNIT	mmol/m2	millimole per square meter		0			
PRESCRIBING	RX DOSE ORDERED UNIT	mmol/{total_vol}	millimole per total volume		0			
PRESCRIBING	RX DOSE ORDERED UNIT	10*6	million		0			
PRESCRIBING	RX DOSE ORDERED UNIT	10*6.[CFU]/L	million colony forming unit per liter		0			
PRESCRIBING	RX DOSE ORDERED UNIT	10*6/(24.h)	million per 24 hour		0			
PRESCRIBING	RX DOSE ORDERED UNIT	10*6/kg	million per kilogram		0			
PRESCRIBING	RX DOSE ORDERED UNIT	10*6/L	million per liter		0			
PRESCRIBING	RX DOSE ORDERED UNIT	10*6/uL	million per microliter		0			
PRESCRIBING	RX DOSE ORDERED UNIT	10*6/mL	million per milliliter		0			
PRESCRIBING	RX DOSE ORDERED UNIT	mosm	milliosmole		0			
PRESCRIBING	RX DOSE ORDERED UNIT	mosm/kg	milliosmole per kilogram		0			
PRESCRIBING	RX DOSE ORDERED UNIT	mosm/L	milliosmole per liter		0			
PRESCRIBING	RX DOSE ORDERED UNIT	mPa	millipascal		0			
PRESCRIBING	RX DOSE ORDERED UNIT	mPa.s	millipascal second		0			
PRESCRIBING	RX DOSE ORDERED UNIT	mV	millivolt		0			
PRESCRIBING	RX DOSE ORDERED UNIT	min/d	min/d=minute per day		0			
PRESCRIBING	RX DOSE ORDERED UNIT	min/wk	min/wk=minute per week		0			
PRESCRIBING	RX DOSE ORDERED UNIT	{minidrop}/min	minidrop per minute		0			
PRESCRIBING	RX DOSE ORDERED UNIT	{minidrop}/s	minidrop per second		0			
PRESCRIBING	RX DOSE ORDERED UNIT	min	minute		0			
PRESCRIBING	RX DOSE ORDERED UNIT	mol	mole		0			
PRESCRIBING	RX DOSE ORDERED UNIT	mol/m3	mole per cubic meter		0			
PRESCRIBING	RX DOSE ORDERED UNIT	mL/(6.h)	milliliter per 6 hour		0			
PRESCRIBING	RX DOSE ORDERED UNIT	ms	millisecond		0			
PRESCRIBING	RX DOSE ORDERED UNIT	mol/kg	mole per kilogram		0			
PRESCRIBING	RX DOSE ORDERED UNIT	mol/kg/s	mole per kilogram per second		0			
PRESCRIBING	RX DOSE ORDERED UNIT	mol/L	mole per liter		0			
PRESCRIBING	RX DOSE ORDERED UNIT	mol/mL	mole per milliliter		0			
PRESCRIBING	RX DOSE ORDERED UNIT	mol/mol	mole per mole		0			
PRESCRIBING	RX DOSE ORDERED UNIT	mol/s	mole per second		0			
PRESCRIBING	RX DOSE ORDERED UNIT	{#}/{platelet}	molecule per platelet		0			
PRESCRIBING	RX DOSE ORDERED UNIT	mo	month		0			
PRESCRIBING	RX DOSE ORDERED UNIT	{mm/dd/yyyy}	month-day-year		0			
PRESCRIBING	RX DOSE ORDERED UNIT	{M.o.M}	multiple of the median		0			
PRESCRIBING	RX DOSE ORDERED UNIT	{mutation}	mutation		0			
PRESCRIBING	RX DOSE ORDERED UNIT	mV/s	mV/s=millivolt per second		0			
PRESCRIBING	RX DOSE ORDERED UNIT	nU/mL	nanoenzyme unit per milliliter		0			
PRESCRIBING	RX DOSE ORDERED UNIT	nU/{RBC}	nanoenzyme unit per red blood cell		0			
PRESCRIBING	RX DOSE ORDERED UNIT	ng	nanogram		0			
PRESCRIBING	RX DOSE ORDERED UNIT	ng{FEU}/mL	nanogram fibrinogen equivalent unit per milliliter 		0			
PRESCRIBING	RX DOSE ORDERED UNIT	ng/(24.h)	nanogram per 24 hour		0			
PRESCRIBING	RX DOSE ORDERED UNIT	ng/(8.h)	nanogram per 8 hour		0			
PRESCRIBING	RX DOSE ORDERED UNIT	ng/d	nanogram per day		0			
PRESCRIBING	RX DOSE ORDERED UNIT	ng/dL	nanogram per deciliter		0			
PRESCRIBING	RX DOSE ORDERED UNIT	ng/U	nanogram per enzyme unit		0			
PRESCRIBING	RX DOSE ORDERED UNIT	ng/g	nanogram per gram		0			
PRESCRIBING	RX DOSE ORDERED UNIT	ng/g{creat}	nanogram per gram of creatinine		0			
PRESCRIBING	RX DOSE ORDERED UNIT	ng/h	nanogram per hour		0			
PRESCRIBING	RX DOSE ORDERED UNIT	ng/kg	nanogram per kilogram		0			
PRESCRIBING	RX DOSE ORDERED UNIT	ng/kg/(8.h)	nanogram per kilogram per 8 hour		0			
PRESCRIBING	RX DOSE ORDERED UNIT	ng/L	nanogram per liter		0			
PRESCRIBING	RX DOSE ORDERED UNIT	ng/mg	nanogram per milligram		0			
PRESCRIBING	RX DOSE ORDERED UNIT	ng/mg{creat}	nanogram per milligram of creatinine		0			
PRESCRIBING	RX DOSE ORDERED UNIT	ng/mg{prot}	nanogram per milligram of protein		0			
PRESCRIBING	RX DOSE ORDERED UNIT	ng/mg/h	nanogram per milligram per hour		0			
PRESCRIBING	RX DOSE ORDERED UNIT	ng/mL{RBCs}	nanogram per milliliter of red blood cells		0			
PRESCRIBING	RX DOSE ORDERED UNIT	ng/mL/h	nanogram per milliliter per hour		0			
PRESCRIBING	RX DOSE ORDERED UNIT	ng/10*6	nanogram per million		0			
PRESCRIBING	RX DOSE ORDERED UNIT	ng/10*6{RBCs}	nanogram per million red blood cells		0			
PRESCRIBING	RX DOSE ORDERED UNIT	ng/mL	nanogram per millliiter		0			
PRESCRIBING	RX DOSE ORDERED UNIT	ng/min	nanogram per minute		0			
PRESCRIBING	RX DOSE ORDERED UNIT	ng/s	nanogram per second		0			
PRESCRIBING	RX DOSE ORDERED UNIT	ng/m2	nanogram per square meter		0			
PRESCRIBING	RX DOSE ORDERED UNIT	nkat	nanokatal		0			
PRESCRIBING	RX DOSE ORDERED UNIT	nL	nanoliter		0			
PRESCRIBING	RX DOSE ORDERED UNIT	nm	nanometer		0			
PRESCRIBING	RX DOSE ORDERED UNIT	nm/s/L	nanometer per second per liter		0			
PRESCRIBING	RX DOSE ORDERED UNIT	nmol	nanomole		0			
PRESCRIBING	RX DOSE ORDERED UNIT	nmol{BCE}	nanomole bone collagen equivalent		0			
PRESCRIBING	RX DOSE ORDERED UNIT	nmol{BCE}/L	nanomole bone collagen equivalent per liter		0			
PRESCRIBING	RX DOSE ORDERED UNIT	nmol{BCE}/mmol{creat}	nanomole bone collagen equivalent per millimole of creatinine		0			
PRESCRIBING	RX DOSE ORDERED UNIT	nmol{1/2cys}/mg{prot}	nanomole of 1/2 cystine per milligram of protein		0			
PRESCRIBING	RX DOSE ORDERED UNIT	nmol{ATP}	nanomole of ATP 		0			
PRESCRIBING	RX DOSE ORDERED UNIT	nmol/(24.h)	nanomole per 24 hour		0			
PRESCRIBING	RX DOSE ORDERED UNIT	nmol/d	nanomole per day		0			
PRESCRIBING	RX DOSE ORDERED UNIT	nmol/dL	nanomole per deciliter		0			
PRESCRIBING	RX DOSE ORDERED UNIT	nmol/dL{GF}	nanomole per deciliter of glomerular filtrate		0			
PRESCRIBING	RX DOSE ORDERED UNIT	nmol/g	nanomole per gram		0			
PRESCRIBING	RX DOSE ORDERED UNIT	nmol/g{creat}	nanomole per gram of creatinine		0			
PRESCRIBING	RX DOSE ORDERED UNIT	nmol/g{dry_wt}	nanomole per gram of dry weight		0			
PRESCRIBING	RX DOSE ORDERED UNIT	nmol/h/L	nanomole per hour per liter		0			
PRESCRIBING	RX DOSE ORDERED UNIT	nmol/h/mg{prot}	nanomole per hour per milligram of protein		0			
PRESCRIBING	RX DOSE ORDERED UNIT	nmol/L	nanomole per liter		0			
PRESCRIBING	RX DOSE ORDERED UNIT	nmol/L{RBCs}	nanomole per liter of red blood cells		0			
PRESCRIBING	RX DOSE ORDERED UNIT	nmol/L/mmol{creat}	nanomole per liter per millimole of creatinine		0			
PRESCRIBING	RX DOSE ORDERED UNIT	nmol/m/mg{prot}	nanomole per meter per milligram of protein		0			
PRESCRIBING	RX DOSE ORDERED UNIT	nmol/umol{creat}	nanomole per micromole  of creatinine		0			
PRESCRIBING	RX DOSE ORDERED UNIT	nmol/mg	nanomole per milligram		0			
PRESCRIBING	RX DOSE ORDERED UNIT	nmol/mg{creat}	nanomole per milligram of creatinine		0			
PRESCRIBING	RX DOSE ORDERED UNIT	nmol/mg{prot}/h	nanomole per milligram of protein per hour		0			
PRESCRIBING	RX DOSE ORDERED UNIT	nmol/mg/h	nanomole per milligram per hour		0			
PRESCRIBING	RX DOSE ORDERED UNIT	nmol/mL	nanomole per milliliter		0			
PRESCRIBING	RX DOSE ORDERED UNIT	nmol/mL/h	nanomole per milliliter per hour		0			
PRESCRIBING	RX DOSE ORDERED UNIT	nmol/mL/min	nanomole per milliliter per minute		0			
PRESCRIBING	RX DOSE ORDERED UNIT	nmol/mmol	nanomole per millimole		0			
PRESCRIBING	RX DOSE ORDERED UNIT	nmol/mmol{creat}	nanomole per millimole of creatinine		0			
PRESCRIBING	RX DOSE ORDERED UNIT	nmol/min	nanomole per minute		0			
PRESCRIBING	RX DOSE ORDERED UNIT	nmol/min/mg{Hb}	nanomole per minute per milligram of hemoglobin		0			
PRESCRIBING	RX DOSE ORDERED UNIT	nmol/min/mg{prot}	nanomole per minute per milligram of protein		0			
PRESCRIBING	RX DOSE ORDERED UNIT	nmol/min/mL	nanomole per minute per milliliter		0			
PRESCRIBING	RX DOSE ORDERED UNIT	nmol/min/10*6{cells}	nanomole per minute per million cells		0			
PRESCRIBING	RX DOSE ORDERED UNIT	nmol/mol	nanomole per mole		0			
PRESCRIBING	RX DOSE ORDERED UNIT	nmol/nmol	nanomole per nanomole		0			
PRESCRIBING	RX DOSE ORDERED UNIT	nmol/s	nanomole per second		0			
PRESCRIBING	RX DOSE ORDERED UNIT	nmol/s/L	nanomole per second per liter		0			
PRESCRIBING	RX DOSE ORDERED UNIT	ns	nanosecond		0			
PRESCRIBING	RX DOSE ORDERED UNIT	N	Newton		0			
PRESCRIBING	RX DOSE ORDERED UNIT	N.cm	Newton centimeter		0			
PRESCRIBING	RX DOSE ORDERED UNIT	N.s	Newton second		0			
PRESCRIBING	RX DOSE ORDERED UNIT	nmol/h/mL	nmol/h/mL=nanomole per hour per milliliter		0			
PRESCRIBING	RX DOSE ORDERED UNIT	nmol/min/mg{protein}	nmol/min/mg{protein}=nanomole per minute per milligram protein		0			
PRESCRIBING	RX DOSE ORDERED UNIT	nmol/mol{creat}	nmol/mol{creat}=nanomole per mole creatinine		0			
PRESCRIBING	RX DOSE ORDERED UNIT	{#}	number		0			
PRESCRIBING	RX DOSE ORDERED UNIT	{#}/[HPF]	number per high power field		0			
PRESCRIBING	RX DOSE ORDERED UNIT	{#}/L	number per liter		0			
PRESCRIBING	RX DOSE ORDERED UNIT	{#}/[LPF]	number per low power field		0			
PRESCRIBING	RX DOSE ORDERED UNIT	{#}/uL	number per microliter		0			
PRESCRIBING	RX DOSE ORDERED UNIT	{#}/mL	number per milliliter		0			
PRESCRIBING	RX DOSE ORDERED UNIT	{#}/min	number per minute		0			
PRESCRIBING	RX DOSE ORDERED UNIT	Ohm	Ohm		0			
PRESCRIBING	RX DOSE ORDERED UNIT	Ohm.m	Ohm meter		0			
PRESCRIBING	RX DOSE ORDERED UNIT	10*5	one hundred thousand		0			
PRESCRIBING	RX DOSE ORDERED UNIT	{OD_unit}	optical density unit		0			
PRESCRIBING	RX DOSE ORDERED UNIT	osm	osmole		0			
PRESCRIBING	RX DOSE ORDERED UNIT	osm/kg	osmole per kilogram		0			
PRESCRIBING	RX DOSE ORDERED UNIT	osm/L	osmole per liter		0			
PRESCRIBING	RX DOSE ORDERED UNIT	{Pan_Bio'U}	panbio unit		0			
PRESCRIBING	RX DOSE ORDERED UNIT	[ppb]	part per billion		0			
PRESCRIBING	RX DOSE ORDERED UNIT	[ppm]	part per million		0			
PRESCRIBING	RX DOSE ORDERED UNIT	[ppm]{v/v}	part per million in volume per volume		0			
PRESCRIBING	RX DOSE ORDERED UNIT	[ppth]	part per thousand		0			
PRESCRIBING	RX DOSE ORDERED UNIT	[pptr]	part per trillion		0			
PRESCRIBING	RX DOSE ORDERED UNIT	Pa	Pascal		0			
PRESCRIBING	RX DOSE ORDERED UNIT	/10*10	per 10 billion  		0			
PRESCRIBING	RX DOSE ORDERED UNIT	/10*4{RBCs}	per 10 thousand red blood cells		0			
PRESCRIBING	RX DOSE ORDERED UNIT	/100	per 100		0			
PRESCRIBING	RX DOSE ORDERED UNIT	/100{cells}	per 100 cells		0			
PRESCRIBING	RX DOSE ORDERED UNIT	/100{neutrophils}	per 100 neutrophils		0			
PRESCRIBING	RX DOSE ORDERED UNIT	/100{WBCs}	per 100 white blood cells		0			
PRESCRIBING	RX DOSE ORDERED UNIT	/[arb'U]	per arbitrary unit		0			
PRESCRIBING	RX DOSE ORDERED UNIT	/10*9	per billion		0			
PRESCRIBING	RX DOSE ORDERED UNIT	/cm[H2O]	per centimeter of water		0			
PRESCRIBING	RX DOSE ORDERED UNIT	/m3	per cubic meter		0			
PRESCRIBING	RX DOSE ORDERED UNIT	/d	per day		0			
PRESCRIBING	RX DOSE ORDERED UNIT	/dL	per deciliter		0			
PRESCRIBING	RX DOSE ORDERED UNIT	/{entity}	per entity		0			
PRESCRIBING	RX DOSE ORDERED UNIT	/U	per enzyme unit		0			
PRESCRIBING	RX DOSE ORDERED UNIT	/g	per gram		0			
PRESCRIBING	RX DOSE ORDERED UNIT	/g{creat}	per gram of creatinine		0			
PRESCRIBING	RX DOSE ORDERED UNIT	/g{Hb}	per gram of hemoglobin		0			
PRESCRIBING	RX DOSE ORDERED UNIT	/g{tot_prot}	per gram of total protein		0			
PRESCRIBING	RX DOSE ORDERED UNIT	/g{wet_tis}	per gram of wet tissue		0			
PRESCRIBING	RX DOSE ORDERED UNIT	/h	per hour		0			
PRESCRIBING	RX DOSE ORDERED UNIT	/kg	per kilogram		0			
PRESCRIBING	RX DOSE ORDERED UNIT	/kg{body_wt}	per kilogram of body weight		0			
PRESCRIBING	RX DOSE ORDERED UNIT	/L	per liter		0			
PRESCRIBING	RX DOSE ORDERED UNIT	/[LPF]	per low power field		0			
PRESCRIBING	RX DOSE ORDERED UNIT	/uL	per microliter		0			
PRESCRIBING	RX DOSE ORDERED UNIT	/mg	per milligram		0			
PRESCRIBING	RX DOSE ORDERED UNIT	/mL	per milliliter		0			
PRESCRIBING	RX DOSE ORDERED UNIT	/mm	per millimeter		0			
PRESCRIBING	RX DOSE ORDERED UNIT	/mmol{creat}	per millimole of creatinine		0			
PRESCRIBING	RX DOSE ORDERED UNIT	/10*6	per million		0			
PRESCRIBING	RX DOSE ORDERED UNIT	/min	per minute		0			
PRESCRIBING	RX DOSE ORDERED UNIT	/mo	per month		0			
PRESCRIBING	RX DOSE ORDERED UNIT	/{OIF}	per oil immersion field		0			
PRESCRIBING	RX DOSE ORDERED UNIT	/s	per second		0			
PRESCRIBING	RX DOSE ORDERED UNIT	/m2	per square meter		0			
PRESCRIBING	RX DOSE ORDERED UNIT	/10*3	per thousand		0			
PRESCRIBING	RX DOSE ORDERED UNIT	/10*3{RBCs}	per thousand red blood cells		0			
PRESCRIBING	RX DOSE ORDERED UNIT	/10*12	per trillion 		0			
PRESCRIBING	RX DOSE ORDERED UNIT	/10*12{RBCs}	per trillion red blood cells		0			
PRESCRIBING	RX DOSE ORDERED UNIT	/(12.h)	per twelve hour		0			
PRESCRIBING	RX DOSE ORDERED UNIT	/wk	per week		0			
PRESCRIBING	RX DOSE ORDERED UNIT	/a	per year		0			
PRESCRIBING	RX DOSE ORDERED UNIT	%{loss_AChR}	percent  loss of acetylcholine receptor		0			
PRESCRIBING	RX DOSE ORDERED UNIT	%{penetration}	percent  penetration		0			
PRESCRIBING	RX DOSE ORDERED UNIT	%{abnormal}	percent abnormal		0			
PRESCRIBING	RX DOSE ORDERED UNIT	%{activity}	percent activity		0			
PRESCRIBING	RX DOSE ORDERED UNIT	%{aggregation}	percent aggregation		0			
PRESCRIBING	RX DOSE ORDERED UNIT	%{at_60_min}	percent at 60 minute		0			
PRESCRIBING	RX DOSE ORDERED UNIT	%{basal_activity}	percent basal activity		0			
PRESCRIBING	RX DOSE ORDERED UNIT	%{binding}	percent binding		0			
PRESCRIBING	RX DOSE ORDERED UNIT	%{blockade}	percent blockade		0			
PRESCRIBING	RX DOSE ORDERED UNIT	%{blocked}	percent blocked		0			
PRESCRIBING	RX DOSE ORDERED UNIT	%{breakdown}	percent breakdown		0			
PRESCRIBING	RX DOSE ORDERED UNIT	%{vol}	percent by volume		0			
PRESCRIBING	RX DOSE ORDERED UNIT	%{deficient}	percent deficient		0			
PRESCRIBING	RX DOSE ORDERED UNIT	%{dose}	percent dose		0			
PRESCRIBING	RX DOSE ORDERED UNIT	%{Hb}	percent hemoglobin		0			
PRESCRIBING	RX DOSE ORDERED UNIT	%{index}	percent index		0			
PRESCRIBING	RX DOSE ORDERED UNIT	%{inhibition}	percent inhibition		0			
PRESCRIBING	RX DOSE ORDERED UNIT	%{loss}	percent loss		0			
PRESCRIBING	RX DOSE ORDERED UNIT	%{lysis}	percent lysis		0			
PRESCRIBING	RX DOSE ORDERED UNIT	%{normal}	percent normal		0			
PRESCRIBING	RX DOSE ORDERED UNIT	%{pooled_plasma}	percent normal pooled plasma		0			
PRESCRIBING	RX DOSE ORDERED UNIT	%{bacteria}	percent of bacteria		0			
PRESCRIBING	RX DOSE ORDERED UNIT	%{baseline}	percent of baseline		0			
PRESCRIBING	RX DOSE ORDERED UNIT	%{cells}	percent of cells		0			
PRESCRIBING	RX DOSE ORDERED UNIT	%{RBCs}	percent of red blood cells		0			
PRESCRIBING	RX DOSE ORDERED UNIT	%{WBCs}	percent of white blood cells		0			
PRESCRIBING	RX DOSE ORDERED UNIT	%{positive}	percent positive		0			
PRESCRIBING	RX DOSE ORDERED UNIT	%{reactive}	percent reactive		0			
PRESCRIBING	RX DOSE ORDERED UNIT	%{recovery}	percent recovery		0			
PRESCRIBING	RX DOSE ORDERED UNIT	%{reference}	percent reference		0			
PRESCRIBING	RX DOSE ORDERED UNIT	%{residual}	percent residual		0			
PRESCRIBING	RX DOSE ORDERED UNIT	%{saturation}	percent saturation		0			
PRESCRIBING	RX DOSE ORDERED UNIT	%{total}	percent total		0			
PRESCRIBING	RX DOSE ORDERED UNIT	{percentile}	percentile		0			
PRESCRIBING	RX DOSE ORDERED UNIT	[pH]	pH		0			
PRESCRIBING	RX DOSE ORDERED UNIT	{phenotype}	phenotype		0			
PRESCRIBING	RX DOSE ORDERED UNIT	pA	picoampere		0			
PRESCRIBING	RX DOSE ORDERED UNIT	pg	picogram		0			
PRESCRIBING	RX DOSE ORDERED UNIT	pg/{cell}	picogram per cell		0			
PRESCRIBING	RX DOSE ORDERED UNIT	pg/dL	picogram per deciliter		0			
PRESCRIBING	RX DOSE ORDERED UNIT	pg/L	picogram per liter		0			
PRESCRIBING	RX DOSE ORDERED UNIT	pg/mg	picogram per milligram		0			
PRESCRIBING	RX DOSE ORDERED UNIT	pg/mg{creat}	picogram per milligram of creatinine		0			
PRESCRIBING	RX DOSE ORDERED UNIT	pg/mL	picogram per milliliter		0			
PRESCRIBING	RX DOSE ORDERED UNIT	pg/{RBC}	picogram per red blood cell		0			
PRESCRIBING	RX DOSE ORDERED UNIT	pkat	picokatal		0			
PRESCRIBING	RX DOSE ORDERED UNIT	pL	picoliter		0			
PRESCRIBING	RX DOSE ORDERED UNIT	pm	picometer		0			
PRESCRIBING	RX DOSE ORDERED UNIT	pmol	picomole		0			
PRESCRIBING	RX DOSE ORDERED UNIT	pmol/(24.h)	picomole per 24 hour		0			
PRESCRIBING	RX DOSE ORDERED UNIT	pmol/d	picomole per day		0			
PRESCRIBING	RX DOSE ORDERED UNIT	pmol/dL	picomole per deciliter		0			
PRESCRIBING	RX DOSE ORDERED UNIT	pmol/g	picomole per gram		0			
PRESCRIBING	RX DOSE ORDERED UNIT	pmol/h/mg{prot}	picomole per hour per milligram of protein		0			
PRESCRIBING	RX DOSE ORDERED UNIT	pmol/h/mL	picomole per hour per milliliter 		0			
PRESCRIBING	RX DOSE ORDERED UNIT	pmol/L	picomole per liter		0			
PRESCRIBING	RX DOSE ORDERED UNIT	pmol/umol	picomole per micromole		0			
PRESCRIBING	RX DOSE ORDERED UNIT	pmol/umol{creat}	picomole per micromole of creatinine		0			
PRESCRIBING	RX DOSE ORDERED UNIT	pmol/mL	picomole per milliliter		0			
PRESCRIBING	RX DOSE ORDERED UNIT	pmol/mmol{creat}	picomole per millimole of creatinine		0			
PRESCRIBING	RX DOSE ORDERED UNIT	pmol/min	picomole per minute		0			
PRESCRIBING	RX DOSE ORDERED UNIT	pmol/min/mg{prot}	picomole per minute per milligram of protein		0			
PRESCRIBING	RX DOSE ORDERED UNIT	pmol/{RBC}	picomole per red blood cell		0			
PRESCRIBING	RX DOSE ORDERED UNIT	ps	picosecond		0			
PRESCRIBING	RX DOSE ORDERED UNIT	pT	picotesla		0			
PRESCRIBING	RX DOSE ORDERED UNIT	[pt_us]	pint (US)		0			
PRESCRIBING	RX DOSE ORDERED UNIT	pmol/H/mg{protein}	pmol/H/mg{protein}=picomole per hour per milligram protein		0			
PRESCRIBING	RX DOSE ORDERED UNIT	[lb_av]	pound (US and British)		0			
PRESCRIBING	RX DOSE ORDERED UNIT	[psi]	pound per square inch		0			
PRESCRIBING	RX DOSE ORDERED UNIT	[qt_us]	quart (US)		0			
PRESCRIBING	RX DOSE ORDERED UNIT	{ratio}	ratio		0			
PRESCRIBING	RX DOSE ORDERED UNIT	{RBC}/uL	red blood cell per microliter		0			
PRESCRIBING	RX DOSE ORDERED UNIT	%{relative}	relative percent		0			
PRESCRIBING	RX DOSE ORDERED UNIT	{rel_saturation}	relative saturation		0			
PRESCRIBING	RX DOSE ORDERED UNIT	{Rubella_virus}	rubella virus		0			
PRESCRIBING	RX DOSE ORDERED UNIT	{saturation}	saturation		0			
PRESCRIBING	RX DOSE ORDERED UNIT	s	second		0			
PRESCRIBING	RX DOSE ORDERED UNIT	s/{control}	second per control		0			
PRESCRIBING	RX DOSE ORDERED UNIT	%{excretion}	percent excretion		0			
PRESCRIBING	RX DOSE ORDERED UNIT	%{uptake}	percent uptake		0			
PRESCRIBING	RX DOSE ORDERED UNIT	pmol/mg{prot}	picomole per milligram of protein		0			
PRESCRIBING	RX DOSE ORDERED UNIT	{shift}	shift		0			
PRESCRIBING	RX DOSE ORDERED UNIT	S	Siemens		0			
PRESCRIBING	RX DOSE ORDERED UNIT	Sv	Sievert		0			
PRESCRIBING	RX DOSE ORDERED UNIT	{s_co_ratio}	signal to cutoff ratio		0			
PRESCRIBING	RX DOSE ORDERED UNIT	{spermatozoa}/mL	spermatozoa per milliliter		0			
PRESCRIBING	RX DOSE ORDERED UNIT	cm2	square centimeter		0			
PRESCRIBING	RX DOSE ORDERED UNIT	cm2/s	square centimeter per second		0			
PRESCRIBING	RX DOSE ORDERED UNIT	dm2/s2	square decimeter per square second		0			
PRESCRIBING	RX DOSE ORDERED UNIT	[sft_i]	square foot (international)		0			
PRESCRIBING	RX DOSE ORDERED UNIT	[sin_i]	square inch (international)		0			
PRESCRIBING	RX DOSE ORDERED UNIT	mm2	square millimeter		0			
PRESCRIBING	RX DOSE ORDERED UNIT	[syd_i]	square yard (international)		0			
PRESCRIBING	RX DOSE ORDERED UNIT	{STDV}	standard deviation		0			
PRESCRIBING	RX DOSE ORDERED UNIT	T	Tesla		0			
PRESCRIBING	RX DOSE ORDERED UNIT	10*3	thousand		0			
PRESCRIBING	RX DOSE ORDERED UNIT	10*3{copies}/mL	thousand copies per milliliter		0			
PRESCRIBING	RX DOSE ORDERED UNIT	10*3/L	thousand per liter		0			
PRESCRIBING	RX DOSE ORDERED UNIT	10*3/uL	thousand per microliter		0			
PRESCRIBING	RX DOSE ORDERED UNIT	10*3/mL	thousand per milliliter		0			
PRESCRIBING	RX DOSE ORDERED UNIT	10*3{RBCs}	thousand red blood cells		0			
PRESCRIBING	RX DOSE ORDERED UNIT	{TSI_index}	thyroid-stimulating immunoglobulin index		0			
PRESCRIBING	RX DOSE ORDERED UNIT	{titer}	titer		0			
PRESCRIBING	RX DOSE ORDERED UNIT	[todd'U]	Todd unit		0			
PRESCRIBING	RX DOSE ORDERED UNIT	Torr	Torr		0			
PRESCRIBING	RX DOSE ORDERED UNIT	10*12/L	trillion per liter		0			
PRESCRIBING	RX DOSE ORDERED UNIT	[oz_tr]	Troy ounce		0			
PRESCRIBING	RX DOSE ORDERED UNIT	umol/10*6{RBC}	umol/10*6{RBC}=micromole per million red blood cell		0			
PRESCRIBING	RX DOSE ORDERED UNIT	V	volt		0			
PRESCRIBING	RX DOSE ORDERED UNIT	Wb	Weber		0			
PRESCRIBING	RX DOSE ORDERED UNIT	wk	week		0			
PRESCRIBING	RX DOSE ORDERED UNIT	{WBCs}	white blood cells		0			
PRESCRIBING	RX DOSE ORDERED UNIT	[yd_i]	yard (international)		0			
PRESCRIBING	RX DOSE ORDERED UNIT	a	year		0			
PRESCRIBING	RX FREQUENCY	03	03=Three  times  a  day  (TID)		0			
PRESCRIBING	RX FREQUENCY	04	04=Four  times  a  day  (QID)		0			
PRESCRIBING	RX FREQUENCY	06	06=Every  afternoon		0			
PRESCRIBING	RX FREQUENCY	07	07=Before  meals		0			
PRESCRIBING	RX FREQUENCY	08	08=After  meals		0			
PRESCRIBING	RX FREQUENCY	10	10=Every  evening		0			
PRESCRIBING	RX FREQUENCY	11	11=Once		0			
PRESCRIBING	RX FREQUENCY	NI	NI=No  information		0			
PRESCRIBING	RX FREQUENCY	UN	UN=Unknown		0			
PRESCRIBING	RX FREQUENCY	OT	OT=Other		0			
PRESCRIBING	RX PRN FLAG	Y	Y=Yes		0			
PRESCRIBING	RX PRN FLAG	N	N=No		0			
PRESCRIBING	RX ROUTE	INTRACERVICAL	INTRACERVICAL=Intracervical route (qualifier value)		0			
PRESCRIBING	RX ROUTE	INTRAPERICARDIAL	INTRAPERICARDIAL=Intrapericardial  route  (qualifier  value)		0			
PRESCRIBING	RX FREQUENCY	01	01=Every  day		0			
PRESCRIBING	RX BASIS	01	01=Order  to  Dispense		0			
PRESCRIBING	RX FREQUENCY	02	02=Two  times  a  day  (BID)		0			
PRESCRIBING	RX BASIS	02	02=Order  to  administer		0			
PRESCRIBING	RX BASIS	NI	NI=No  information		0			
PRESCRIBING	RX BASIS	UN	UN=Unknown		0			
PRESCRIBING	RX BASIS	OT	OT=Other		0			
PRESCRIBING	RX SOURCE	OD	OD=Order/EHR		0			
PRESCRIBING	RX SOURCE	DR	DR=Derived		0			
PRESCRIBING	RX SOURCE	NI	NI=No  information		0			
PRESCRIBING	RX SOURCE	UN	UN=Unknown		0			
DEATH	DEATH SOURCE	L	L=Other,  locally  defined		0			
DEATH	DEATH SOURCE	N	N=National  Death  Index		0			
DEATH	DEATH SOURCE	D	D=Social  Security		0			
DEATH	DEATH SOURCE	S	S=State  Death  files		0			
DEATH	DEATH SOURCE	T	T=Tumor  data		0			
DEATH	DEATH SOURCE	DR	DR=Derived		0			
DEATH	DEATH SOURCE	NI	NI=No  information		0			
DEATH	DEATH SOURCE	UN	UN=Unknown		0			
DEATH	DEATH SOURCE	OT	OT=Other		0			
DEATH	DEATH MATCH CONFIDENCE	E	E=Excellent		0			
DEATH	DEATH MATCH CONFIDENCE	F	F=Fair		0			
DEATH	DEATH MATCH CONFIDENCE	P	P=Poor		0			
DEATH	DEATH MATCH CONFIDENCE	NI	NI=No  information		0			
DEATH	DEATH MATCH CONFIDENCE	UN	UN=Unknown		0			
DEATH	DEATH MATCH CONFIDENCE	OT	OT=Other		0			
DEATH_CAUSE	DEATH CAUSE CODE	09	09=ICD-9		0			
DEATH_CAUSE	DEATH CAUSE CODE	10	10=ICD-10		0			
DEATH_CAUSE	DEATH CAUSE CODE	NI	NI=No  information		0			
DEATH_CAUSE	DEATH CAUSE CODE	UN	UN=Unknown		0			
DEATH_CAUSE	DEATH CAUSE CODE	OT	OT=Other		0			
DEATH_CAUSE	DEATH CAUSE TYPE	C	C=Contributory		0			
DEATH_CAUSE	DEATH CAUSE TYPE	I	I=Immediate/Primary		0			
DEATH_CAUSE	DEATH CAUSE TYPE	O	O=Other		0			
DEATH_CAUSE	DEATH CAUSE TYPE	NI	NI=No  information		0			
DEATH_CAUSE	DEATH CAUSE TYPE	UN	UN=Unknown		0			
DEATH_CAUSE	DEATH CAUSE TYPE	OT	OT=Other		0			
DEATH_CAUSE	DEATH CAUSE SOURCE	L	L=Other,  locally  defined		0			
DEATH_CAUSE	DEATH CAUSE SOURCE	N	N=National  Death  Index		0			
DEATH_CAUSE	DEATH CAUSE SOURCE	D	D=Social  Security		0			
DEATH_CAUSE	DEATH CAUSE SOURCE	S	S=State  Death  files		0			
DEATH_CAUSE	DEATH CAUSE SOURCE	T	T=Tumor  data		0			
DEATH_CAUSE	DEATH CAUSE SOURCE	DR	DR=Derived		0			
DEATH_CAUSE	DEATH CAUSE SOURCE	NI	NI=No  information		0			
DEATH_CAUSE	DEATH CAUSE SOURCE	UN	UN=Unknown		0			
DEATH_CAUSE	DEATH CAUSE SOURCE	OT	OT=Other		0			
DEATH_CAUSE	DEATH CAUSE CONFIDENCE	E	E=Excellent		0			
DEATH_CAUSE	DEATH CAUSE CONFIDENCE	F	F=Fair		0			
DEATH_CAUSE	DEATH CAUSE CONFIDENCE	P	P=Poor		0			
DEATH_CAUSE	DEATH CAUSE CONFIDENCE	OT	OT=Other		0			
MED_ADMIN	MEDADMIN TYPE	RX	RX=RXNORM		0			
MED_ADMIN	MEDADMIN TYPE	NI	NI=No  information		0			
MED_ADMIN	MEDADMIN TYPE	UN	UN=Unknown		0			
MED_ADMIN	MEDADMIN TYPE	OT	OT=Other		0			
MED_ADMIN	MEDADMIN DOSE ADMIN UNIT	%{response}	%{response}=percent response		0			
MED_ADMIN	MEDADMIN DOSE ADMIN UNIT	[diop]	[diop]=diopter		0			
MED_ADMIN	MEDADMIN DOSE ADMIN UNIT	[ft_us]/[ft_us]	[ft_us]/[ft_us]=feet (US) per feet (US)		0			
MED_ADMIN	MEDADMIN DOSE ADMIN UNIT	[in_us]	[in_us]=inches (US)		0			
MED_ADMIN	MEDADMIN DOSE ADMIN UNIT	[MET].min/wk	[MET].min/wk=metabolic equivalent minute per week		0			
MED_ADMIN	MEDADMIN DOSE ADMIN UNIT	{#}/a	{#}/a=number per annum (year)		0			
MED_ADMIN	MEDADMIN DOSE ADMIN UNIT	{#}/d	{#}/d=number per day		0			
MED_ADMIN	MEDADMIN DOSE ADMIN UNIT	{#}/g	{#}/g=number per gram		0			
MED_ADMIN	MEDADMIN DOSE ADMIN UNIT	{breaths}/min	{breaths}/min=breaths per minute		0			
MED_ADMIN	MEDADMIN DOSE ADMIN UNIT	{Ct_value}	{Ct_value}=Cycle threshold value		0			
MED_ADMIN	MEDADMIN DOSE ADMIN UNIT	{index}	{index}=index value		0			
MED_ADMIN	MEDADMIN DOSE ADMIN UNIT	{risk}	{risk}=risk		0			
MED_ADMIN	MEDADMIN DOSE ADMIN UNIT	{score}	{score}=score		0			
MED_ADMIN	MEDADMIN DOSE ADMIN UNIT	{TmStp}	{TmStp}=time stamp		0			
MED_ADMIN	MEDADMIN DOSE ADMIN UNIT	{Tscore}	{Tscore}=t score		0			
MED_ADMIN	MEDADMIN DOSE ADMIN UNIT	{yyyy}	{yyyy}=year		0			
MED_ADMIN	MEDADMIN DOSE ADMIN UNIT	{Zscore}	{Zscore}=z score		0			
MED_ADMIN	MEDADMIN DOSE ADMIN UNIT	10.L/min	10 liter per minute		0			
MED_ADMIN	MEDADMIN DOSE ADMIN UNIT	10.L/(min.m2)	10 liter per minute per square meter		0			
PRESCRIBING	RX SOURCE	OT	OT=Other		0			
MED_ADMIN	MEDADMIN DOSE ADMIN UNIT	10.uN.s/(cm5.m2)	10 micronewton second per centimeter to the fifth power per square meter		0			
MED_ADMIN	MEDADMIN DOSE ADMIN UNIT	10*4/uL	10 thousand per microliter		0			
MED_ADMIN	MEDADMIN DOSE ADMIN UNIT	24.h	24 hour		0			
MED_ADMIN	MEDADMIN DOSE ADMIN UNIT	{absorbance}	absorbance		0			
MED_ADMIN	MEDADMIN DOSE ADMIN UNIT	{activity}	activity		0			
MED_ADMIN	MEDADMIN DOSE ADMIN UNIT	[AU]	allergy unit		0			
MED_ADMIN	MEDADMIN DOSE ADMIN UNIT	{AHF'U}	American Hospital Formulary unit		0			
MED_ADMIN	MEDADMIN DOSE ADMIN UNIT	A	ampere		0			
MED_ADMIN	MEDADMIN DOSE ADMIN UNIT	[arb'U]	arbitrary unit		0			
MED_ADMIN	MEDADMIN DOSE ADMIN UNIT	[arb'U]/mL	arbitrary unit per milliliter		0			
MED_ADMIN	MEDADMIN DOSE ADMIN UNIT	{ARU}	aspirin response unit		0			
MED_ADMIN	MEDADMIN DOSE ADMIN UNIT	atm	atmosphere		0			
MED_ADMIN	MEDADMIN DOSE ADMIN UNIT	ag/{cell}	attogram per cell		0			
MED_ADMIN	MEDADMIN DOSE ADMIN UNIT	bar	bar		0			
MED_ADMIN	MEDADMIN DOSE ADMIN UNIT	Bq	Becquerel		0			
MED_ADMIN	MEDADMIN DOSE ADMIN UNIT	[beth'U]	Bethesda unit		0			
MED_ADMIN	MEDADMIN DOSE ADMIN UNIT	10*9/L	billion per liter		0			
MED_ADMIN	MEDADMIN DOSE ADMIN UNIT	10*9/uL	billion per microliter		0			
MED_ADMIN	MEDADMIN DOSE ADMIN UNIT	10*9/mL	billion per milliliter		0			
MED_ADMIN	MEDADMIN DOSE ADMIN UNIT	{binding_index}	binding index		0			
MED_ADMIN	MEDADMIN DOSE ADMIN UNIT	[bdsk'U]	Bodansky unit		0			
MED_ADMIN	MEDADMIN DOSE ADMIN UNIT	{CAG_repeats}	CAG trinucleotide repeats		0			
MED_ADMIN	MEDADMIN DOSE ADMIN UNIT	cal	calorie		0			
MED_ADMIN	MEDADMIN DOSE ADMIN UNIT	{cells}	cells		0			
MED_ADMIN	MEDADMIN DOSE ADMIN UNIT	{cells}/[HPF]	cells per high power field		0			
MED_ADMIN	MEDADMIN DOSE ADMIN UNIT	{cells}/uL	cells per microliter		0			
MED_ADMIN	MEDADMIN DOSE ADMIN UNIT	cg	centigram		0			
MED_ADMIN	MEDADMIN DOSE ADMIN UNIT	cL	centiliter		0			
MED_ADMIN	MEDADMIN DOSE ADMIN UNIT	cm[Hg]	centimeter of mercury		0			
MED_ADMIN	MEDADMIN DOSE ADMIN UNIT	cm[H2O]	centimeter of water		0			
MED_ADMIN	MEDADMIN DOSE ADMIN UNIT	cm[H2O]/L/s	centimeter of water per liter per second		0			
MED_ADMIN	MEDADMIN DOSE ADMIN UNIT	cm[H2O]/s/m	centimeter of water per second per meter		0			
MED_ADMIN	MEDADMIN DOSE ADMIN UNIT	cP	centipoise		0			
MED_ADMIN	MEDADMIN DOSE ADMIN UNIT	cSt	centistoke		0			
MED_ADMIN	MEDADMIN DOSE ADMIN UNIT	{delta_OD}	change in (delta) optical density		0			
MED_ADMIN	MEDADMIN DOSE ADMIN UNIT	{clock_time}	clock time e.g 12:30PM		0			
MED_ADMIN	MEDADMIN DOSE ADMIN UNIT	cm/s	cm/s=centimeter per second		0			
MED_ADMIN	MEDADMIN DOSE ADMIN UNIT	cm3	cm3=cubic centimeter		0			
MED_ADMIN	MEDADMIN DOSE ADMIN UNIT	[CFU]	colony forming unit		0			
MED_ADMIN	MEDADMIN DOSE ADMIN UNIT	[CFU]/L	colony forming unit per liter		0			
MED_ADMIN	MEDADMIN DOSE ADMIN UNIT	[CFU]/mL	colony forming unit per milliliter		0			
MED_ADMIN	MEDADMIN DOSE ADMIN UNIT	{CAE'U}	complement activity enzyme unit		0			
MED_ADMIN	MEDADMIN DOSE ADMIN UNIT	{CH100'U}	complement CH100 unit		0			
MED_ADMIN	MEDADMIN DOSE ADMIN UNIT	{copies}	copies		0			
MED_ADMIN	MEDADMIN DOSE ADMIN UNIT	{copies}/ug	copies per microgram		0			
MED_ADMIN	MEDADMIN DOSE ADMIN UNIT	{copies}/mL	copies per milliliter		0			
MED_ADMIN	MEDADMIN DOSE ADMIN UNIT	{count}	count		0			
MED_ADMIN	MEDADMIN DOSE ADMIN UNIT	{CPM}	counts per minute		0			
MED_ADMIN	MEDADMIN DOSE ADMIN UNIT	[cin_i]	cubic inch (international)		0			
MED_ADMIN	MEDADMIN DOSE ADMIN UNIT	m3/s	cubic meter per second		0			
MED_ADMIN	MEDADMIN DOSE ADMIN UNIT	d/(7.d)	d/(7.d)=day per 7 day		0			
MED_ADMIN	MEDADMIN DOSE ADMIN UNIT	d/wk	d/wk=days per week		0			
MED_ADMIN	MEDADMIN DOSE ADMIN UNIT	d	day		0			
MED_ADMIN	MEDADMIN DOSE ADMIN UNIT	dB	decibel		0			
MED_ADMIN	MEDADMIN DOSE ADMIN UNIT	dg	decigram		0			
MED_ADMIN	MEDADMIN DOSE ADMIN UNIT	dL	deciliter		0			
MED_ADMIN	MEDADMIN DOSE ADMIN UNIT	dm	decimeter		0			
MED_ADMIN	MEDADMIN DOSE ADMIN UNIT	Cel	degree Celsius		0			
MED_ADMIN	MEDADMIN DOSE ADMIN UNIT	[degF]	degree Fahrenheit		0			
MED_ADMIN	MEDADMIN DOSE ADMIN UNIT	K	degree Kelvin		0			
MED_ADMIN	MEDADMIN DOSE ADMIN UNIT	K/W	degree Kelvin per Watt		0			
MED_ADMIN	MEDADMIN DOSE ADMIN UNIT	deg/s	degree per second		0			
MED_ADMIN	MEDADMIN DOSE ADMIN UNIT	daL/min	dekaliter per minute		0			
MED_ADMIN	MEDADMIN DOSE ADMIN UNIT	daL/min/m2	dekaliter per minute per square meter		0			
MED_ADMIN	MEDADMIN DOSE ADMIN UNIT	{dilution}	dilution		0			
MED_ADMIN	MEDADMIN DOSE ADMIN UNIT	[dr_av]	dram  (US and British)		0			
MED_ADMIN	MEDADMIN DOSE ADMIN UNIT	[drp]	drop (1/12 milliliter)		0			
MED_ADMIN	MEDADMIN DOSE ADMIN UNIT	dyn.s/cm	dyne second per centimeter		0			
MED_ADMIN	MEDADMIN DOSE ADMIN UNIT	dyn.s/(cm.m2)	dyne second per centimeter per square meter		0			
MED_ADMIN	MEDADMIN DOSE ADMIN UNIT	{Ehrlich'U}	Ehrlich unit		0			
MED_ADMIN	MEDADMIN DOSE ADMIN UNIT	{Ehrlich'U}/100.g	Ehrlich unit per 100 gram		0			
MED_ADMIN	MEDADMIN DOSE ADMIN UNIT	{Ehrlich'U}/(2.h)	Ehrlich unit per 2 hour		0			
MED_ADMIN	MEDADMIN DOSE ADMIN UNIT	{Ehrlich'U}/dL	Ehrlich unit per deciliter		0			
MED_ADMIN	MEDADMIN DOSE ADMIN UNIT	{EIA_index}	EIA index		0			
MED_ADMIN	MEDADMIN DOSE ADMIN UNIT	{EIA_titer}	EIA titer		0			
MED_ADMIN	MEDADMIN DOSE ADMIN UNIT	{EIA'U}	EIA unit		0			
MED_ADMIN	MEDADMIN DOSE ADMIN UNIT	{EIA'U}/U	EIA unit per enzyme unit		0			
MED_ADMIN	MEDADMIN DOSE ADMIN UNIT	{EV}	EIA value		0			
MED_ADMIN	MEDADMIN DOSE ADMIN UNIT	eV	electron Volt		0			
MED_ADMIN	MEDADMIN DOSE ADMIN UNIT	{ELISA'U}	ELISA unit		0			
MED_ADMIN	MEDADMIN DOSE ADMIN UNIT	U	enzyme unit		0			
MED_ADMIN	MEDADMIN DOSE ADMIN UNIT	U/10	enzyme unit per 10		0			
MED_ADMIN	MEDADMIN DOSE ADMIN UNIT	U/10*10	enzyme unit per 10 billion		0			
MED_ADMIN	MEDADMIN DOSE ADMIN UNIT	U/10*10{cells}	enzyme unit per 10 billion cells		0			
MED_ADMIN	MEDADMIN DOSE ADMIN UNIT	U/(10.g){feces}	enzyme unit per 10 gram of feces		0			
MED_ADMIN	MEDADMIN DOSE ADMIN UNIT	U/(12.h)	enzyme unit per 12 hour		0			
MED_ADMIN	MEDADMIN DOSE ADMIN UNIT	U/(2.h)	enzyme unit per 2 hour		0			
MED_ADMIN	MEDADMIN DOSE ADMIN UNIT	U/(24.h)	enzyme unit per 24 hour		0			
MED_ADMIN	MEDADMIN DOSE ADMIN UNIT	U/10*9	enzyme unit per billion		0			
MED_ADMIN	MEDADMIN DOSE ADMIN UNIT	U/d	enzyme unit per day		0			
MED_ADMIN	MEDADMIN DOSE ADMIN UNIT	U/dL	enzyme unit per deciliter		0			
MED_ADMIN	MEDADMIN DOSE ADMIN UNIT	U/g	enzyme unit per gram		0			
MED_ADMIN	MEDADMIN DOSE ADMIN UNIT	U/g{creat}	enzyme unit per gram of creatinine		0			
MED_ADMIN	MEDADMIN DOSE ADMIN UNIT	U/g{Hb}	enzyme unit per gram of hemoglobin		0			
MED_ADMIN	MEDADMIN DOSE ADMIN UNIT	U/g{protein}	enzyme unit per gram of protein		0			
MED_ADMIN	MEDADMIN DOSE ADMIN UNIT	U/h	enzyme unit per hour		0			
MED_ADMIN	MEDADMIN DOSE ADMIN UNIT	U/kg{Hb}	enzyme unit per kilogram of hemoglobin		0			
MED_ADMIN	MEDADMIN DOSE ADMIN UNIT	U/L	enzyme unit per liter		0			
MED_ADMIN	MEDADMIN DOSE ADMIN UNIT	U{25Cel}/L	enzyme unit per liter at 25 deg Celsius 		0			
MED_ADMIN	MEDADMIN DOSE ADMIN UNIT	U/mL	enzyme unit per milliliter		0			
MED_ADMIN	MEDADMIN DOSE ADMIN UNIT	U/mL{RBCs}	enzyme unit per milliliter of red blood cells		0			
MED_ADMIN	MEDADMIN DOSE ADMIN UNIT	U/mmol{creat}	enzyme unit per millimole of creatinine		0			
MED_ADMIN	MEDADMIN DOSE ADMIN UNIT	U/10*6	enzyme unit per million		0			
MED_ADMIN	MEDADMIN DOSE ADMIN UNIT	U/min	enzyme unit per minute		0			
MED_ADMIN	MEDADMIN DOSE ADMIN UNIT	U/s	enzyme unit per second		0			
MED_ADMIN	MEDADMIN DOSE ADMIN UNIT	U/10*12	enzyme unit per trillion		0			
MED_ADMIN	MEDADMIN DOSE ADMIN UNIT	U/10*12{RBCs}	enzyme unit per trillion red blood cells		0			
MED_ADMIN	MEDADMIN DOSE ADMIN UNIT	eq	equivalent		0			
MED_ADMIN	MEDADMIN DOSE ADMIN UNIT	eq/L	equivalent per liter		0			
MED_ADMIN	MEDADMIN DOSE ADMIN UNIT	eq/umol	equivalent per micromole		0			
MED_ADMIN	MEDADMIN DOSE ADMIN UNIT	eq/mL	equivalent per milliliter		0			
MED_ADMIN	MEDADMIN DOSE ADMIN UNIT	eq/mmol	equivalent per millimole		0			
MED_ADMIN	MEDADMIN DOSE ADMIN UNIT	erg	erg		0			
MED_ADMIN	MEDADMIN DOSE ADMIN UNIT	F	Farad		0			
MED_ADMIN	MEDADMIN DOSE ADMIN UNIT	fg	femtogram		0			
MED_ADMIN	MEDADMIN DOSE ADMIN UNIT	fL	femtoliter		0			
MED_ADMIN	MEDADMIN DOSE ADMIN UNIT	fmol/g	femtomole per gram		0			
MED_ADMIN	MEDADMIN DOSE ADMIN UNIT	fmol/L	femtomole per liter		0			
MED_ADMIN	MEDADMIN DOSE ADMIN UNIT	fmol/mg	femtomole per milligram		0			
MED_ADMIN	MEDADMIN DOSE ADMIN UNIT	fmol/mg{cyt_prot}	femtomole per milligram of cytosol protein		0			
MED_ADMIN	MEDADMIN DOSE ADMIN UNIT	fmol/mg{prot}	femtomole per milligram of protein		0			
MED_ADMIN	MEDADMIN DOSE ADMIN UNIT	fmol/mL	femtomole per milliliter		0			
MED_ADMIN	MEDADMIN DOSE ADMIN UNIT	[foz_us]	fluid ounce (US)		0			
MED_ADMIN	MEDADMIN DOSE ADMIN UNIT	{FIU}	fluorescent intensity unit		0			
MED_ADMIN	MEDADMIN DOSE ADMIN UNIT	[ft_i]	foot (international)		0			
MED_ADMIN	MEDADMIN DOSE ADMIN UNIT	{fraction}	fraction		0			
MED_ADMIN	MEDADMIN DOSE ADMIN UNIT	[Ch]	French (catheter gauge) 		0			
MED_ADMIN	MEDADMIN DOSE ADMIN UNIT	g/cm2	g/cm2=gram per square centimeter		0			
MED_ADMIN	MEDADMIN DOSE ADMIN UNIT	{GAA_repeats}	GAA trinucleotide repeats		0			
MED_ADMIN	MEDADMIN DOSE ADMIN UNIT	[gal_us]	gallon (US)		0			
MED_ADMIN	MEDADMIN DOSE ADMIN UNIT	{genomes}/mL	genomes per milliliter		0			
MED_ADMIN	MEDADMIN DOSE ADMIN UNIT	{Globules}/[HPF]	globules (drops)  per high power field		0			
MED_ADMIN	MEDADMIN DOSE ADMIN UNIT	g.m/{beat}	gram meter per heart beat 		0			
MED_ADMIN	MEDADMIN DOSE ADMIN UNIT	g{creat}	gram of creatinine		0			
MED_ADMIN	MEDADMIN DOSE ADMIN UNIT	g{Hb}	gram of hemoglobin		0			
MED_ADMIN	MEDADMIN DOSE ADMIN UNIT	g{total_nit}	gram of total nitrogen		0			
MED_ADMIN	MEDADMIN DOSE ADMIN UNIT	g{total_prot}	gram of total protein		0			
MED_ADMIN	MEDADMIN DOSE ADMIN UNIT	g{wet_tissue}	gram of wet tissue		0			
MED_ADMIN	MEDADMIN DOSE ADMIN UNIT	g/kg/(8.h)	gram per  kilogram per 8 hour 		0			
MED_ADMIN	MEDADMIN DOSE ADMIN UNIT	g/(12.h)	gram per 12 hour		0			
MED_ADMIN	MEDADMIN DOSE ADMIN UNIT	g/(24.h)	gram per 24 hour		0			
MED_ADMIN	MEDADMIN DOSE ADMIN UNIT	g/(3.d)	gram per 3 days		0			
MED_ADMIN	MEDADMIN DOSE ADMIN UNIT	g/(48.h)	gram per 48 hour		0			
MED_ADMIN	MEDADMIN DOSE ADMIN UNIT	g/(5.h)	gram per 5 hour		0			
MED_ADMIN	MEDADMIN DOSE ADMIN UNIT	g/(6.h)	gram per 6 hour		0			
MED_ADMIN	MEDADMIN DOSE ADMIN UNIT	g/(72.h)	gram per 72 hour		0			
MED_ADMIN	MEDADMIN DOSE ADMIN UNIT	g/(8.h){shift}	gram per 8 hour shift		0			
MED_ADMIN	MEDADMIN DOSE ADMIN UNIT	g/d	gram per day		0			
MED_ADMIN	MEDADMIN DOSE ADMIN UNIT	g/dL	gram per deciliter		0			
MED_ADMIN	MEDADMIN DOSE ADMIN UNIT	g/g	gram per gram		0			
MED_ADMIN	MEDADMIN DOSE ADMIN UNIT	g/g{creat}	gram per gram of creatinine		0			
MED_ADMIN	MEDADMIN DOSE ADMIN UNIT	g/g{globulin}	gram per gram of globulin		0			
MED_ADMIN	MEDADMIN DOSE ADMIN UNIT	g/g{tissue}	gram per gram of tissue		0			
MED_ADMIN	MEDADMIN DOSE ADMIN UNIT	g/h/m2	gram per hour per square meter		0			
MED_ADMIN	MEDADMIN DOSE ADMIN UNIT	g/kg/(8.h){shift}	gram per kilogram per 8 hour shift		0			
MED_ADMIN	MEDADMIN DOSE ADMIN UNIT	g/kg/d	gram per kilogram per day		0			
MED_ADMIN	MEDADMIN DOSE ADMIN UNIT	g/kg/h	gram per kilogram per hour		0			
MED_ADMIN	MEDADMIN DOSE ADMIN UNIT	g/kg/min	gram per kilogram per minute		0			
MED_ADMIN	MEDADMIN DOSE ADMIN UNIT	g/L	gram per liter		0			
MED_ADMIN	MEDADMIN DOSE ADMIN UNIT	g/mg	gram per milligram		0			
MED_ADMIN	MEDADMIN DOSE ADMIN UNIT	g/mL	gram per milliliter		0			
MED_ADMIN	MEDADMIN DOSE ADMIN UNIT	g/mmol	gram per millimole		0			
MED_ADMIN	MEDADMIN DOSE ADMIN UNIT	g/mol{creat}	gram per mole of creatinine		0			
MED_ADMIN	MEDADMIN DOSE ADMIN UNIT	g/{specimen}	gram per specimen		0			
MED_ADMIN	MEDADMIN DOSE ADMIN UNIT	g/{total_output}	gram per total output		0			
MED_ADMIN	MEDADMIN DOSE ADMIN UNIT	h/wk	h/wk=hour per week		0			
MED_ADMIN	MEDADMIN DOSE ADMIN UNIT	{beats}/min	heart beats per minute		0			
MED_ADMIN	MEDADMIN DOSE ADMIN UNIT	H	Henry		0			
MED_ADMIN	MEDADMIN DOSE ADMIN UNIT	Hz	Hertz		0			
MED_ADMIN	MEDADMIN DOSE ADMIN UNIT	h	hour		0			
MED_ADMIN	MEDADMIN DOSE ADMIN UNIT	[APL'U]/mL	IgA anticardiolipin unit per milliliter**		0			
MED_ADMIN	MEDADMIN DOSE ADMIN UNIT	[APL'U]	IgA anticardiolipin unit**		0			
MED_ADMIN	MEDADMIN DOSE ADMIN UNIT	{APS'U}	IgA antiphosphatidylserine unit 		0			
MED_ADMIN	MEDADMIN DOSE ADMIN UNIT	[GPL'U]/mL	IgG anticardiolipin unit per milliliter**		0			
MED_ADMIN	MEDADMIN DOSE ADMIN UNIT	{GPS'U}	IgG antiphosphatidylserine unit		0			
MED_ADMIN	MEDADMIN DOSE ADMIN UNIT	[MPL'U]/mL	IgM anticardiolipin unit per milliliter**		0			
MED_ADMIN	MEDADMIN DOSE ADMIN UNIT	[MPL'U]	IgM anticardiolipin unit**		0			
MED_ADMIN	MEDADMIN DOSE ADMIN UNIT	{MPS'U}	IgM antiphosphatidylserine unit		0			
MED_ADMIN	MEDADMIN DOSE ADMIN UNIT	{MPS'U}/mL	IgM antiphosphatidylserine unit per milliliter		0			
MED_ADMIN	MEDADMIN DOSE ADMIN UNIT	{ImmuneComplex'U}	immune complex unit		0			
MED_ADMIN	MEDADMIN DOSE ADMIN UNIT	{ISR}	immune status ratio		0			
MED_ADMIN	MEDADMIN DOSE ADMIN UNIT	{IFA_index}	immunofluorescence assay index		0			
MED_ADMIN	MEDADMIN DOSE ADMIN UNIT	{IFA_titer}	Immunofluorescence assay titer		0			
MED_ADMIN	MEDADMIN DOSE ADMIN UNIT	[in_i'H2O]	inch (international) of water		0			
MED_ADMIN	MEDADMIN DOSE ADMIN UNIT	{index_val}	index value		0			
MED_ADMIN	MEDADMIN DOSE ADMIN UNIT	{HA_titer}	influenza hemagglutination titer		0			
MED_ADMIN	MEDADMIN DOSE ADMIN UNIT	{INR}	international normalized ratio		0			
MED_ADMIN	MEDADMIN DOSE ADMIN UNIT	[IU]	international unit		0			
MED_ADMIN	MEDADMIN DOSE ADMIN UNIT	[IU]/(2.h)	international unit per 2 hour		0			
MED_ADMIN	MEDADMIN DOSE ADMIN UNIT	[IU]/(24.h)	international unit per 24 hour		0			
MED_ADMIN	MEDADMIN DOSE ADMIN UNIT	[IU]/10*9{RBCs}	international unit per billion red blood cells		0			
MED_ADMIN	MEDADMIN DOSE ADMIN UNIT	[IU]/d	international unit per day		0			
MED_ADMIN	MEDADMIN DOSE ADMIN UNIT	[IU]/g	international unit per gram		0			
MED_ADMIN	MEDADMIN DOSE ADMIN UNIT	[IU]/g{Hb}	international unit per gram of hemoglobin		0			
MED_ADMIN	MEDADMIN DOSE ADMIN UNIT	[IU]/kg/d	international unit per kilogram per day		0			
MED_ADMIN	MEDADMIN DOSE ADMIN UNIT	[IU]/L	international unit per liter		0			
MED_ADMIN	MEDADMIN DOSE ADMIN UNIT	[IU]/L{37Cel}	international unit per liter at 37 degrees Celsius		0			
MED_ADMIN	MEDADMIN DOSE ADMIN UNIT	[IU]/mg{creat}	international unit per milligram of creatinine		0			
MED_ADMIN	MEDADMIN DOSE ADMIN UNIT	J	joule		0			
MED_ADMIN	MEDADMIN DOSE ADMIN UNIT	J/L	joule per liter		0			
MED_ADMIN	MEDADMIN DOSE ADMIN UNIT	{JDF'U}	Juvenile Diabetes Foundation unit		0			
MED_ADMIN	MEDADMIN DOSE ADMIN UNIT	{JDF'U}/L	Juvenile Diabetes Foundation unit per liter		0			
MED_ADMIN	MEDADMIN DOSE ADMIN UNIT	{KCT'U}	kaolin clotting time		0			
MED_ADMIN	MEDADMIN DOSE ADMIN UNIT	kat	katal		0			
MED_ADMIN	MEDADMIN DOSE ADMIN UNIT	kat/kg	katal per kilogram		0			
MED_ADMIN	MEDADMIN DOSE ADMIN UNIT	kat/L	katal per liter		0			
MED_ADMIN	MEDADMIN DOSE ADMIN UNIT	kcal/(24.h)	kcal/(24.h)=kilocalorie per 24 hour		0			
MED_ADMIN	MEDADMIN DOSE ADMIN UNIT	kU	kilo enzyme unit		0			
MED_ADMIN	MEDADMIN DOSE ADMIN UNIT	kU/g	kilo enzyme unit per gram		0			
MED_ADMIN	MEDADMIN DOSE ADMIN UNIT	kU/L	kilo enzyme unit per liter		0			
MED_ADMIN	MEDADMIN DOSE ADMIN UNIT	kU/L{class}	kilo enzyme unit per liter class		0			
MED_ADMIN	MEDADMIN DOSE ADMIN UNIT	k[IU]/L	kilo international unit per liter		0			
MED_ADMIN	MEDADMIN DOSE ADMIN UNIT	kcal	kilocalorie		0			
MED_ADMIN	MEDADMIN DOSE ADMIN UNIT	kcal/h	kilocalorie per hour		0			
MED_ADMIN	MEDADMIN DOSE ADMIN UNIT	kg.m/s	kilogram meter per second		0			
MED_ADMIN	MEDADMIN DOSE ADMIN UNIT	kg/h	kilogram per hour		0			
MED_ADMIN	MEDADMIN DOSE ADMIN UNIT	fmol	femtomole		0			
MED_ADMIN	MEDADMIN DOSE ADMIN UNIT	Gy	Gray		0			
MED_ADMIN	MEDADMIN DOSE ADMIN UNIT	h/d	h/d=hour per day		0			
MED_ADMIN	MEDADMIN DOSE ADMIN UNIT	kcal/[oz_av]	kilocalorie per ounce (US & British)		0			
MED_ADMIN	MEDADMIN DOSE ADMIN UNIT	kg/L	kilogram per liter		0			
MED_ADMIN	MEDADMIN DOSE ADMIN UNIT	kg/min	kilogram per minute		0			
MED_ADMIN	MEDADMIN DOSE ADMIN UNIT	kg/mol	kilogram per mole		0			
MED_ADMIN	MEDADMIN DOSE ADMIN UNIT	kg/s	kilogram per second		0			
MED_ADMIN	MEDADMIN DOSE ADMIN UNIT	kg/(s.m2)	kilogram per second per square meter		0			
MED_ADMIN	MEDADMIN DOSE ADMIN UNIT	kg/m2	kilogram per square meter		0			
MED_ADMIN	MEDADMIN DOSE ADMIN UNIT	kL	kiloliter		0			
MED_ADMIN	MEDADMIN DOSE ADMIN UNIT	km	kilometer		0			
MED_ADMIN	MEDADMIN DOSE ADMIN UNIT	kPa	kilopascal		0			
MED_ADMIN	MEDADMIN DOSE ADMIN UNIT	ks	kilosecond		0			
MED_ADMIN	MEDADMIN DOSE ADMIN UNIT	[ka'U]	King Armstrong unit		0			
MED_ADMIN	MEDADMIN DOSE ADMIN UNIT	{KRONU'U}/mL	Kronus unit per milliliter		0			
MED_ADMIN	MEDADMIN DOSE ADMIN UNIT	[knk'U]	Kunkel unit		0			
MED_ADMIN	MEDADMIN DOSE ADMIN UNIT	L/min/m2	L/min/m2=liter per minute per sqaure meter		0			
MED_ADMIN	MEDADMIN DOSE ADMIN UNIT	L	liter		0			
MED_ADMIN	MEDADMIN DOSE ADMIN UNIT	L/(24.h)	liter per 24 hour		0			
MED_ADMIN	MEDADMIN DOSE ADMIN UNIT	L/(8.h)	liter per 8 hour		0			
MED_ADMIN	MEDADMIN DOSE ADMIN UNIT	L/d	liter per day		0			
MED_ADMIN	MEDADMIN DOSE ADMIN UNIT	L/h	liter per hour		0			
MED_ADMIN	MEDADMIN DOSE ADMIN UNIT	L/kg	liter per kilogram		0			
MED_ADMIN	MEDADMIN DOSE ADMIN UNIT	L/L	liter per liter		0			
MED_ADMIN	MEDADMIN DOSE ADMIN UNIT	L/min	liter per minute		0			
MED_ADMIN	MEDADMIN DOSE ADMIN UNIT	L/(min.m2)	liter per minute per square meter		0			
MED_ADMIN	MEDADMIN DOSE ADMIN UNIT	L/s	liter per second		0			
MED_ADMIN	MEDADMIN DOSE ADMIN UNIT	L/s/s2	liter per second per square second		0			
MED_ADMIN	MEDADMIN DOSE ADMIN UNIT	{Log_copies}/mL	log (base 10) copies per milliliter		0			
MED_ADMIN	MEDADMIN DOSE ADMIN UNIT	{Log_IU}	log (base 10) international unit		0			
MED_ADMIN	MEDADMIN DOSE ADMIN UNIT	{Log_IU}/mL	log (base 10) international unit per milliliter		0			
MED_ADMIN	MEDADMIN DOSE ADMIN UNIT	{Log}	log base 10		0			
MED_ADMIN	MEDADMIN DOSE ADMIN UNIT	[LPF]	low power field		0			
MED_ADMIN	MEDADMIN DOSE ADMIN UNIT	lm	lumen		0			
MED_ADMIN	MEDADMIN DOSE ADMIN UNIT	lm.m2	lumen square meter		0			
MED_ADMIN	MEDADMIN DOSE ADMIN UNIT	[mclg'U]	Maclagan unit		0			
MED_ADMIN	MEDADMIN DOSE ADMIN UNIT	Ms	megasecond		0			
MED_ADMIN	MEDADMIN DOSE ADMIN UNIT	m	meter		0			
MED_ADMIN	MEDADMIN DOSE ADMIN UNIT	m/s	meter per second		0			
MED_ADMIN	MEDADMIN DOSE ADMIN UNIT	m/s2	meter per square second		0			
MED_ADMIN	MEDADMIN DOSE ADMIN UNIT	t	metric ton		0			
MED_ADMIN	MEDADMIN DOSE ADMIN UNIT	uU/g	micro enzyme unit per gram		0			
MED_ADMIN	MEDADMIN DOSE ADMIN UNIT	uU/L	micro enzyme unit per liter		0			
MED_ADMIN	MEDADMIN DOSE ADMIN UNIT	uU/mL	micro enzyme unit per milliliter		0			
MED_ADMIN	MEDADMIN DOSE ADMIN UNIT	u[IU]/mL	micro international unit per milliliter		0			
MED_ADMIN	MEDADMIN DOSE ADMIN UNIT	ueq	microequivalent		0			
MED_ADMIN	MEDADMIN DOSE ADMIN UNIT	ueq/L	microequivalent per liter		0			
MED_ADMIN	MEDADMIN DOSE ADMIN UNIT	ug/g{feces}	microgram  per gram of feces		0			
MED_ADMIN	MEDADMIN DOSE ADMIN UNIT	ug{FEU}/mL	microgram fibrinogen equivalent unit per milliliter		0			
MED_ADMIN	MEDADMIN DOSE ADMIN UNIT	ug/(100.g)	microgram per 100 gram		0			
MED_ADMIN	MEDADMIN DOSE ADMIN UNIT	ug/(8.h)	microgram per 8 hour		0			
MED_ADMIN	MEDADMIN DOSE ADMIN UNIT	ug/m3	microgram per cubic meter		0			
MED_ADMIN	MEDADMIN DOSE ADMIN UNIT	ug/dL	microgram per deciliter		0			
MED_ADMIN	MEDADMIN DOSE ADMIN UNIT	ug/dL{RBCs}	microgram per deciliter of red blood cells		0			
MED_ADMIN	MEDADMIN DOSE ADMIN UNIT	ug/g	microgram per gram		0			
MED_ADMIN	MEDADMIN DOSE ADMIN UNIT	ug/g{creat}	microgram per gram of creatinine		0			
MED_ADMIN	MEDADMIN DOSE ADMIN UNIT	ug/g{dry_tissue}	microgram per gram of dry tissue		0			
MED_ADMIN	MEDADMIN DOSE ADMIN UNIT	ug/g{dry_wt}	microgram per gram of dry weight		0			
MED_ADMIN	MEDADMIN DOSE ADMIN UNIT	ug/g{hair}	microgram per gram of hair		0			
MED_ADMIN	MEDADMIN DOSE ADMIN UNIT	ug/g{Hb}	microgram per gram of hemoglobin		0			
MED_ADMIN	MEDADMIN DOSE ADMIN UNIT	ug/kg/(8.h)	microgram per kilogram per 8 hour		0			
MED_ADMIN	MEDADMIN DOSE ADMIN UNIT	ug/kg/d	microgram per kilogram per day		0			
MED_ADMIN	MEDADMIN DOSE ADMIN UNIT	ug/L	microgram per liter		0			
MED_ADMIN	MEDADMIN DOSE ADMIN UNIT	ug/L{RBCs}	microgram per liter of red blood cells		0			
MED_ADMIN	MEDADMIN DOSE ADMIN UNIT	ug/L/(24.h)	microgram per liter per 24 hour		0			
MED_ADMIN	MEDADMIN DOSE ADMIN UNIT	ug/mg	microgram per milligram		0			
MED_ADMIN	MEDADMIN DOSE ADMIN UNIT	ug/mg{creat}	microgram per milligram of creatinine		0			
MED_ADMIN	MEDADMIN DOSE ADMIN UNIT	ug/mL	microgram per milliliter		0			
MED_ADMIN	MEDADMIN DOSE ADMIN UNIT	ug/mL{class}	microgram per milliliter class		0			
MED_ADMIN	MEDADMIN DOSE ADMIN UNIT	ug/mL{eqv}	microgram per milliliter equivalent		0			
MED_ADMIN	MEDADMIN DOSE ADMIN UNIT	ug/mmol	microgram per millimole		0			
MED_ADMIN	MEDADMIN DOSE ADMIN UNIT	ug/mmol{creat}	microgram per millimole of creatinine		0			
MED_ADMIN	MEDADMIN DOSE ADMIN UNIT	ug/{specimen}	microgram per specimen		0			
MED_ADMIN	MEDADMIN DOSE ADMIN UNIT	u[IU]/L	microinternational unit per liter		0			
MED_ADMIN	MEDADMIN DOSE ADMIN UNIT	uL	microliter		0			
MED_ADMIN	MEDADMIN DOSE ADMIN UNIT	uL/(2.h)	microliter per 2 hour		0			
MED_ADMIN	MEDADMIN DOSE ADMIN UNIT	uL/h	microliter per hour		0			
MED_ADMIN	MEDADMIN DOSE ADMIN UNIT	um	micrometer		0			
MED_ADMIN	MEDADMIN DOSE ADMIN UNIT	umol	micromole		0			
MED_ADMIN	MEDADMIN DOSE ADMIN UNIT	umol{BCE}/mol	micromole bone collagen equivalent per mole		0			
MED_ADMIN	MEDADMIN DOSE ADMIN UNIT	umol/(2.h)	micromole per 2 hour		0			
MED_ADMIN	MEDADMIN DOSE ADMIN UNIT	umol/(24.h)	micromole per 24 hour		0			
MED_ADMIN	MEDADMIN DOSE ADMIN UNIT	umol/dL	micromole per deciliter		0			
MED_ADMIN	MEDADMIN DOSE ADMIN UNIT	umol/dL{GF}	micromole per deciliter of glomerular filtrate		0			
MED_ADMIN	MEDADMIN DOSE ADMIN UNIT	umol/g	micromole per gram		0			
MED_ADMIN	MEDADMIN DOSE ADMIN UNIT	umol/g{creat}	micromole per gram of creatinine		0			
MED_ADMIN	MEDADMIN DOSE ADMIN UNIT	umol/g{Hb}	micromole per gram of hemoglobin		0			
MED_ADMIN	MEDADMIN DOSE ADMIN UNIT	umol/h	micromole per hour		0			
MED_ADMIN	MEDADMIN DOSE ADMIN UNIT	umol/kg{feces}	micromole per kilogram of feces		0			
MED_ADMIN	MEDADMIN DOSE ADMIN UNIT	umol/L{RBCs}	micromole per liter of red blood cells		0			
MED_ADMIN	MEDADMIN DOSE ADMIN UNIT	umol/L/h	micromole per liter per hour		0			
MED_ADMIN	MEDADMIN DOSE ADMIN UNIT	umol/umol	micromole per micromole		0			
MED_ADMIN	MEDADMIN DOSE ADMIN UNIT	umol/mg	micromole per milligram		0			
MED_ADMIN	MEDADMIN DOSE ADMIN UNIT	umol/mg{creat}	micromole per milligram of creatinine		0			
MED_ADMIN	MEDADMIN DOSE ADMIN UNIT	umol/mL	micromole per milliliter		0			
MED_ADMIN	MEDADMIN DOSE ADMIN UNIT	umol/mL/min	micromole per milliliter per minute		0			
MED_ADMIN	MEDADMIN DOSE ADMIN UNIT	umol/mmol	micromole per millimole		0			
MED_ADMIN	MEDADMIN DOSE ADMIN UNIT	umol/mmol{creat}	micromole per millimole of creatinine		0			
MED_ADMIN	MEDADMIN DOSE ADMIN UNIT	umol/min	micromole per minute		0			
MED_ADMIN	MEDADMIN DOSE ADMIN UNIT	umol/min/g	micromole per minute per gram		0			
MED_ADMIN	MEDADMIN DOSE ADMIN UNIT	umol/min/g{mucosa}	micromole per minute per gram of mucosa		0			
MED_ADMIN	MEDADMIN DOSE ADMIN UNIT	umol/min/g{prot}	micromole per minute per gram of protein		0			
MED_ADMIN	MEDADMIN DOSE ADMIN UNIT	umol/min/L	micromole per minute per liter		0			
MED_ADMIN	MEDADMIN DOSE ADMIN UNIT	umol/mol	micromole per mole		0			
MED_ADMIN	MEDADMIN DOSE ADMIN UNIT	umol/mol{creat}	micromole per mole of creatinine		0			
MED_ADMIN	MEDADMIN DOSE ADMIN UNIT	uOhm	microOhm		0			
MED_ADMIN	MEDADMIN DOSE ADMIN UNIT	us	microsecond		0			
MED_ADMIN	MEDADMIN DOSE ADMIN UNIT	uV	microvolt		0			
MED_ADMIN	MEDADMIN DOSE ADMIN UNIT	[mi_i]	mile (international)		0			
MED_ADMIN	MEDADMIN DOSE ADMIN UNIT	mU/g	milli  enzyme unit per gram		0			
MED_ADMIN	MEDADMIN DOSE ADMIN UNIT	mU/mL	milli  enzyme unit per milliliter		0			
MED_ADMIN	MEDADMIN DOSE ADMIN UNIT	mU/mL/min	milli  enzyme unit per milliliter per minute		0			
MED_ADMIN	MEDADMIN DOSE ADMIN UNIT	mU/mmol{RBCs}	milli  enzyme unit per millimole of red blood cells		0			
MED_ADMIN	MEDADMIN DOSE ADMIN UNIT	m[IU]/mL	milli  international unit per milliliter		0			
MED_ADMIN	MEDADMIN DOSE ADMIN UNIT	mU/g{Hb}	milli enzyme unit per gram of hemoglobin		0			
MED_ADMIN	MEDADMIN DOSE ADMIN UNIT	mU/g{prot}	milli enzyme unit per gram of protein		0			
MED_ADMIN	MEDADMIN DOSE ADMIN UNIT	mU/L	milli enzyme unit per liter		0			
MED_ADMIN	MEDADMIN DOSE ADMIN UNIT	mU/mg	milli enzyme unit per milligram		0			
MED_ADMIN	MEDADMIN DOSE ADMIN UNIT	mU/mg{creat}	milli enzyme unit per milligram of creatinine		0			
MED_ADMIN	MEDADMIN DOSE ADMIN UNIT	m[IU]/L	milli international unit per liter		0			
MED_ADMIN	MEDADMIN DOSE ADMIN UNIT	mA	milliampere		0			
MED_ADMIN	MEDADMIN DOSE ADMIN UNIT	mbar	millibar		0			
MED_ADMIN	MEDADMIN DOSE ADMIN UNIT	mbar/L/s	millibar per liter per second		0			
MED_ADMIN	MEDADMIN DOSE ADMIN UNIT	mbar.s/L	millibar second per liter		0			
MED_ADMIN	MEDADMIN DOSE ADMIN UNIT	meq/(2.h)	milliequivalent per 2 hour		0			
MED_ADMIN	MEDADMIN DOSE ADMIN UNIT	meq/(24.h)	milliequivalent per 24 hour		0			
MED_ADMIN	MEDADMIN DOSE ADMIN UNIT	meq/d	milliequivalent per day		0			
MED_ADMIN	MEDADMIN DOSE ADMIN UNIT	meq/dL	milliequivalent per deciliter		0			
MED_ADMIN	MEDADMIN DOSE ADMIN UNIT	meq/g	milliequivalent per gram		0			
MED_ADMIN	MEDADMIN DOSE ADMIN UNIT	meq/g{creat}	milliequivalent per gram of creatinine		0			
MED_ADMIN	MEDADMIN DOSE ADMIN UNIT	meq/h	milliequivalent per hour		0			
MED_ADMIN	MEDADMIN DOSE ADMIN UNIT	meq/mL	milliequivalent per milliliter		0			
MED_ADMIN	MEDADMIN DOSE ADMIN UNIT	meq/min	milliequivalent per minute		0			
MED_ADMIN	MEDADMIN DOSE ADMIN UNIT	meq/{specimen}	milliequivalent per specimen		0			
MED_ADMIN	MEDADMIN DOSE ADMIN UNIT	mg{FEU}/L	milligram fibrinogen equivalent unit per liter		0			
MED_ADMIN	MEDADMIN DOSE ADMIN UNIT	mg/(10.h)	milligram per 10 hour		0			
MED_ADMIN	MEDADMIN DOSE ADMIN UNIT	mg/(12.h)	milligram per 12 hour		0			
MED_ADMIN	MEDADMIN DOSE ADMIN UNIT	mg/(6.h)	milligram per 6 hour		0			
MED_ADMIN	MEDADMIN DOSE ADMIN UNIT	mg/(72.h)	milligram per 72 hour		0			
MED_ADMIN	MEDADMIN DOSE ADMIN UNIT	mg/(8.h)	milligram per 8 hour		0			
MED_ADMIN	MEDADMIN DOSE ADMIN UNIT	mg/{collection}	milligram per collection		0			
MED_ADMIN	MEDADMIN DOSE ADMIN UNIT	mg/m3	milligram per cubic meter		0			
MED_ADMIN	MEDADMIN DOSE ADMIN UNIT	mg/d	milligram per day		0			
MED_ADMIN	MEDADMIN DOSE ADMIN UNIT	mg/d/{1.73_m2}	milligram per day per 1.73 square meter		0			
MED_ADMIN	MEDADMIN DOSE ADMIN UNIT	mg/dL	milligram per deciliter		0			
MED_ADMIN	MEDADMIN DOSE ADMIN UNIT	mg/g{creat}	milligram per gram of creatinine		0			
MED_ADMIN	MEDADMIN DOSE ADMIN UNIT	mg/g{dry_tissue}	milligram per gram of dry tissue		0			
MED_ADMIN	MEDADMIN DOSE ADMIN UNIT	mg/g{tissue}	milligram per gram of tissue		0			
MED_ADMIN	MEDADMIN DOSE ADMIN UNIT	mg/g{wet_tissue}	milligram per gram of wet tissue		0			
MED_ADMIN	MEDADMIN DOSE ADMIN UNIT	mg/kg/(8.h)	milligram per kilogram per 8 hour		0			
MED_ADMIN	MEDADMIN DOSE ADMIN UNIT	mg/L	milligram per liter		0			
MED_ADMIN	MEDADMIN DOSE ADMIN UNIT	mg/L{RBCs}	milligram per liter of red blood cells		0			
MED_ADMIN	MEDADMIN DOSE ADMIN UNIT	mg/mg	milligram per milligram		0			
MED_ADMIN	MEDADMIN DOSE ADMIN UNIT	mg/mg{creat}	milligram per milligram of creatinine		0			
MED_ADMIN	MEDADMIN DOSE ADMIN UNIT	mg/mmol	milligram per millimole		0			
MED_ADMIN	MEDADMIN DOSE ADMIN UNIT	mg/mmol{creat}	milligram per millimole of creatinine		0			
MED_ADMIN	MEDADMIN DOSE ADMIN UNIT	mg/min	milligram per minute		0			
MED_ADMIN	MEDADMIN DOSE ADMIN UNIT	mg/{total_output}	milligram per total output		0			
MED_ADMIN	MEDADMIN DOSE ADMIN UNIT	mg/{total_volume}	milligram per total volume		0			
MED_ADMIN	MEDADMIN DOSE ADMIN UNIT	mg/wk	milligram per week		0			
MED_ADMIN	MEDADMIN DOSE ADMIN UNIT	mL{fetal_RBCs}	milliliter of fetal red blood cells		0			
MED_ADMIN	MEDADMIN DOSE ADMIN UNIT	mL/(10.h)	milliliter per 10 hour		0			
MED_ADMIN	MEDADMIN DOSE ADMIN UNIT	mL/(2.h)	milliliter per 2 hour		0			
MED_ADMIN	MEDADMIN DOSE ADMIN UNIT	mL/(24.h)	milliliter per 24 hour		0			
MED_ADMIN	MEDADMIN DOSE ADMIN UNIT	mL/(4.h)	milliliter per 4 hour		0			
MED_ADMIN	MEDADMIN DOSE ADMIN UNIT	mL/(5.h)	milliliter per 5 hour		0			
MED_ADMIN	MEDADMIN DOSE ADMIN UNIT	mL/(6.h)	milliliter per 6 hour		0			
MED_ADMIN	MEDADMIN DOSE ADMIN UNIT	mL/(72.h)	milliliter per 72 hour		0			
MED_ADMIN	MEDADMIN DOSE ADMIN UNIT	mL/(8.h)	milliliter per 8 hour		0			
MED_ADMIN	MEDADMIN DOSE ADMIN UNIT	mL/(8.h)/kg	milliliter per 8 hour per kilogram		0			
MED_ADMIN	MEDADMIN DOSE ADMIN UNIT	mL/cm[H2O]	milliliter per centimeter of water		0			
MED_ADMIN	MEDADMIN DOSE ADMIN UNIT	mL/d	milliliter per day		0			
MED_ADMIN	MEDADMIN DOSE ADMIN UNIT	mL/{beat}	milliliter per heart beat		0			
MED_ADMIN	MEDADMIN DOSE ADMIN UNIT	mL/{beat}/m2	milliliter per heart beat per  square meter		0			
MED_ADMIN	MEDADMIN DOSE ADMIN UNIT	mL/kg/(8.h)	milliliter per kilogram per 8 hour		0			
MED_ADMIN	MEDADMIN DOSE ADMIN UNIT	mL/kg/d	milliliter per kilogram per day		0			
MED_ADMIN	MEDADMIN DOSE ADMIN UNIT	mL/kg/min	milliliter per kilogram per minute		0			
MED_ADMIN	MEDADMIN DOSE ADMIN UNIT	mL/mbar	milliliter per millibar		0			
MED_ADMIN	MEDADMIN DOSE ADMIN UNIT	mL/mm	milliliter per millimeter		0			
MED_ADMIN	MEDADMIN DOSE ADMIN UNIT	mL/min	milliliter per minute		0			
MED_ADMIN	MEDADMIN DOSE ADMIN UNIT	mL/min/{1.73_m2}	milliliter per minute per 1.73 square meter		0			
MED_ADMIN	MEDADMIN DOSE ADMIN UNIT	mL/min/m2	milliliter per minute per square meter		0			
MED_ADMIN	MEDADMIN DOSE ADMIN UNIT	mL/s	milliliter per second		0			
MED_ADMIN	MEDADMIN DOSE ADMIN UNIT	mL/[sin_i]	milliliter per square inch (international)		0			
MED_ADMIN	MEDADMIN DOSE ADMIN UNIT	mm	millimeter		0			
MED_ADMIN	MEDADMIN DOSE ADMIN UNIT	mm[Hg]	millimeter of mercury		0			
MED_ADMIN	MEDADMIN DOSE ADMIN UNIT	mm[H2O]	millimeter of water		0			
MED_ADMIN	MEDADMIN DOSE ADMIN UNIT	mm/h	millimeter per hour		0			
MED_ADMIN	MEDADMIN DOSE ADMIN UNIT	mm/min	millimeter per minute		0			
MED_ADMIN	MEDADMIN DOSE ADMIN UNIT	mmol/(2.h)	millimole per 2 hour		0			
MED_ADMIN	MEDADMIN DOSE ADMIN UNIT	mmol/(24.h)	millimole per 24 hour		0			
MED_ADMIN	MEDADMIN DOSE ADMIN UNIT	mmol/(5.h)	millimole per 5 hour		0			
MED_ADMIN	MEDADMIN DOSE ADMIN UNIT	mmol/(6.h)	millimole per 6 hour		0			
MED_ADMIN	MEDADMIN DOSE ADMIN UNIT	mmol/(8.h)	millimole per 8 hour		0			
MED_ADMIN	MEDADMIN DOSE ADMIN UNIT	mmol/dL	millimole per deciliter		0			
MED_ADMIN	MEDADMIN DOSE ADMIN UNIT	mmol/{ejaculate}	millimole per ejaculate		0			
MED_ADMIN	MEDADMIN DOSE ADMIN UNIT	mmol/g	millimole per gram		0			
MED_ADMIN	MEDADMIN DOSE ADMIN UNIT	mmol/g{creat}	millimole per gram of creatinine		0			
MED_ADMIN	MEDADMIN DOSE ADMIN UNIT	mmol/h	millimole per hour		0			
MED_ADMIN	MEDADMIN DOSE ADMIN UNIT	mmol/h/mg{Hb}	millimole per hour per milligram of hemoglobin		0			
MED_ADMIN	MEDADMIN DOSE ADMIN UNIT	mmol/h/mg{prot}	millimole per hour per milligram of protein		0			
MED_ADMIN	MEDADMIN DOSE ADMIN UNIT	mmol/kg/d	millimole per kilogram per day		0			
MED_ADMIN	MEDADMIN DOSE ADMIN UNIT	mmol/kg/h	millimole per kilogram per hour		0			
MED_ADMIN	MEDADMIN DOSE ADMIN UNIT	mmol/L	millimole per liter		0			
MED_ADMIN	MEDADMIN DOSE ADMIN UNIT	mmol/L{RBCs}	millimole per liter of red blood cells		0			
MED_ADMIN	MEDADMIN DOSE ADMIN UNIT	mmol/mmol	millimole per millimole		0			
MED_ADMIN	MEDADMIN DOSE ADMIN UNIT	mmol/mmol{creat}	millimole per millmole of creatinine		0			
MED_ADMIN	MEDADMIN DOSE ADMIN UNIT	mmol/min	millimole per minute		0			
MED_ADMIN	MEDADMIN DOSE ADMIN UNIT	mmol/mol	millimole per mole		0			
MED_ADMIN	MEDADMIN DOSE ADMIN UNIT	mmol/mol{creat}	millimole per mole of creatinine		0			
MED_ADMIN	MEDADMIN DOSE ADMIN UNIT	mmol/s/L	millimole per second per liter		0			
MED_ADMIN	MEDADMIN DOSE ADMIN UNIT	mmol/{specimen}	millimole per specimen		0			
MED_ADMIN	MEDADMIN DOSE ADMIN UNIT	mmol/m2	millimole per square meter		0			
MED_ADMIN	MEDADMIN DOSE ADMIN UNIT	mmol/{total_vol}	millimole per total volume		0			
MED_ADMIN	MEDADMIN DOSE ADMIN UNIT	10*6	million		0			
MED_ADMIN	MEDADMIN DOSE ADMIN UNIT	10*6.[CFU]/L	million colony forming unit per liter		0			
MED_ADMIN	MEDADMIN DOSE ADMIN UNIT	10*6/kg	million per kilogram		0			
MED_ADMIN	MEDADMIN DOSE ADMIN UNIT	10*6/L	million per liter		0			
MED_ADMIN	MEDADMIN DOSE ADMIN UNIT	10*6/mL	million per milliliter		0			
MED_ADMIN	MEDADMIN DOSE ADMIN UNIT	mosm	milliosmole		0			
MED_ADMIN	MEDADMIN DOSE ADMIN UNIT	mosm/L	milliosmole per liter		0			
MED_ADMIN	MEDADMIN DOSE ADMIN UNIT	ms	millisecond		0			
MED_ADMIN	MEDADMIN DOSE ADMIN UNIT	mV	millivolt		0			
MED_ADMIN	MEDADMIN DOSE ADMIN UNIT	min/d	min/d=minute per day		0			
MED_ADMIN	MEDADMIN DOSE ADMIN UNIT	min/wk	min/wk=minute per week		0			
MED_ADMIN	MEDADMIN DOSE ADMIN UNIT	{minidrop}/min	minidrop per minute		0			
MED_ADMIN	MEDADMIN DOSE ADMIN UNIT	{minidrop}/s	minidrop per second		0			
MED_ADMIN	MEDADMIN DOSE ADMIN UNIT	min	minute		0			
MED_ADMIN	MEDADMIN DOSE ADMIN UNIT	mol	mole		0			
MED_ADMIN	MEDADMIN DOSE ADMIN UNIT	mol/m3	mole per cubic meter		0			
MED_ADMIN	MEDADMIN DOSE ADMIN UNIT	mol/kg	mole per kilogram		0			
MED_ADMIN	MEDADMIN DOSE ADMIN UNIT	mol/kg/s	mole per kilogram per second		0			
MED_ADMIN	MEDADMIN DOSE ADMIN UNIT	mol/mL	mole per milliliter		0			
MED_ADMIN	MEDADMIN DOSE ADMIN UNIT	mol/s	mole per second		0			
MED_ADMIN	MEDADMIN DOSE ADMIN UNIT	{#}/{platelet}	molecule per platelet		0			
MED_ADMIN	MEDADMIN DOSE ADMIN UNIT	{M.o.M}	multiple of the median		0			
MED_ADMIN	MEDADMIN DOSE ADMIN UNIT	{mutation}	mutation		0			
MED_ADMIN	MEDADMIN DOSE ADMIN UNIT	mV/s	mV/s=millivolt per second		0			
MED_ADMIN	MEDADMIN DOSE ADMIN UNIT	nU/{RBC}	nanoenzyme unit per red blood cell		0			
MED_ADMIN	MEDADMIN DOSE ADMIN UNIT	ng	nanogram		0			
MED_ADMIN	MEDADMIN DOSE ADMIN UNIT	ng{FEU}/mL	nanogram fibrinogen equivalent unit per milliliter 		0			
MED_ADMIN	MEDADMIN DOSE ADMIN UNIT	ng/(8.h)	nanogram per 8 hour		0			
MED_ADMIN	MEDADMIN DOSE ADMIN UNIT	ng/d	nanogram per day		0			
MED_ADMIN	MEDADMIN DOSE ADMIN UNIT	ng/dL	nanogram per deciliter		0			
MED_ADMIN	MEDADMIN DOSE ADMIN UNIT	ng/U	nanogram per enzyme unit		0			
MED_ADMIN	MEDADMIN DOSE ADMIN UNIT	ng/g	nanogram per gram		0			
MED_ADMIN	MEDADMIN DOSE ADMIN UNIT	ng/g{creat}	nanogram per gram of creatinine		0			
MED_ADMIN	MEDADMIN DOSE ADMIN UNIT	ng/h	nanogram per hour		0			
MED_ADMIN	MEDADMIN DOSE ADMIN UNIT	ng/kg	nanogram per kilogram		0			
MED_ADMIN	MEDADMIN DOSE ADMIN UNIT	ng/kg/(8.h)	nanogram per kilogram per 8 hour		0			
MED_ADMIN	MEDADMIN DOSE ADMIN UNIT	ng/kg/h	nanogram per kilogram per hour		0			
MED_ADMIN	MEDADMIN DOSE ADMIN UNIT	ng/L	nanogram per liter		0			
MED_ADMIN	MEDADMIN DOSE ADMIN UNIT	ng/mg	nanogram per milligram		0			
MED_ADMIN	MEDADMIN DOSE ADMIN UNIT	ng/mg{creat}	nanogram per milligram of creatinine		0			
MED_ADMIN	MEDADMIN DOSE ADMIN UNIT	ng/mg{prot}	nanogram per milligram of protein		0			
MED_ADMIN	MEDADMIN DOSE ADMIN UNIT	ng/mg/h	nanogram per milligram per hour		0			
MED_ADMIN	MEDADMIN DOSE ADMIN UNIT	ng/mL{RBCs}	nanogram per milliliter of red blood cells		0			
MED_ADMIN	MEDADMIN DOSE ADMIN UNIT	ng/mL/h	nanogram per milliliter per hour		0			
MED_ADMIN	MEDADMIN DOSE ADMIN UNIT	ng/10*6	nanogram per million		0			
MED_ADMIN	MEDADMIN DOSE ADMIN UNIT	ng/min	nanogram per minute		0			
MED_ADMIN	MEDADMIN DOSE ADMIN UNIT	ng/s	nanogram per second		0			
MED_ADMIN	MEDADMIN DOSE ADMIN UNIT	ng/m2	nanogram per square meter		0			
MED_ADMIN	MEDADMIN DOSE ADMIN UNIT	nL	nanoliter		0			
MED_ADMIN	MEDADMIN DOSE ADMIN UNIT	nm	nanometer		0			
MED_ADMIN	MEDADMIN DOSE ADMIN UNIT	nmol	nanomole		0			
MED_ADMIN	MEDADMIN DOSE ADMIN UNIT	nmol{BCE}	nanomole bone collagen equivalent		0			
MED_ADMIN	MEDADMIN DOSE ADMIN UNIT	nmol{BCE}/L	nanomole bone collagen equivalent per liter		0			
MED_ADMIN	MEDADMIN DOSE ADMIN UNIT	nmol{BCE}/mmol{creat}	nanomole bone collagen equivalent per millimole of creatinine		0			
MED_ADMIN	MEDADMIN DOSE ADMIN UNIT	nmol{1/2cys}/mg{prot}	nanomole of 1/2 cystine per milligram of protein		0			
MED_ADMIN	MEDADMIN DOSE ADMIN UNIT	nmol{ATP}	nanomole of ATP 		0			
MED_ADMIN	MEDADMIN DOSE ADMIN UNIT	nmol/(24.h)	nanomole per 24 hour		0			
MED_ADMIN	MEDADMIN DOSE ADMIN UNIT	nmol/d	nanomole per day		0			
MED_ADMIN	MEDADMIN DOSE ADMIN UNIT	nmol/dL	nanomole per deciliter		0			
MED_ADMIN	MEDADMIN DOSE ADMIN UNIT	nmol/dL{GF}	nanomole per deciliter of glomerular filtrate		0			
MED_ADMIN	MEDADMIN DOSE ADMIN UNIT	nmol/g	nanomole per gram		0			
MED_ADMIN	MEDADMIN DOSE ADMIN UNIT	nmol/g{creat}	nanomole per gram of creatinine		0			
MED_ADMIN	MEDADMIN DOSE ADMIN UNIT	nmol/g{dry_wt}	nanomole per gram of dry weight		0			
MED_ADMIN	MEDADMIN DOSE ADMIN UNIT	nmol/h/L	nanomole per hour per liter		0			
MED_ADMIN	MEDADMIN DOSE ADMIN UNIT	nmol/h/mg{prot}	nanomole per hour per milligram of protein		0			
MED_ADMIN	MEDADMIN DOSE ADMIN UNIT	nmol/L	nanomole per liter		0			
MED_ADMIN	MEDADMIN DOSE ADMIN UNIT	nmol/L{RBCs}	nanomole per liter of red blood cells		0			
MED_ADMIN	MEDADMIN DOSE ADMIN UNIT	nmol/L/mmol{creat}	nanomole per liter per millimole of creatinine		0			
MED_ADMIN	MEDADMIN DOSE ADMIN UNIT	nmol/m/mg{prot}	nanomole per meter per milligram of protein		0			
MED_ADMIN	MEDADMIN DOSE ADMIN UNIT	nmol/umol{creat}	nanomole per micromole  of creatinine		0			
MED_ADMIN	MEDADMIN DOSE ADMIN UNIT	nmol/mg	nanomole per milligram		0			
MED_ADMIN	MEDADMIN DOSE ADMIN UNIT	nmol/mg{creat}	nanomole per milligram of creatinine		0			
MED_ADMIN	MEDADMIN DOSE ADMIN UNIT	nmol/mg{prot}	nanomole per milligram of protein		0			
MED_ADMIN	MEDADMIN DOSE ADMIN UNIT	nmol/mg{prot}/h	nanomole per milligram of protein per hour		0			
MED_ADMIN	MEDADMIN DOSE ADMIN UNIT	nmol/mg/h	nanomole per milligram per hour		0			
MED_ADMIN	MEDADMIN DOSE ADMIN UNIT	nmol/mL	nanomole per milliliter		0			
MED_ADMIN	MEDADMIN DOSE ADMIN UNIT	nmol/mL/h	nanomole per milliliter per hour		0			
MED_ADMIN	MEDADMIN DOSE ADMIN UNIT	nmol/mmol	nanomole per millimole		0			
MED_ADMIN	MEDADMIN DOSE ADMIN UNIT	nmol/mmol{creat}	nanomole per millimole of creatinine		0			
MED_ADMIN	MEDADMIN DOSE ADMIN UNIT	nmol/min	nanomole per minute		0			
MED_ADMIN	MEDADMIN DOSE ADMIN UNIT	nmol/min/mg{Hb}	nanomole per minute per milligram of hemoglobin		0			
MED_ADMIN	MEDADMIN DOSE ADMIN UNIT	nmol/min/mg{prot}	nanomole per minute per milligram of protein		0			
MED_ADMIN	MEDADMIN DOSE ADMIN UNIT	nmol/min/mL	nanomole per minute per milliliter		0			
MED_ADMIN	MEDADMIN DOSE ADMIN UNIT	nmol/min/10*6{cells}	nanomole per minute per million cells		0			
MED_ADMIN	MEDADMIN DOSE ADMIN UNIT	nmol/mol	nanomole per mole		0			
MED_ADMIN	MEDADMIN DOSE ADMIN UNIT	nmol/nmol	nanomole per nanomole		0			
MED_ADMIN	MEDADMIN DOSE ADMIN UNIT	nmol/s/L	nanomole per second per liter		0			
MED_ADMIN	MEDADMIN DOSE ADMIN UNIT	ns	nanosecond		0			
MED_ADMIN	MEDADMIN DOSE ADMIN UNIT	N	Newton		0			
MED_ADMIN	MEDADMIN DOSE ADMIN UNIT	N.cm	Newton centimeter		0			
MED_ADMIN	MEDADMIN DOSE ADMIN UNIT	N.s	Newton second		0			
MED_ADMIN	MEDADMIN DOSE ADMIN UNIT	nmol/h/mL	nmol/h/mL=nanomole per hour per milliliter		0			
MED_ADMIN	MEDADMIN DOSE ADMIN UNIT	nmol/min/mg{protein}	nmol/min/mg{protein}=nanomole per minute per milligram protein		0			
MED_ADMIN	MEDADMIN DOSE ADMIN UNIT	nmol/mol{creat}	nmol/mol{creat}=nanomole per mole creatinine		0			
MED_ADMIN	MEDADMIN DOSE ADMIN UNIT	{#}	number		0			
MED_ADMIN	MEDADMIN DOSE ADMIN UNIT	{#}/[HPF]	number per high power field		0			
MED_ADMIN	MEDADMIN DOSE ADMIN UNIT	{#}/uL	number per microliter		0			
MED_ADMIN	MEDADMIN DOSE ADMIN UNIT	{#}/mL	number per milliliter		0			
MED_ADMIN	MEDADMIN DOSE ADMIN UNIT	{#}/min	number per minute		0			
MED_ADMIN	MEDADMIN DOSE ADMIN UNIT	Ohm	Ohm		0			
MED_ADMIN	MEDADMIN DOSE ADMIN UNIT	Ohm.m	Ohm meter		0			
MED_ADMIN	MEDADMIN DOSE ADMIN UNIT	10*5	one hundred thousand		0			
MED_ADMIN	MEDADMIN DOSE ADMIN UNIT	osm/kg	osmole per kilogram		0			
MED_ADMIN	MEDADMIN DOSE ADMIN UNIT	osm/L	osmole per liter		0			
MED_ADMIN	MEDADMIN DOSE ADMIN UNIT	{Pan_Bio'U}	panbio unit		0			
MED_ADMIN	MEDADMIN DOSE ADMIN UNIT	[ppb]	part per billion		0			
MED_ADMIN	MEDADMIN DOSE ADMIN UNIT	[ppm]	part per million		0			
MED_ADMIN	MEDADMIN DOSE ADMIN UNIT	[ppm]{v/v}	part per million in volume per volume		0			
MED_ADMIN	MEDADMIN DOSE ADMIN UNIT	[ppth]	part per thousand		0			
MED_ADMIN	MEDADMIN DOSE ADMIN UNIT	Pa	Pascal		0			
MED_ADMIN	MEDADMIN DOSE ADMIN UNIT	/10*10	per 10 billion  		0			
MED_ADMIN	MEDADMIN DOSE ADMIN UNIT	/10*4{RBCs}	per 10 thousand red blood cells		0			
MED_ADMIN	MEDADMIN DOSE ADMIN UNIT	/100{cells}	per 100 cells		0			
MED_ADMIN	MEDADMIN DOSE ADMIN UNIT	/100{neutrophils}	per 100 neutrophils		0			
MED_ADMIN	MEDADMIN DOSE ADMIN UNIT	/100{spermatozoa}	per 100 spermatozoa		0			
MED_ADMIN	MEDADMIN DOSE ADMIN UNIT	/100{WBCs}	per 100 white blood cells		0			
MED_ADMIN	MEDADMIN DOSE ADMIN UNIT	/[arb'U]	per arbitrary unit		0			
MED_ADMIN	MEDADMIN DOSE ADMIN UNIT	/cm[H2O]	per centimeter of water		0			
MED_ADMIN	MEDADMIN DOSE ADMIN UNIT	/m3	per cubic meter		0			
MED_ADMIN	MEDADMIN DOSE ADMIN UNIT	/d	per day		0			
MED_ADMIN	MEDADMIN DOSE ADMIN UNIT	/dL	per deciliter		0			
MED_ADMIN	MEDADMIN DOSE ADMIN UNIT	/{entity}	per entity		0			
MED_ADMIN	MEDADMIN DOSE ADMIN UNIT	/U	per enzyme unit		0			
MED_ADMIN	MEDADMIN DOSE ADMIN UNIT	/g	per gram		0			
MED_ADMIN	MEDADMIN DOSE ADMIN UNIT	/g{creat}	per gram of creatinine		0			
MED_ADMIN	MEDADMIN DOSE ADMIN UNIT	/g{Hb}	per gram of hemoglobin		0			
MED_ADMIN	MEDADMIN DOSE ADMIN UNIT	/g{tot_nit}	per gram of total nitrogen		0			
MED_ADMIN	MEDADMIN DOSE ADMIN UNIT	/g{tot_prot}	per gram of total protein		0			
MED_ADMIN	MEDADMIN DOSE ADMIN UNIT	/g{wet_tis}	per gram of wet tissue		0			
MED_ADMIN	MEDADMIN DOSE ADMIN UNIT	/[HPF]	per high power field		0			
MED_ADMIN	MEDADMIN DOSE ADMIN UNIT	/h	per hour		0			
MED_ADMIN	MEDADMIN DOSE ADMIN UNIT	/kg{body_wt}	per kilogram of body weight		0			
MED_ADMIN	MEDADMIN DOSE ADMIN UNIT	/L	per liter		0			
MED_ADMIN	MEDADMIN DOSE ADMIN UNIT	/uL	per microliter		0			
MED_ADMIN	MEDADMIN DOSE ADMIN UNIT	/mg	per milligram		0			
MED_ADMIN	MEDADMIN DOSE ADMIN UNIT	/mL	per milliliter		0			
MED_ADMIN	MEDADMIN DOSE ADMIN UNIT	/mm	per millimeter		0			
MED_ADMIN	MEDADMIN DOSE ADMIN UNIT	/10*6	per million		0			
MED_ADMIN	MEDADMIN DOSE ADMIN UNIT	/mo	per month		0			
MED_ADMIN	MEDADMIN DOSE ADMIN UNIT	/{OIF}	per oil immersion field		0			
MED_ADMIN	MEDADMIN DOSE ADMIN UNIT	/m2	per square meter		0			
MED_ADMIN	MEDADMIN DOSE ADMIN UNIT	/10*3	per thousand		0			
MED_ADMIN	MEDADMIN DOSE ADMIN UNIT	/10*3{RBCs}	per thousand red blood cells		0			
MED_ADMIN	MEDADMIN DOSE ADMIN UNIT	/10*12	per trillion 		0			
MED_ADMIN	MEDADMIN DOSE ADMIN UNIT	/10*12{RBCs}	per trillion red blood cells		0			
MED_ADMIN	MEDADMIN DOSE ADMIN UNIT	/(12.h)	per twelve hour		0			
MED_ADMIN	MEDADMIN DOSE ADMIN UNIT	/wk	per week		0			
MED_ADMIN	MEDADMIN DOSE ADMIN UNIT	%{penetration}	percent  penetration		0			
MED_ADMIN	MEDADMIN DOSE ADMIN UNIT	%{abnormal}	percent abnormal		0			
MED_ADMIN	MEDADMIN DOSE ADMIN UNIT	%{activity}	percent activity		0			
MED_ADMIN	MEDADMIN DOSE ADMIN UNIT	%{aggregation}	percent aggregation		0			
MED_ADMIN	MEDADMIN DOSE ADMIN UNIT	%{at_60_min}	percent at 60 minute		0			
MED_ADMIN	MEDADMIN DOSE ADMIN UNIT	%{binding}	percent binding		0			
MED_ADMIN	MEDADMIN DOSE ADMIN UNIT	%{blockade}	percent blockade		0			
MED_ADMIN	MEDADMIN DOSE ADMIN UNIT	%{blocked}	percent blocked		0			
MED_ADMIN	MEDADMIN DOSE ADMIN UNIT	%{bound}	percent bound		0			
MED_ADMIN	MEDADMIN DOSE ADMIN UNIT	%{Hb}	percent hemoglobin		0			
MED_ADMIN	MEDADMIN DOSE ADMIN UNIT	%{index}	percent index		0			
MED_ADMIN	MEDADMIN DOSE ADMIN UNIT	%{inhibition}	percent inhibition		0			
MED_ADMIN	MEDADMIN DOSE ADMIN UNIT	%{lysis}	percent lysis		0			
MED_ADMIN	MEDADMIN DOSE ADMIN UNIT	%{normal}	percent normal		0			
MED_ADMIN	MEDADMIN DOSE ADMIN UNIT	%{pooled_plasma}	percent normal pooled plasma		0			
MED_ADMIN	MEDADMIN DOSE ADMIN UNIT	%{bacteria}	percent of bacteria		0			
MED_ADMIN	MEDADMIN DOSE ADMIN UNIT	%{baseline}	percent of baseline		0			
MED_ADMIN	MEDADMIN DOSE ADMIN UNIT	%{cells}	percent of cells		0			
MED_ADMIN	MEDADMIN DOSE ADMIN UNIT	%{RBCs}	percent of red blood cells		0			
MED_ADMIN	MEDADMIN DOSE ADMIN UNIT	%{WBCs}	percent of white blood cells		0			
MED_ADMIN	MEDADMIN DOSE ADMIN UNIT	%{reactive}	percent reactive		0			
MED_ADMIN	MEDADMIN DOSE ADMIN UNIT	%{recovery}	percent recovery		0			
MED_ADMIN	MEDADMIN DOSE ADMIN UNIT	%{residual}	percent residual		0			
MED_ADMIN	MEDADMIN DOSE ADMIN UNIT	%{saturation}	percent saturation		0			
MED_ADMIN	MEDADMIN DOSE ADMIN UNIT	%{total}	percent total		0			
MED_ADMIN	MEDADMIN DOSE ADMIN UNIT	pg/mL{sLT}	pg/mL{sLT}=picogram per milliliter sulfidoleukotrienes		0			
MED_ADMIN	MEDADMIN DOSE ADMIN UNIT	[pH]	pH		0			
MED_ADMIN	MEDADMIN DOSE ADMIN UNIT	{phenotype}	phenotype		0			
MED_ADMIN	MEDADMIN DOSE ADMIN UNIT	pA	picoampere		0			
MED_ADMIN	MEDADMIN DOSE ADMIN UNIT	pg	picogram		0			
MED_ADMIN	MEDADMIN DOSE ADMIN UNIT	pg/{cell}	picogram per cell		0			
MED_ADMIN	MEDADMIN DOSE ADMIN UNIT	pg/dL	picogram per deciliter		0			
MED_ADMIN	MEDADMIN DOSE ADMIN UNIT	pg/L	picogram per liter		0			
MED_ADMIN	MEDADMIN DOSE ADMIN UNIT	pg/mg	picogram per milligram		0			
MED_ADMIN	MEDADMIN DOSE ADMIN UNIT	pg/mm	picogram per millimeter		0			
MED_ADMIN	MEDADMIN DOSE ADMIN UNIT	pg/{RBC}	picogram per red blood cell		0			
MED_ADMIN	MEDADMIN DOSE ADMIN UNIT	pm	picometer		0			
MED_ADMIN	MEDADMIN DOSE ADMIN UNIT	pmol	picomole		0			
MED_ADMIN	MEDADMIN DOSE ADMIN UNIT	pmol/(24.h)	picomole per 24 hour		0			
MED_ADMIN	MEDADMIN DOSE ADMIN UNIT	pmol/d	picomole per day		0			
MED_ADMIN	MEDADMIN DOSE ADMIN UNIT	pmol/dL	picomole per deciliter		0			
MED_ADMIN	MEDADMIN DOSE ADMIN UNIT	pmol/g	picomole per gram		0			
MED_ADMIN	MEDADMIN DOSE ADMIN UNIT	pmol/h/mg{prot}	picomole per hour per milligram of protein		0			
MED_ADMIN	MEDADMIN DOSE ADMIN UNIT	pmol/h/mL	picomole per hour per milliliter 		0			
MED_ADMIN	MEDADMIN DOSE ADMIN UNIT	pmol/L	picomole per liter		0			
MED_ADMIN	MEDADMIN DOSE ADMIN UNIT	pmol/umol{creat}	picomole per micromole of creatinine		0			
MED_ADMIN	MEDADMIN DOSE ADMIN UNIT	pmol/mg{prot}	picomole per milligram of protein		0			
MED_ADMIN	MEDADMIN DOSE ADMIN UNIT	pmol/mL	picomole per milliliter		0			
MED_ADMIN	MEDADMIN DOSE ADMIN UNIT	pmol/mmol{creat}	picomole per millimole of creatinine		0			
MED_ADMIN	MEDADMIN DOSE ADMIN UNIT	pmol/min/mg{prot}	picomole per minute per milligram of protein		0			
MED_ADMIN	MEDADMIN DOSE ADMIN UNIT	pmol/{RBC}	picomole per red blood cell		0			
MED_ADMIN	MEDADMIN DOSE ADMIN UNIT	ps	picosecond		0			
MED_ADMIN	MEDADMIN DOSE ADMIN UNIT	pT	picotesla		0			
MED_ADMIN	MEDADMIN DOSE ADMIN UNIT	[pt_us]	pint (US)		0			
MED_ADMIN	MEDADMIN DOSE ADMIN UNIT	pmol/H/mg{protein}	pmol/H/mg{protein}=picomole per hour per milligram protein		0			
MED_ADMIN	MEDADMIN DOSE ADMIN UNIT	/[LPF]	per low power field		0			
MED_ADMIN	MEDADMIN DOSE ADMIN UNIT	pmol/min	picomole per minute		0			
MED_ADMIN	MEDADMIN DOSE ADMIN UNIT	[lb_av]	pound (US and British)		0			
MED_ADMIN	MEDADMIN DOSE ADMIN UNIT	[qt_us]	quart (US)		0			
MED_ADMIN	MEDADMIN DOSE ADMIN UNIT	{ratio}	ratio		0			
MED_ADMIN	MEDADMIN DOSE ADMIN UNIT	{rel_saturation}	relative saturation		0			
MED_ADMIN	MEDADMIN DOSE ADMIN UNIT	{saturation}	saturation		0			
MED_ADMIN	MEDADMIN DOSE ADMIN UNIT	s	second		0			
MED_ADMIN	MEDADMIN DOSE ADMIN UNIT	s/{control}	second per control		0			
MED_ADMIN	MEDADMIN DOSE ADMIN UNIT	{shift}	shift		0			
MED_ADMIN	MEDADMIN DOSE ADMIN UNIT	S	Siemens		0			
MED_ADMIN	MEDADMIN DOSE ADMIN UNIT	Sv	Sievert		0			
MED_ADMIN	MEDADMIN DOSE ADMIN UNIT	{s_co_ratio}	signal to cutoff ratio		0			
MED_ADMIN	MEDADMIN DOSE ADMIN UNIT	cm2	square centimeter		0			
MED_ADMIN	MEDADMIN DOSE ADMIN UNIT	cm2/s	square centimeter per second		0			
MED_ADMIN	MEDADMIN DOSE ADMIN UNIT	dm2/s2	square decimeter per square second		0			
MED_ADMIN	MEDADMIN DOSE ADMIN UNIT	[sft_i]	square foot (international)		0			
MED_ADMIN	MEDADMIN DOSE ADMIN UNIT	[sin_i]	square inch (international)		0			
MED_ADMIN	MEDADMIN DOSE ADMIN UNIT	m2	square meter		0			
MED_ADMIN	MEDADMIN DOSE ADMIN UNIT	m2/s	square meter per second		0			
MED_ADMIN	MEDADMIN DOSE ADMIN UNIT	[syd_i]	square yard (international)		0			
MED_ADMIN	MEDADMIN DOSE ADMIN UNIT	{STDV}	standard deviation		0			
MED_ADMIN	MEDADMIN DOSE ADMIN UNIT	T	Tesla		0			
MED_ADMIN	MEDADMIN DOSE ADMIN UNIT	10*3	thousand		0			
MED_ADMIN	MEDADMIN DOSE ADMIN UNIT	10*3{copies}/mL	thousand copies per milliliter		0			
MED_ADMIN	MEDADMIN DOSE ADMIN UNIT	10*3/L	thousand per liter		0			
MED_ADMIN	MEDADMIN DOSE ADMIN UNIT	10*3/uL	thousand per microliter		0			
MED_ADMIN	MEDADMIN DOSE ADMIN UNIT	10*3/mL	thousand per milliliter		0			
MED_ADMIN	MEDADMIN DOSE ADMIN UNIT	10*3{RBCs}	thousand red blood cells		0			
MED_ADMIN	MEDADMIN DOSE ADMIN UNIT	{TSI_index}	thyroid-stimulating immunoglobulin index		0			
MED_ADMIN	MEDADMIN DOSE ADMIN UNIT	{titer}	titer		0			
MED_ADMIN	MEDADMIN DOSE ADMIN UNIT	[todd'U]	Todd unit		0			
MED_ADMIN	MEDADMIN DOSE ADMIN UNIT	Torr	Torr		0			
MED_ADMIN	MEDADMIN DOSE ADMIN UNIT	10*12/L	trillion per liter		0			
MED_ADMIN	MEDADMIN DOSE ADMIN UNIT	[tb'U]	tuberculin unit		0			
MED_ADMIN	MEDADMIN DOSE ADMIN UNIT	umol/10*6{RBC}	umol/10*6{RBC}=micromole per million red blood cell		0			
MED_ADMIN	MEDADMIN DOSE ADMIN UNIT	V	volt		0			
MED_ADMIN	MEDADMIN DOSE ADMIN UNIT	Wb	Weber		0			
MED_ADMIN	MEDADMIN DOSE ADMIN UNIT	[yd_i]	yard (international)		0			
MED_ADMIN	MEDADMIN DOSE ADMIN UNIT	a	year		0			
MED_ADMIN	MEDADMIN ROUTE	OCULAR	OCULAR=Ocular route (qualifier value)		0			
MED_ADMIN	MEDADMIN SOURCE	OD	OD=Order/EHR		0			
MED_ADMIN	MEDADMIN SOURCE	DR	DR=Derived		0			
MED_ADMIN	MEDADMIN SOURCE	NI	NI=No  information		0			
MED_ADMIN	MEDADMIN SOURCE	UN	UN=Unknown		0			
MED_ADMIN	MEDADMIN SOURCE	OT	OT=Other		0			
PROVIDER	PROVIDER SPECIALTY PRIMARY	133VN1301X	133VN1301X=Dietitian, Registered Nutrition, Oncology		0			
PROVIDER	PROVIDER SPECIALTY PRIMARY	208200000X	208200000X=Plastic  Surgery  		0			
PROVIDER	PROVIDER NPI FLAG	Y	Y=Yes		0			
PROVIDER	PROVIDER NPI FLAG	N	N=No		0			
OBS_CLIN	OBSCLIN TYPE	LC	LC=LOINC		0			
OBS_CLIN	OBSCLIN TYPE	SM	SM=SNOMED  CT  (observable  entity)		0			
OBS_CLIN	OBSCLIN TYPE	NI	NI=No  information		0			
OBS_CLIN	OBSCLIN RESULT QUAL	A NEG	A NEG=A Neg		0			
OBS_CLIN	OBSCLIN RESULT QUAL	A POS	A POS=A Pos		0			
OBS_CLIN	OBSCLIN RESULT QUAL	AB NOT DETECTED	AB NOT DETECTED=Ab not detected		0			
OBS_CLIN	OBSCLIN RESULT QUAL	B NEG	B NEG=B Neg		0			
OBS_CLIN	OBSCLIN RESULT QUAL	B POS	B POS=B Pos		0			
OBS_CLIN	OBSCLIN RESULT QUAL	ELEVATED	ELEVATED=Elevated		0			
OBS_CLIN	OBSCLIN RESULT QUAL	INCONCLUSIVE	INCONCLUSIVE=Inconclusive 		0			
OBS_CLIN	OBSCLIN RESULT QUAL	INDETERMINATE ABNORMAL	INDETERMINATE ABNORMAL=Indeterminate abnormal		0			
OBS_CLIN	OBSCLIN RESULT QUAL	INFLUENZA A VIRUS	INFLUENZA A VIRUS=Influenza A virus		0			
OBS_CLIN	OBSCLIN RESULT QUAL	INFLUENZA B VIRUS	INFLUENZA B VIRUS=Influenza B virus		0			
OBS_CLIN	OBSCLIN RESULT QUAL	INVALID	NVALID=Invalid		0			
OBS_CLIN	OBSCLIN RESULT QUAL	O NEG	O NEG=O Neg		0			
OBS_CLIN	OBSCLIN RESULT QUAL	PAST INFECTION	PAST INFECTION=Past infection		0			
OBS_CLIN	OBSCLIN RESULT QUAL	PRESUMPTIVE POSITIVE	PRESUMPTIVE POSITIVE=Presumptive positive		0			
OBS_CLIN	OBSCLIN RESULT QUAL	REACTIVE	REACTIVE=Reactive		0			
OBS_CLIN	OBSCLIN RESULT QUAL	RECENT INFECTION	RECENT INFECTION=Recent infection		0			
OBS_CLIN	OBSCLIN RESULT QUAL	SPECIMEN UNSATISFACTORY	SPECIMEN UNSATISFACTORY=Specimen unsatisfactory		0			
OBS_CLIN	OBSCLIN RESULT QUAL	SPECIMEN UNSATISFACTORY FOR EVALUATION	SPECIMEN UNSATISFACTORY FOR EVALUATION=Specimen unsatisfactory for evaluation		0			
OBS_CLIN	OBSCLIN RESULT QUAL	UNDETECTABLE	UNDETECTABLE=Undetectable		0			
OBS_CLIN	OBSCLIN RESULT UNIT	%{response}	%{response}=percent response		0			
OBS_CLIN	OBSCLIN RESULT UNIT	[in_us]	[in_us]=inches (US)		0			
OBS_CLIN	OBSCLIN RESULT UNIT	[MET].min/wk	[MET].min/wk=metabolic equivalent minute per week		0			
OBS_CLIN	OBSCLIN RESULT UNIT	{#}/a	{#}/a=number per annum (year)		0			
OBS_CLIN	OBSCLIN RESULT UNIT	{#}/g	{#}/g=number per gram		0			
OBS_CLIN	OBSCLIN RESULT UNIT	{#}/wk	{#}/wk=number per week		0			
OBS_CLIN	OBSCLIN RESULT UNIT	{Ct_value}	{Ct_value}=Cycle threshold value		0			
OBS_CLIN	OBSCLIN RESULT UNIT	{index}	{index}=index value		0			
OBS_CLIN	OBSCLIN RESULT UNIT	{TmStp}	{TmStp}=time stamp		0			
OBS_CLIN	OBSCLIN RESULT UNIT	{Tscore}	{Tscore}=t score		0			
OBS_CLIN	OBSCLIN RESULT UNIT	{yyyy}	{yyyy}=year		0			
OBS_CLIN	OBSCLIN RESULT UNIT	{Zscore}	{Zscore}=z score		0			
OBS_CLIN	OBSCLIN RESULT UNIT	10.L/min	10 liter per minute		0			
OBS_CLIN	OBSCLIN RESULT UNIT	10.L/(min.m2)	10 liter per minute per square meter		0			
OBS_CLIN	OBSCLIN RESULT UNIT	10.uN.s/(cm5.m2)	10 micronewton second per centimeter to the fifth power per square meter		0			
OBS_CLIN	OBSCLIN RESULT UNIT	10*4/uL	10 thousand per microliter		0			
OBS_CLIN	OBSCLIN RESULT UNIT	10*8	100 million 		0			
OBS_CLIN	OBSCLIN RESULT UNIT	24.h	24 hour		0			
OBS_CLIN	OBSCLIN RESULT UNIT	[AU]	allergy unit		0			
OBS_CLIN	OBSCLIN RESULT UNIT	{AHF'U}	American Hospital Formulary unit		0			
OBS_CLIN	OBSCLIN RESULT UNIT	A/m	ampere per meter		0			
OBS_CLIN	OBSCLIN RESULT UNIT	atm	atmosphere		0			
OBS_CLIN	OBSCLIN RESULT UNIT	Bq	Becquerel		0			
OBS_CLIN	OBSCLIN RESULT UNIT	10*9/mL	billion per milliliter		0			
OBS_CLIN	OBSCLIN RESULT UNIT	{binding_index}	binding index		0			
OBS_CLIN	OBSCLIN RESULT UNIT	[bdsk'U]	Bodansky unit		0			
OBS_CLIN	OBSCLIN RESULT UNIT	{CAG_repeats}	CAG trinucleotide repeats		0			
OBS_CLIN	OBSCLIN RESULT UNIT	cg	centigram		0			
OBS_CLIN	OBSCLIN RESULT UNIT	cm[H2O]/L/s	centimeter of water per liter per second		0			
OBS_CLIN	OBSCLIN RESULT UNIT	cm[H2O]/s/m	centimeter of water per second per meter		0			
OBS_CLIN	OBSCLIN RESULT UNIT	cP	centipoise		0			
OBS_CLIN	OBSCLIN RESULT UNIT	cSt	centistoke		0			
OBS_CLIN	OBSCLIN RESULT UNIT	{delta_OD}	change in (delta) optical density		0			
OBS_CLIN	OBSCLIN RESULT UNIT	[CFU]	colony forming unit		0			
OBS_CLIN	OBSCLIN RESULT UNIT	[CFU]/mL	colony forming unit per milliliter		0			
OBS_CLIN	OBSCLIN RESULT UNIT	{CH100'U}	complement CH100 unit		0			
OBS_CLIN	OBSCLIN RESULT UNIT	{copies}/ug	copies per microgram		0			
OBS_CLIN	OBSCLIN RESULT UNIT	{count}	count		0			
OBS_CLIN	OBSCLIN RESULT UNIT	[cin_i]	cubic inch (international)		0			
OBS_CLIN	OBSCLIN RESULT UNIT	m3/s	cubic meter per second		0			
OBS_CLIN	OBSCLIN RESULT UNIT	d/(7.d)	d/(7.d)=day per 7 day		0			
OBS_CLIN	OBSCLIN RESULT UNIT	dB	decibel		0			
OBS_CLIN	OBSCLIN RESULT UNIT	dm	decimeter		0			
OBS_CLIN	OBSCLIN RESULT UNIT	K/W	degree Kelvin per Watt		0			
OBS_CLIN	OBSCLIN RESULT UNIT	deg/s	degree per second		0			
OBS_CLIN	OBSCLIN RESULT UNIT	[drp]	drop (1/12 milliliter)		0			
OBS_CLIN	OBSCLIN RESULT UNIT	dyn.s/cm	dyne second per centimeter		0			
OBS_CLIN	OBSCLIN RESULT UNIT	dyn.s/(cm.m2)	dyne second per centimeter per square meter		0			
OBS_CLIN	OBSCLIN RESULT UNIT	{Ehrlich'U}	Ehrlich unit		0			
OBS_CLIN	OBSCLIN RESULT UNIT	{Ehrlich'U}/(2.h)	Ehrlich unit per 2 hour		0			
OBS_CLIN	OBSCLIN RESULT UNIT	{EIA_index}	EIA index		0			
OBS_CLIN	OBSCLIN RESULT UNIT	U/10	enzyme unit per 10		0			
OBS_CLIN	OBSCLIN RESULT UNIT	U/10*10	enzyme unit per 10 billion		0			
OBS_CLIN	OBSCLIN RESULT UNIT	U/10*10{cells}	enzyme unit per 10 billion cells		0			
OBS_CLIN	OBSCLIN RESULT UNIT	U/(10.g){feces}	enzyme unit per 10 gram of feces		0			
OBS_CLIN	OBSCLIN RESULT UNIT	U/(12.h)	enzyme unit per 12 hour		0			
OBS_CLIN	OBSCLIN RESULT UNIT	U/(2.h)	enzyme unit per 2 hour		0			
OBS_CLIN	OBSCLIN RESULT UNIT	U/10*9	enzyme unit per billion		0			
OBS_CLIN	OBSCLIN RESULT UNIT	U/d	enzyme unit per day		0			
OBS_CLIN	OBSCLIN RESULT UNIT	U/g{creat}	enzyme unit per gram of creatinine		0			
OBS_CLIN	OBSCLIN RESULT UNIT	U/g{protein}	enzyme unit per gram of protein		0			
OBS_CLIN	OBSCLIN RESULT UNIT	U/h	enzyme unit per hour		0			
OBS_CLIN	OBSCLIN RESULT UNIT	U/kg{Hb}	enzyme unit per kilogram of hemoglobin		0			
OBS_CLIN	OBSCLIN RESULT UNIT	U{37Cel}/L	enzyme unit per liter at 37 deg Celsius		0			
OBS_CLIN	OBSCLIN RESULT UNIT	U/mL{RBCs}	enzyme unit per milliliter of red blood cells		0			
OBS_CLIN	OBSCLIN RESULT UNIT	U/10*6	enzyme unit per million		0			
OBS_CLIN	OBSCLIN RESULT UNIT	U/min	enzyme unit per minute		0			
OBS_CLIN	OBSCLIN RESULT UNIT	U/10*12	enzyme unit per trillion		0			
OBS_CLIN	OBSCLIN RESULT UNIT	U/10*12{RBCs}	enzyme unit per trillion red blood cells		0			
OBS_CLIN	OBSCLIN RESULT UNIT	eq	equivalent		0			
OBS_CLIN	OBSCLIN RESULT UNIT	eq/L	equivalent per liter		0			
OBS_CLIN	OBSCLIN RESULT UNIT	eq/umol	equivalent per micromole		0			
OBS_CLIN	OBSCLIN RESULT UNIT	eq/mL	equivalent per milliliter		0			
OBS_CLIN	OBSCLIN RESULT UNIT	eq/mmol	equivalent per millimole		0			
OBS_CLIN	OBSCLIN RESULT UNIT	erg	erg		0			
OBS_CLIN	OBSCLIN RESULT UNIT	fg	femtogram		0			
OBS_CLIN	OBSCLIN RESULT UNIT	fm	femtometer		0			
OBS_CLIN	OBSCLIN RESULT UNIT	fmol	femtomole		0			
OBS_CLIN	OBSCLIN RESULT UNIT	fmol/g	femtomole per gram		0			
OBS_CLIN	OBSCLIN RESULT UNIT	fmol/mg	femtomole per milligram		0			
OBS_CLIN	OBSCLIN RESULT UNIT	fmol/mg{cyt_prot}	femtomole per milligram of cytosol protein		0			
OBS_CLIN	OBSCLIN RESULT UNIT	fmol/mg{prot}	femtomole per milligram of protein		0			
OBS_CLIN	OBSCLIN RESULT UNIT	fmol/mL	femtomole per milliliter		0			
OBS_CLIN	OBSCLIN RESULT UNIT	[foz_us]	fluid ounce (US)		0			
OBS_CLIN	OBSCLIN RESULT UNIT	{GAA_repeats}	GAA trinucleotide repeats		0			
OBS_CLIN	OBSCLIN RESULT UNIT	[gal_us]	gallon (US)		0			
OBS_CLIN	OBSCLIN RESULT UNIT	g.m/{beat}	gram meter per heart beat 		0			
OBS_CLIN	OBSCLIN RESULT UNIT	g{creat}	gram of creatinine		0			
OBS_CLIN	OBSCLIN RESULT UNIT	g{Hb}	gram of hemoglobin		0			
OBS_CLIN	OBSCLIN RESULT UNIT	g{total_nit}	gram of total nitrogen		0			
OBS_CLIN	OBSCLIN RESULT UNIT	g{wet_tissue}	gram of wet tissue		0			
OBS_CLIN	OBSCLIN RESULT UNIT	g/(3.d)	gram per 3 days		0			
OBS_CLIN	OBSCLIN RESULT UNIT	g/(4.h)	gram per 4 hour		0			
OBS_CLIN	OBSCLIN RESULT UNIT	g/(48.h)	gram per 48 hour		0			
OBS_CLIN	OBSCLIN RESULT UNIT	g/(5.h)	gram per 5 hour		0			
OBS_CLIN	OBSCLIN RESULT UNIT	g/(6.h)	gram per 6 hour		0			
OBS_CLIN	OBSCLIN RESULT UNIT	g/cm3	gram per cubic centimeter		0			
OBS_CLIN	OBSCLIN RESULT UNIT	g/d	gram per day		0			
OBS_CLIN	OBSCLIN RESULT UNIT	g/g{globulin}	gram per gram of globulin		0			
OBS_CLIN	OBSCLIN RESULT UNIT	g/g{tissue}	gram per gram of tissue		0			
OBS_CLIN	OBSCLIN RESULT UNIT	g/h/m2	gram per hour per square meter		0			
OBS_CLIN	OBSCLIN RESULT UNIT	g/kg	gram per kilogram		0			
OBS_CLIN	OBSCLIN RESULT UNIT	g/kg/(8.h){shift}	gram per kilogram per 8 hour shift		0			
OBS_CLIN	OBSCLIN RESULT UNIT	g/kg/h	gram per kilogram per hour		0			
OBS_CLIN	OBSCLIN RESULT UNIT	g/mg	gram per milligram		0			
OBS_CLIN	OBSCLIN RESULT UNIT	g/mmol	gram per millimole		0			
OBS_CLIN	OBSCLIN RESULT UNIT	g/mol{creat}	gram per mole of creatinine		0			
OBS_CLIN	OBSCLIN RESULT UNIT	g/{specimen}	gram per specimen		0			
OBS_CLIN	OBSCLIN RESULT UNIT	g/m2	gram per square meter		0			
OBS_CLIN	OBSCLIN RESULT UNIT	g/{total_output}	gram per total output		0			
OBS_CLIN	OBSCLIN RESULT UNIT	g/{total_weight}	gram per total weight		0			
OBS_CLIN	OBSCLIN RESULT UNIT	Gy	Gray		0			
OBS_CLIN	OBSCLIN RESULT UNIT	{MPS'U}/mL	IgM antiphosphatidylserine unit per milliliter		0			
OBS_CLIN	OBSCLIN RESULT UNIT	{IFA_index}	immunofluorescence assay index		0			
OBS_CLIN	OBSCLIN RESULT UNIT	{HA_titer}	influenza hemagglutination titer		0			
OBS_CLIN	OBSCLIN RESULT UNIT	[IU]/(2.h)	international unit per 2 hour		0			
OBS_CLIN	OBSCLIN RESULT UNIT	[IU]/(24.h)	international unit per 24 hour		0			
OBS_CLIN	OBSCLIN RESULT UNIT	[IU]/d	international unit per day		0			
OBS_CLIN	OBSCLIN RESULT UNIT	[IU]/h	international unit per hour		0			
OBS_CLIN	OBSCLIN RESULT UNIT	[IU]/kg	international unit per kilogram		0			
OBS_CLIN	OBSCLIN RESULT UNIT	[IU]/kg/d	international unit per kilogram per day		0			
OBS_CLIN	OBSCLIN RESULT UNIT	[IU]/mg{creat}	international unit per milligram of creatinine		0			
OBS_CLIN	OBSCLIN RESULT UNIT	[IU]/min	international unit per minute		0			
OBS_CLIN	OBSCLIN RESULT UNIT	J	joule		0			
OBS_CLIN	OBSCLIN RESULT UNIT	{JDF'U}	Juvenile Diabetes Foundation unit		0			
OBS_CLIN	OBSCLIN RESULT UNIT	{JDF'U}/L	Juvenile Diabetes Foundation unit per liter		0			
OBS_CLIN	OBSCLIN RESULT UNIT	{KCT'U}	kaolin clotting time		0			
OBS_CLIN	OBSCLIN RESULT UNIT	kat	katal		0			
OBS_CLIN	OBSCLIN RESULT UNIT	kat/kg	katal per kilogram		0			
OBS_CLIN	OBSCLIN RESULT UNIT	kat/L	katal per liter		0			
OBS_CLIN	OBSCLIN RESULT UNIT	kU	kilo enzyme unit		0			
OBS_CLIN	OBSCLIN RESULT UNIT	kU/g	kilo enzyme unit per gram		0			
OBS_CLIN	OBSCLIN RESULT UNIT	kU/L	kilo enzyme unit per liter		0			
OBS_CLIN	OBSCLIN RESULT UNIT	kU/mL	kilo enzyme unit per milliliter		0			
OBS_CLIN	OBSCLIN RESULT UNIT	kcal/d	kilocalorie per day		0			
OBS_CLIN	OBSCLIN RESULT UNIT	kcal/kg/(24.h)	kilocalorie per kilogram per 24 hour		0			
OBS_CLIN	OBSCLIN RESULT UNIT	kg/h	kilogram per hour		0			
OBS_CLIN	OBSCLIN RESULT UNIT	kg/L	kilogram per liter		0			
OBS_CLIN	OBSCLIN RESULT UNIT	kg/min	kilogram per minute		0			
OBS_CLIN	OBSCLIN RESULT UNIT	kg/mol	kilogram per mole		0			
OBS_CLIN	OBSCLIN RESULT UNIT	kg/s	kilogram per second		0			
OBS_CLIN	OBSCLIN RESULT UNIT	kg/(s.m2)	kilogram per second per square meter		0			
OBS_CLIN	OBSCLIN RESULT UNIT	kg/m2	kilogram per square meter		0			
OBS_CLIN	OBSCLIN RESULT UNIT	kPa	kilopascal		0			
OBS_CLIN	OBSCLIN RESULT UNIT	[ka'U]	King Armstrong unit		0			
OBS_CLIN	OBSCLIN RESULT UNIT	{KRONU'U}/mL	Kronus unit per milliliter		0			
OBS_CLIN	OBSCLIN RESULT UNIT	L/(24.h)	liter per 24 hour		0			
OBS_CLIN	OBSCLIN RESULT UNIT	L/(8.h)	liter per 8 hour		0			
OBS_CLIN	OBSCLIN RESULT UNIT	L/kg	liter per kilogram		0			
OBS_CLIN	OBSCLIN RESULT UNIT	L/(min.m2)	liter per minute per square meter		0			
OBS_CLIN	OBSCLIN RESULT UNIT	L/s	liter per second		0			
OBS_CLIN	OBSCLIN RESULT UNIT	lm.m2	lumen square meter		0			
OBS_CLIN	OBSCLIN RESULT UNIT	{Lyme_index_value}	Lyme index value		0			
OBS_CLIN	OBSCLIN RESULT UNIT	[mclg'U]	Maclagan unit		0			
OBS_CLIN	OBSCLIN RESULT UNIT	m	meter		0			
OBS_CLIN	OBSCLIN RESULT UNIT	uU/g	micro enzyme unit per gram		0			
OBS_CLIN	OBSCLIN RESULT UNIT	u[IU]	micro international unit		0			
OBS_CLIN	OBSCLIN RESULT UNIT	ug/g{feces}	microgram  per gram of feces		0			
OBS_CLIN	OBSCLIN RESULT UNIT	ug/(100.g)	microgram per 100 gram		0			
OBS_CLIN	OBSCLIN RESULT UNIT	ug/(8.h)	microgram per 8 hour		0			
OBS_CLIN	OBSCLIN RESULT UNIT	ug/dL{RBCs}	microgram per deciliter of red blood cells		0			
OBS_CLIN	OBSCLIN RESULT UNIT	ug/g{dry_tissue}	microgram per gram of dry tissue		0			
OBS_CLIN	OBSCLIN RESULT UNIT	ug/g{dry_wt}	microgram per gram of dry weight		0			
OBS_CLIN	OBSCLIN RESULT UNIT	ug/g{hair}	microgram per gram of hair		0			
OBS_CLIN	OBSCLIN RESULT UNIT	ug/g{tissue}	microgram per gram of tissue		0			
OBS_CLIN	OBSCLIN RESULT UNIT	ug/h	microgram per hour		0			
OBS_CLIN	OBSCLIN RESULT UNIT	ug/kg	microgram per kilogram		0			
OBS_CLIN	OBSCLIN RESULT UNIT	ug/kg/(8.h)	microgram per kilogram per 8 hour		0			
OBS_CLIN	OBSCLIN RESULT UNIT	ug/kg/d	microgram per kilogram per day		0			
OBS_CLIN	OBSCLIN RESULT UNIT	ug/L{RBCs}	microgram per liter of red blood cells		0			
OBS_CLIN	OBSCLIN RESULT UNIT	ug/L/(24.h)	microgram per liter per 24 hour		0			
OBS_CLIN	OBSCLIN RESULT UNIT	ug/mL{eqv}	microgram per milliliter equivalent		0			
OBS_CLIN	OBSCLIN RESULT UNIT	ug/mmol	microgram per millimole		0			
OBS_CLIN	OBSCLIN RESULT UNIT	ug/[sft_i]	microgram per square foot (international)		0			
OBS_CLIN	OBSCLIN RESULT UNIT	ug/m2	microgram per square meter		0			
OBS_CLIN	OBSCLIN RESULT UNIT	ukat	microkatal		0			
OBS_CLIN	OBSCLIN RESULT UNIT	uL/(2.h)	microliter per 2 hour		0			
OBS_CLIN	OBSCLIN RESULT UNIT	umol{BCE}/mol	micromole bone collagen equivalent per mole		0			
OBS_CLIN	OBSCLIN RESULT UNIT	umol/(2.h)	micromole per 2 hour		0			
OBS_CLIN	OBSCLIN RESULT UNIT	umol/d	micromole per day		0			
OBS_CLIN	OBSCLIN RESULT UNIT	umol/h	micromole per hour		0			
OBS_CLIN	OBSCLIN RESULT UNIT	umol/L{RBCs}	micromole per liter of red blood cells		0			
OBS_CLIN	OBSCLIN RESULT UNIT	umol/L/h	micromole per liter per hour		0			
OBS_CLIN	OBSCLIN RESULT UNIT	umol/umol	micromole per micromole		0			
OBS_CLIN	OBSCLIN RESULT UNIT	umol/mg	micromole per milligram		0			
OBS_CLIN	OBSCLIN RESULT UNIT	umol/mg{creat}	micromole per milligram of creatinine		0			
OBS_CLIN	OBSCLIN RESULT UNIT	umol/mL/min	micromole per milliliter per minute		0			
OBS_CLIN	OBSCLIN RESULT UNIT	umol/min	micromole per minute		0			
OBS_CLIN	OBSCLIN RESULT UNIT	umol/min/g	micromole per minute per gram		0			
OBS_CLIN	OBSCLIN RESULT UNIT	umol/min/g{mucosa}	micromole per minute per gram of mucosa		0			
OBS_CLIN	OBSCLIN RESULT UNIT	umol/min/L	micromole per minute per liter		0			
OBS_CLIN	OBSCLIN RESULT UNIT	umol/mol{Hb}	micromole per mole of hemoglobin		0			
OBS_CLIN	OBSCLIN RESULT UNIT	uOhm	microOhm		0			
OBS_CLIN	OBSCLIN RESULT UNIT	uV	microvolt		0			
OBS_CLIN	OBSCLIN RESULT UNIT	[mi_i]	mile (international)		0			
OBS_CLIN	OBSCLIN RESULT UNIT	mU/mL/min	milli  enzyme unit per milliliter per minute		0			
OBS_CLIN	OBSCLIN RESULT UNIT	mU/g{prot}	milli enzyme unit per gram of protein		0			
OBS_CLIN	OBSCLIN RESULT UNIT	mU/mg	milli enzyme unit per milligram		0			
OBS_CLIN	OBSCLIN RESULT UNIT	mU/mg{creat}	milli enzyme unit per milligram of creatinine		0			
OBS_CLIN	OBSCLIN RESULT UNIT	mA	milliampere		0			
OBS_CLIN	OBSCLIN RESULT UNIT	mbar	millibar		0			
OBS_CLIN	OBSCLIN RESULT UNIT	mbar/L/s	millibar per liter per second		0			
OBS_CLIN	OBSCLIN RESULT UNIT	mbar.s/L	millibar second per liter		0			
OBS_CLIN	OBSCLIN RESULT UNIT	meq/(8.h)	milliequivalent per 8 hour		0			
OBS_CLIN	OBSCLIN RESULT UNIT	meq/dL	milliequivalent per deciliter		0			
OBS_CLIN	OBSCLIN RESULT UNIT	meq/g	milliequivalent per gram		0			
OBS_CLIN	OBSCLIN RESULT UNIT	meq/g{creat}	milliequivalent per gram of creatinine		0			
OBS_CLIN	OBSCLIN RESULT UNIT	meq/h	milliequivalent per hour		0			
OBS_CLIN	OBSCLIN RESULT UNIT	meq/kg/h	milliequivalent per kilogram per hour		0			
OBS_CLIN	OBSCLIN RESULT UNIT	meq/min	milliequivalent per minute		0			
OBS_CLIN	OBSCLIN RESULT UNIT	meq/{specimen}	milliequivalent per specimen		0			
OBS_CLIN	OBSCLIN RESULT UNIT	mg/(10.h)	milligram per 10 hour		0			
OBS_CLIN	OBSCLIN RESULT UNIT	mg/(6.h)	milligram per 6 hour		0			
OBS_CLIN	OBSCLIN RESULT UNIT	mg/(8.h)	milligram per 8 hour		0			
OBS_CLIN	OBSCLIN RESULT UNIT	mg/d/{1.73_m2}	milligram per day per 1.73 square meter		0			
OBS_CLIN	OBSCLIN RESULT UNIT	mg/dL{RBCs}	milligram per deciliter of red blood cells		0			
OBS_CLIN	OBSCLIN RESULT UNIT	mg/g{feces}	milligram per gram of feces		0			
OBS_CLIN	OBSCLIN RESULT UNIT	mg/g{tissue}	milligram per gram of tissue		0			
OBS_CLIN	OBSCLIN RESULT UNIT	mg/g{wet_tissue}	milligram per gram of wet tissue		0			
OBS_CLIN	OBSCLIN RESULT UNIT	mg/kg/(8.h)	milligram per kilogram per 8 hour		0			
OBS_CLIN	OBSCLIN RESULT UNIT	mg/kg/d	milligram per kilogram per day		0			
OBS_CLIN	OBSCLIN RESULT UNIT	mg/kg/min	milligram per kilogram per minute		0			
OBS_CLIN	OBSCLIN RESULT UNIT	mg/L{RBCs}	milligram per liter of red blood cells		0			
OBS_CLIN	OBSCLIN RESULT UNIT	mg/m2	milligram per square meter		0			
OBS_CLIN	OBSCLIN RESULT UNIT	mg/{total_output}	milligram per total output		0			
OBS_CLIN	OBSCLIN RESULT UNIT	mg/{total_volume}	milligram per total volume		0			
OBS_CLIN	OBSCLIN RESULT UNIT	mg/wk	milligram per week		0			
OBS_CLIN	OBSCLIN RESULT UNIT	mL{fetal_RBCs}	milliliter of fetal red blood cells		0			
OBS_CLIN	OBSCLIN RESULT UNIT	mL/(10.h)	milliliter per 10 hour		0			
OBS_CLIN	OBSCLIN RESULT UNIT	mL/(12.h)	milliliter per 12 hour		0			
OBS_CLIN	OBSCLIN RESULT UNIT	mL/(2.h)	milliliter per 2 hour		0			
OBS_CLIN	OBSCLIN RESULT UNIT	mL/(5.h)	milliliter per 5 hour		0			
OBS_CLIN	OBSCLIN RESULT UNIT	mL/(6.h)	milliliter per 6 hour		0			
OBS_CLIN	OBSCLIN RESULT UNIT	mL/(72.h)	milliliter per 72 hour		0			
OBS_CLIN	OBSCLIN RESULT UNIT	mL/(8.h)	milliliter per 8 hour		0			
OBS_CLIN	OBSCLIN RESULT UNIT	mL/cm[H2O]	milliliter per centimeter of water		0			
OBS_CLIN	OBSCLIN RESULT UNIT	mL/d	milliliter per day		0			
OBS_CLIN	OBSCLIN RESULT UNIT	mL/{beat}/m2	milliliter per heart beat per  square meter		0			
OBS_CLIN	OBSCLIN RESULT UNIT	mL/kg/d	milliliter per kilogram per day		0			
OBS_CLIN	OBSCLIN RESULT UNIT	mL/kg/h	milliliter per kilogram per hour		0			
OBS_CLIN	OBSCLIN RESULT UNIT	mL/mbar	milliliter per millibar		0			
OBS_CLIN	OBSCLIN RESULT UNIT	mL/mm	milliliter per millimeter		0			
OBS_CLIN	OBSCLIN RESULT UNIT	mL/[sin_i]	milliliter per square inch (international)		0			
OBS_CLIN	OBSCLIN RESULT UNIT	mm[H2O]	millimeter of water		0			
OBS_CLIN	OBSCLIN RESULT UNIT	mm/min	millimeter per minute		0			
OBS_CLIN	OBSCLIN RESULT UNIT	mmol/(12.h)	millimole per 12 hour		0			
OBS_CLIN	OBSCLIN RESULT UNIT	mmol/(6.h)	millimole per 6 hour		0			
OBS_CLIN	OBSCLIN RESULT UNIT	mmol/(8.h)	millimole per 8 hour		0			
OBS_CLIN	OBSCLIN RESULT UNIT	mmol/g	millimole per gram		0			
OBS_CLIN	OBSCLIN RESULT UNIT	mmol/h/mg{Hb}	millimole per hour per milligram of hemoglobin		0			
OBS_CLIN	OBSCLIN RESULT UNIT	mmol/kg/d	millimole per kilogram per day		0			
OBS_CLIN	OBSCLIN RESULT UNIT	mmol/mmol	millimole per millimole		0			
OBS_CLIN	OBSCLIN RESULT UNIT	mmol/mmol{creat}	millimole per millmole of creatinine		0			
OBS_CLIN	OBSCLIN RESULT UNIT	mmol/min	millimole per minute		0			
OBS_CLIN	OBSCLIN RESULT UNIT	mmol/{total_vol}	millimole per total volume		0			
OBS_CLIN	OBSCLIN RESULT UNIT	10*6.[CFU]/L	million colony forming unit per liter		0			
OBS_CLIN	OBSCLIN RESULT UNIT	10*6/kg	million per kilogram		0			
OBS_CLIN	OBSCLIN RESULT UNIT	mPa	millipascal		0			
OBS_CLIN	OBSCLIN RESULT UNIT	mPa.s	millipascal second		0			
OBS_CLIN	OBSCLIN RESULT UNIT	min/d	min/d=minute per day		0			
OBS_CLIN	OBSCLIN RESULT UNIT	min/wk	min/wk=minute per week		0			
OBS_CLIN	OBSCLIN RESULT UNIT	{minidrop}/min	minidrop per minute		0			
OBS_CLIN	OBSCLIN RESULT UNIT	mol/m3	mole per cubic meter		0			
OBS_CLIN	OBSCLIN RESULT UNIT	mol/kg	mole per kilogram		0			
OBS_CLIN	OBSCLIN RESULT UNIT	mol/mL	mole per milliliter		0			
OBS_CLIN	OBSCLIN RESULT UNIT	mol/mol	mole per mole		0			
OBS_CLIN	OBSCLIN RESULT UNIT	mo	month		0			
OBS_CLIN	OBSCLIN RESULT UNIT	{mm/dd/yyyy}	month-day-year		0			
OBS_CLIN	OBSCLIN RESULT UNIT	{mutation}	mutation		0			
OBS_CLIN	OBSCLIN RESULT UNIT	mV/s	mV/s=millivolt per second		0			
OBS_CLIN	OBSCLIN RESULT UNIT	nU/{RBC}	nanoenzyme unit per red blood cell		0			
OBS_CLIN	OBSCLIN RESULT UNIT	ng{FEU}/mL	nanogram fibrinogen equivalent unit per milliliter 		0			
OBS_CLIN	OBSCLIN RESULT UNIT	ng/(24.h)	nanogram per 24 hour		0			
OBS_CLIN	OBSCLIN RESULT UNIT	ng/d	nanogram per day		0			
OBS_CLIN	OBSCLIN RESULT UNIT	ng/U	nanogram per enzyme unit		0			
OBS_CLIN	OBSCLIN RESULT UNIT	ng/g{creat}	nanogram per gram of creatinine		0			
OBS_CLIN	OBSCLIN RESULT UNIT	ng/h	nanogram per hour		0			
OBS_CLIN	OBSCLIN RESULT UNIT	ng/kg	nanogram per kilogram		0			
OBS_CLIN	OBSCLIN RESULT UNIT	ng/kg/(8.h)	nanogram per kilogram per 8 hour		0			
OBS_CLIN	OBSCLIN RESULT UNIT	ng/kg/h	nanogram per kilogram per hour		0			
OBS_CLIN	OBSCLIN RESULT UNIT	ng/mg{creat}	nanogram per milligram of creatinine		0			
OBS_CLIN	OBSCLIN RESULT UNIT	ng/mL{RBCs}	nanogram per milliliter of red blood cells		0			
OBS_CLIN	OBSCLIN RESULT UNIT	ng/10*6	nanogram per million		0			
OBS_CLIN	OBSCLIN RESULT UNIT	ng/min	nanogram per minute		0			
OBS_CLIN	OBSCLIN RESULT UNIT	ng/m2	nanogram per square meter		0			
OBS_CLIN	OBSCLIN RESULT UNIT	nkat	nanokatal		0			
OBS_CLIN	OBSCLIN RESULT UNIT	nm/s/L	nanometer per second per liter		0			
OBS_CLIN	OBSCLIN RESULT UNIT	nmol{BCE}/L	nanomole bone collagen equivalent per liter		0			
OBS_CLIN	OBSCLIN RESULT UNIT	nmol{BCE}/mmol{creat}	nanomole bone collagen equivalent per millimole of creatinine		0			
OBS_CLIN	OBSCLIN RESULT UNIT	nmol{1/2cys}/mg{prot}	nanomole of 1/2 cystine per milligram of protein		0			
OBS_CLIN	OBSCLIN RESULT UNIT	nmol/d	nanomole per day		0			
OBS_CLIN	OBSCLIN RESULT UNIT	nmol/dL{GF}	nanomole per deciliter of glomerular filtrate		0			
OBS_CLIN	OBSCLIN RESULT UNIT	nmol/g{creat}	nanomole per gram of creatinine		0			
OBS_CLIN	OBSCLIN RESULT UNIT	nmol/g{dry_wt}	nanomole per gram of dry weight		0			
OBS_CLIN	OBSCLIN RESULT UNIT	nmol/h/L	nanomole per hour per liter		0			
OBS_CLIN	OBSCLIN RESULT UNIT	nmol/m/mg{prot}	nanomole per meter per milligram of protein		0			
OBS_CLIN	OBSCLIN RESULT UNIT	nmol/umol{creat}	nanomole per micromole  of creatinine		0			
OBS_CLIN	OBSCLIN RESULT UNIT	nmol/mg{prot}	nanomole per milligram of protein		0			
OBS_CLIN	OBSCLIN RESULT UNIT	nmol/mg{prot}/h	nanomole per milligram of protein per hour		0			
OBS_CLIN	OBSCLIN RESULT UNIT	nmol/mg/h	nanomole per milligram per hour		0			
OBS_CLIN	OBSCLIN RESULT UNIT	nmol/min/mL	nanomole per minute per milliliter		0			
OBS_CLIN	OBSCLIN RESULT UNIT	nmol/min/10*6{cells}	nanomole per minute per million cells		0			
OBS_CLIN	OBSCLIN RESULT UNIT	nmol/nmol	nanomole per nanomole		0			
OBS_CLIN	OBSCLIN RESULT UNIT	nmol/s/L	nanomole per second per liter		0			
OBS_CLIN	OBSCLIN RESULT UNIT	N.s	Newton second		0			
OBS_CLIN	OBSCLIN RESULT UNIT	nmol/h/mL	nmol/h/mL=nanomole per hour per milliliter		0			
OBS_CLIN	OBSCLIN RESULT UNIT	Ohm.m	Ohm meter		0			
OBS_CLIN	OBSCLIN RESULT UNIT	10*5	one hundred thousand		0			
OBS_CLIN	OBSCLIN RESULT UNIT	{OD_unit}	optical density unit		0			
OBS_CLIN	OBSCLIN RESULT UNIT	osm	osmole		0			
OBS_CLIN	OBSCLIN RESULT UNIT	osm/L	osmole per liter		0			
OBS_CLIN	OBSCLIN RESULT UNIT	{Pan_Bio'U}	panbio unit		0			
OBS_CLIN	OBSCLIN RESULT UNIT	[ppm]{v/v}	part per million in volume per volume		0			
OBS_CLIN	OBSCLIN RESULT UNIT	mU/g{Hb}	milli enzyme unit per gram of hemoglobin		0			
OBS_CLIN	OBSCLIN RESULT UNIT	nmol/min/mg{prot}	nanomole per minute per milligram of protein		0			
OBS_CLIN	OBSCLIN RESULT UNIT	Pa	Pascal		0			
OBS_CLIN	OBSCLIN RESULT UNIT	/10*10	per 10 billion  		0			
OBS_CLIN	OBSCLIN RESULT UNIT	/10*4{RBCs}	per 10 thousand red blood cells		0			
OBS_CLIN	OBSCLIN RESULT UNIT	/100{cells}	per 100 cells		0			
OBS_CLIN	OBSCLIN RESULT UNIT	/100{neutrophils}	per 100 neutrophils		0			
OBS_CLIN	OBSCLIN RESULT UNIT	/100{spermatozoa}	per 100 spermatozoa		0			
OBS_CLIN	OBSCLIN RESULT UNIT	/[arb'U]	per arbitrary unit		0			
OBS_CLIN	OBSCLIN RESULT UNIT	/10*9	per billion		0			
OBS_CLIN	OBSCLIN RESULT UNIT	/m3	per cubic meter		0			
OBS_CLIN	OBSCLIN RESULT UNIT	/{entity}	per entity		0			
OBS_CLIN	OBSCLIN RESULT UNIT	/g	per gram		0			
OBS_CLIN	OBSCLIN RESULT UNIT	/g{Hb}	per gram of hemoglobin		0			
OBS_CLIN	OBSCLIN RESULT UNIT	/g{tot_nit}	per gram of total nitrogen		0			
OBS_CLIN	OBSCLIN RESULT UNIT	/[IU]	per international unit		0			
OBS_CLIN	OBSCLIN RESULT UNIT	/mg	per milligram		0			
OBS_CLIN	OBSCLIN RESULT UNIT	/mL	per milliliter		0			
OBS_CLIN	OBSCLIN RESULT UNIT	/mmol{creat}	per millimole of creatinine		0			
OBS_CLIN	OBSCLIN RESULT UNIT	/mo	per month		0			
OBS_CLIN	OBSCLIN RESULT UNIT	/s	per second		0			
OBS_CLIN	OBSCLIN RESULT UNIT	/m2	per square meter		0			
OBS_CLIN	OBSCLIN RESULT UNIT	/10*3	per thousand		0			
OBS_CLIN	OBSCLIN RESULT UNIT	/10*3{RBCs}	per thousand red blood cells		0			
OBS_CLIN	OBSCLIN RESULT UNIT	/10*12	per trillion 		0			
OBS_CLIN	OBSCLIN RESULT UNIT	/10*12{RBCs}	per trillion red blood cells		0			
OBS_CLIN	OBSCLIN RESULT UNIT	/a	per year		0			
OBS_CLIN	OBSCLIN RESULT UNIT	%{loss_AChR}	percent  loss of acetylcholine receptor		0			
OBS_CLIN	OBSCLIN RESULT UNIT	%{activity}	percent activity		0			
OBS_CLIN	OBSCLIN RESULT UNIT	%{at_60_min}	percent at 60 minute		0			
OBS_CLIN	OBSCLIN RESULT UNIT	%{blockade}	percent blockade		0			
OBS_CLIN	OBSCLIN RESULT UNIT	%{bound}	percent bound		0			
OBS_CLIN	OBSCLIN RESULT UNIT	%{breakdown}	percent breakdown		0			
OBS_CLIN	OBSCLIN RESULT UNIT	%{deficient}	percent deficient		0			
OBS_CLIN	OBSCLIN RESULT UNIT	%{excretion}	percent excretion		0			
OBS_CLIN	OBSCLIN RESULT UNIT	%{loss}	percent loss		0			
OBS_CLIN	OBSCLIN RESULT UNIT	%{lysis}	percent lysis		0			
OBS_CLIN	OBSCLIN RESULT UNIT	%{bacteria}	percent of bacteria		0			
OBS_CLIN	OBSCLIN RESULT UNIT	%{cells}	percent of cells		0			
OBS_CLIN	OBSCLIN RESULT UNIT	%{RBCs}	percent of red blood cells		0			
OBS_CLIN	OBSCLIN RESULT UNIT	%{WBCs}	percent of white blood cells		0			
OBS_CLIN	OBSCLIN RESULT UNIT	%{positive}	percent positive		0			
OBS_CLIN	OBSCLIN RESULT UNIT	%{reactive}	percent reactive		0			
OBS_CLIN	OBSCLIN RESULT UNIT	%{recovery}	percent recovery		0			
OBS_CLIN	OBSCLIN RESULT UNIT	%{saturation}	percent saturation		0			
OBS_CLIN	OBSCLIN RESULT UNIT	%{uptake}	percent uptake		0			
OBS_CLIN	OBSCLIN RESULT UNIT	%{viable}	percent viable		0			
OBS_CLIN	OBSCLIN RESULT UNIT	{percentile}	percentile		0			
OBS_CLIN	OBSCLIN RESULT UNIT	pg/mL{sLT}	pg/mL{sLT}=picogram per milliliter sulfidoleukotrienes		0			
OBS_CLIN	OBSCLIN RESULT UNIT	pA	picoampere		0			
OBS_CLIN	OBSCLIN RESULT UNIT	pg/{cell}	picogram per cell		0			
OBS_CLIN	OBSCLIN RESULT UNIT	pg/mg	picogram per milligram		0			
OBS_CLIN	OBSCLIN RESULT UNIT	pg/mg{creat}	picogram per milligram of creatinine		0			
OBS_CLIN	OBSCLIN RESULT UNIT	pg/{RBC}	picogram per red blood cell		0			
OBS_CLIN	OBSCLIN RESULT UNIT	pkat	picokatal		0			
OBS_CLIN	OBSCLIN RESULT UNIT	pm	picometer		0			
OBS_CLIN	OBSCLIN RESULT UNIT	pmol	picomole		0			
OBS_CLIN	OBSCLIN RESULT UNIT	pmol/dL	picomole per deciliter		0			
OBS_CLIN	OBSCLIN RESULT UNIT	pmol/g	picomole per gram		0			
OBS_CLIN	OBSCLIN RESULT UNIT	pmol/h/mg{prot}	picomole per hour per milligram of protein		0			
OBS_CLIN	OBSCLIN RESULT UNIT	pmol/h/mL	picomole per hour per milliliter 		0			
OBS_CLIN	OBSCLIN RESULT UNIT	pmol/umol	picomole per micromole		0			
OBS_CLIN	OBSCLIN RESULT UNIT	pmol/umol{creat}	picomole per micromole of creatinine		0			
OBS_CLIN	OBSCLIN RESULT UNIT	pmol/mmol{creat}	picomole per millimole of creatinine		0			
OBS_CLIN	OBSCLIN RESULT UNIT	pmol/min/mg{prot}	picomole per minute per milligram of protein		0			
OBS_CLIN	OBSCLIN RESULT UNIT	pT	picotesla		0			
OBS_CLIN	OBSCLIN RESULT UNIT	[qt_us]	quart (US)		0			
OBS_CLIN	OBSCLIN RESULT UNIT	%{relative}	relative percent		0			
OBS_CLIN	OBSCLIN RESULT UNIT	{rel_saturation}	relative saturation		0			
OBS_CLIN	OBSCLIN RESULT UNIT	s/{control}	second per control		0			
OBS_CLIN	OBSCLIN RESULT UNIT	{shift}	shift		0			
OBS_CLIN	OBSCLIN RESULT UNIT	Sv	Sievert		0			
OBS_CLIN	OBSCLIN RESULT UNIT	{spermatozoa}/mL	spermatozoa per milliliter		0			
OBS_CLIN	OBSCLIN RESULT UNIT	dm2/s2	square decimeter per square second		0			
OBS_CLIN	OBSCLIN RESULT UNIT	[sin_i]	square inch (international)		0			
OBS_CLIN	OBSCLIN RESULT UNIT	mm2	square millimeter		0			
OBS_CLIN	OBSCLIN RESULT UNIT	[syd_i]	square yard (international)		0			
OBS_CLIN	OBSCLIN RESULT UNIT	{TSI_index}	thyroid-stimulating immunoglobulin index		0			
OBS_CLIN	OBSCLIN RESULT UNIT	[todd'U]	Todd unit		0			
OBS_CLIN	OBSCLIN RESULT UNIT	Torr	Torr		0			
OBS_CLIN	OBSCLIN RESULT UNIT	[tb'U]	tuberculin unit		0			
OBS_CLIN	OBSCLIN RESULT UNIT	{WBCs}	white blood cells		0			
OBS_CLIN	OBSCLIN RESULT UNIT	[yd_i]	yard (international)		0			
OBS_CLIN	OBSCLIN SOURCE	BI	BI=Billing		0			
OBS_CLIN	OBSCLIN SOURCE	CL	CL=Claim		0			
OBS_CLIN	OBSCLIN SOURCE	DR	DR=Derived		0			
OBS_CLIN	OBSCLIN SOURCE	UN	UN=Unknown		0			
OBS_CLIN	OBSCLIN SOURCE	OT	OT=Other		0			
OBS_CLIN	OBSCLIN ABN IND	AH	AH=Abnormally  high		0			
OBS_CLIN	OBSCLIN ABN IND	AL	AL=Abnormally  low		0			
OBS_CLIN	OBSCLIN ABN IND	CH	CH=Critically  high		0			
OBS_CLIN	OBSCLIN ABN IND	OT	OT=Other		0			
OBS_GEN	OBSGEN TYPE	09DX	09DX=ICD-9-CM-DX		0			
OBS_GEN	OBSGEN TYPE	09PX	09PX=ICD-9-CM-PX		0			
OBS_GEN	OBSGEN TYPE	10PX	10PX=ICD-10-PCS		0			
OBS_GEN	OBSGEN TYPE	11PX	11PX=ICD-11-PCS		0			
OBS_GEN	OBSGEN TYPE	HP	HP=Human  Phenotype  Ontology		0			
OBS_GEN	OBSGEN TYPE	HG	HG=Human  Genome  Organization		0			
OBS_GEN	OBSGEN TYPE	LC	LC=LOINC		0			
OBS_GEN	OBSGEN TYPE	CH	CH=CPT/HCPCS		0			
OBS_GEN	OBSGEN TYPE	GM	GM=Global  Medical  Device  Nomenclature		0			
OBS_GEN	OBSGEN TYPE	UD_*	UD_*=User-defined		0			
OBS_GEN	OBSGEN TYPE	UN	UN=Unknown		0			
OBS_GEN	OBSGEN TYPE	OT	OT=Other		0			
OBS_GEN	OBSGEN RESULT QUAL	A NEG	A NEG=A Neg		0			
OBS_GEN	OBSGEN RESULT QUAL	A POS	A POS=A Pos		0			
OBS_GEN	OBSGEN RESULT QUAL	AB NEG	AB NEG=AB Neg		0			
OBS_GEN	OBSGEN RESULT QUAL	AB POS	AB POS=AB Pos		0			
OBS_GEN	OBSGEN RESULT QUAL	B NEG	B NEG=B Neg		0			
OBS_GEN	OBSGEN RESULT QUAL	ELEVATED	ELEVATED=Elevated		0			
OBS_GEN	OBSGEN RESULT QUAL	INDETERMINATE ABNORMAL	INDETERMINATE ABNORMAL=Indeterminate abnormal		0			
OBS_GEN	OBSGEN RESULT QUAL	INFLUENZA A VIRUS	INFLUENZA A VIRUS=Influenza A virus		0			
OBS_GEN	OBSGEN RESULT QUAL	INVALID	NVALID=Invalid		0			
OBS_GEN	OBSGEN RESULT QUAL	O NEG	O NEG=O Neg		0			
OBS_GEN	OBSGEN RESULT QUAL	O POS	O POS=O Pos		0			
OBS_GEN	OBSGEN RESULT QUAL	PAST INFECTION	PAST INFECTION=Past infection		0			
OBS_GEN	OBSGEN RESULT QUAL	PRESUMPTIVE POSITIVE	PRESUMPTIVE POSITIVE=Presumptive positive		0			
OBS_GEN	OBSGEN RESULT QUAL	REACTIVE	REACTIVE=Reactive		0			
OBS_GEN	OBSGEN RESULT QUAL	SPECIMEN UNSATISFACTORY FOR EVALUATION	SPECIMEN UNSATISFACTORY FOR EVALUATION=Specimen unsatisfactory for evaluation		0			
OBS_GEN	OBSGEN RESULT MODIFIER	TX	TX=Text		0			
OBS_GEN	OBSGEN RESULT UNIT	[ft_us]/[ft_us]	[ft_us]/[ft_us]=feet (US) per feet (US)		0			
OBS_GEN	OBSGEN RESULT UNIT	[in_us]	[in_us]=inches (US)		0			
OBS_GEN	OBSGEN RESULT UNIT	[MET].min/wk	[MET].min/wk=metabolic equivalent minute per week		0			
OBS_GEN	OBSGEN RESULT UNIT	{#}/a	{#}/a=number per annum (year)		0			
OBS_GEN	OBSGEN RESULT UNIT	{#}/d	{#}/d=number per day		0			
OBS_GEN	OBSGEN RESULT UNIT	{#}/wk	{#}/wk=number per week		0			
OBS_GEN	OBSGEN RESULT UNIT	{Ct_value}	{Ct_value}=Cycle threshold value		0			
OBS_GEN	OBSGEN RESULT UNIT	{index}	{index}=index value		0			
OBS_GEN	OBSGEN RESULT UNIT	{TmStp}	{TmStp}=time stamp		0			
OBS_GEN	OBSGEN RESULT UNIT	{Tscore}	{Tscore}=t score		0			
OBS_GEN	OBSGEN RESULT UNIT	{yyyy}	{yyyy}=year		0			
OBS_GEN	OBSGEN RESULT UNIT	10.L/min	10 liter per minute		0			
OBS_GEN	OBSGEN RESULT UNIT	10.uN.s/(cm5.m2)	10 micronewton second per centimeter to the fifth power per square meter		0			
OBS_GEN	OBSGEN RESULT UNIT	10*4/uL	10 thousand per microliter		0			
OBS_GEN	OBSGEN RESULT UNIT	10*8	100 million 		0			
OBS_GEN	OBSGEN RESULT UNIT	[AU]	allergy unit		0			
OBS_GEN	OBSGEN RESULT UNIT	A/m	ampere per meter		0			
OBS_GEN	OBSGEN RESULT UNIT	{ARU}	aspirin response unit		0			
OBS_GEN	OBSGEN RESULT UNIT	atm	atmosphere		0			
OBS_GEN	OBSGEN RESULT UNIT	ag/{cell}	attogram per cell		0			
OBS_GEN	OBSGEN RESULT UNIT	bar	bar		0			
OBS_GEN	OBSGEN RESULT UNIT	10*9/mL	billion per milliliter		0			
OBS_GEN	OBSGEN RESULT UNIT	{binding_index}	binding index		0			
OBS_GEN	OBSGEN RESULT UNIT	[bdsk'U]	Bodansky unit		0			
OBS_GEN	OBSGEN RESULT UNIT	{CAG_repeats}	CAG trinucleotide repeats		0			
OBS_GEN	OBSGEN RESULT UNIT	cg	centigram		0			
OBS_GEN	OBSGEN RESULT UNIT	cm[Hg]	centimeter of mercury		0			
OBS_GEN	OBSGEN RESULT UNIT	cm[H2O]/L/s	centimeter of water per liter per second		0			
OBS_GEN	OBSGEN RESULT UNIT	cm[H2O]/s/m	centimeter of water per second per meter		0			
OBS_GEN	OBSGEN RESULT UNIT	cSt	centistoke		0			
OBS_GEN	OBSGEN RESULT UNIT	{delta_OD}	change in (delta) optical density		0			
OBS_GEN	OBSGEN RESULT UNIT	{CH100'U}	complement CH100 unit		0			
OBS_GEN	OBSGEN RESULT UNIT	{copies}/ug	copies per microgram		0			
OBS_GEN	OBSGEN RESULT UNIT	{count}	count		0			
OBS_GEN	OBSGEN RESULT UNIT	{CPM}/10*3{cell}	counts per minute per thousand cells		0			
OBS_GEN	OBSGEN RESULT UNIT	[cin_i]	cubic inch (international)		0			
OBS_GEN	OBSGEN RESULT UNIT	m3/s	cubic meter per second		0			
OBS_GEN	OBSGEN RESULT UNIT	d/(7.d)	d/(7.d)=day per 7 day		0			
OBS_GEN	OBSGEN RESULT UNIT	K/W	degree Kelvin per Watt		0			
OBS_GEN	OBSGEN RESULT UNIT	deg/s	degree per second		0			
OBS_GEN	OBSGEN RESULT UNIT	daL/min	dekaliter per minute		0			
OBS_GEN	OBSGEN RESULT UNIT	{dilution}	dilution		0			
OBS_GEN	OBSGEN RESULT UNIT	[dr_av]	dram  (US and British)		0			
OBS_GEN	OBSGEN RESULT UNIT	[drp]	drop (1/12 milliliter)		0			
OBS_GEN	OBSGEN RESULT UNIT	dyn.s/cm	dyne second per centimeter		0			
OBS_GEN	OBSGEN RESULT UNIT	{Ehrlich'U}	Ehrlich unit		0			
OBS_GEN	OBSGEN RESULT UNIT	{Ehrlich'U}/100.g	Ehrlich unit per 100 gram		0			
OBS_GEN	OBSGEN RESULT UNIT	{Ehrlich'U}/(2.h)	Ehrlich unit per 2 hour		0			
OBS_GEN	OBSGEN RESULT UNIT	{Ehrlich'U}/d	Ehrlich unit per day		0			
OBS_GEN	OBSGEN RESULT UNIT	{EIA_index}	EIA index		0			
OBS_GEN	OBSGEN RESULT UNIT	U/10	enzyme unit per 10		0			
OBS_GEN	OBSGEN RESULT UNIT	U/10*10{cells}	enzyme unit per 10 billion cells		0			
OBS_GEN	OBSGEN RESULT UNIT	U/(12.h)	enzyme unit per 12 hour		0			
OBS_GEN	OBSGEN RESULT UNIT	U/g{creat}	enzyme unit per gram of creatinine		0			
OBS_GEN	OBSGEN RESULT UNIT	U/h	enzyme unit per hour		0			
OBS_GEN	OBSGEN RESULT UNIT	U/kg{Hb}	enzyme unit per kilogram of hemoglobin		0			
OBS_GEN	OBSGEN RESULT UNIT	U{25Cel}/L	enzyme unit per liter at 25 deg Celsius 		0			
OBS_GEN	OBSGEN RESULT UNIT	U{37Cel}/L	enzyme unit per liter at 37 deg Celsius		0			
OBS_GEN	OBSGEN RESULT UNIT	U/mL{RBCs}	enzyme unit per milliliter of red blood cells		0			
OBS_GEN	OBSGEN RESULT UNIT	U/min	enzyme unit per minute		0			
OBS_GEN	OBSGEN RESULT UNIT	U/10*12	enzyme unit per trillion		0			
OBS_GEN	OBSGEN RESULT UNIT	eq/umol	equivalent per micromole		0			
OBS_GEN	OBSGEN RESULT UNIT	eq/mL	equivalent per milliliter		0			
OBS_GEN	OBSGEN RESULT UNIT	fm	femtometer		0			
OBS_GEN	OBSGEN RESULT UNIT	fmol/g	femtomole per gram		0			
OBS_GEN	OBSGEN RESULT UNIT	fmol/mg{cyt_prot}	femtomole per milligram of cytosol protein		0			
OBS_GEN	OBSGEN RESULT UNIT	fmol/mg{prot}	femtomole per milligram of protein		0			
OBS_GEN	OBSGEN RESULT UNIT	fmol/mL	femtomole per milliliter		0			
OBS_GEN	OBSGEN RESULT UNIT	{fraction}	fraction		0			
OBS_GEN	OBSGEN RESULT UNIT	{Globules}/[HPF]	globules (drops)  per high power field		0			
OBS_GEN	OBSGEN RESULT UNIT	g.m	gram meter		0			
OBS_GEN	OBSGEN RESULT UNIT	g.m/{beat}	gram meter per heart beat 		0			
OBS_GEN	OBSGEN RESULT UNIT	g{creat}	gram of creatinine		0			
OBS_GEN	OBSGEN RESULT UNIT	g{Hb}	gram of hemoglobin		0			
OBS_GEN	OBSGEN RESULT UNIT	g{total_prot}	gram of total protein		0			
OBS_GEN	OBSGEN RESULT UNIT	g{wet_tissue}	gram of wet tissue		0			
OBS_CLIN	OBSCLIN ABN IND	CL	CL=Critically  low		0			
OBS_GEN	OBSGEN RESULT UNIT	{#}/g	{#}/g=number per gram		0			
OBS_GEN	OBSGEN RESULT UNIT	cP	centipoise		0			
OBS_GEN	OBSGEN RESULT UNIT	dm	decimeter		0			
OBS_GEN	OBSGEN RESULT UNIT	g/(100.g)	gram per 100 gram		0			
OBS_GEN	OBSGEN RESULT UNIT	g/(3.d)	gram per 3 days		0			
OBS_GEN	OBSGEN RESULT UNIT	g/(4.h)	gram per 4 hour		0			
OBS_GEN	OBSGEN RESULT UNIT	g/(5.h)	gram per 5 hour		0			
OBS_GEN	OBSGEN RESULT UNIT	g/(6.h)	gram per 6 hour		0			
OBS_GEN	OBSGEN RESULT UNIT	g/(72.h)	gram per 72 hour		0			
OBS_GEN	OBSGEN RESULT UNIT	g/(8.h){shift}	gram per 8 hour shift		0			
OBS_GEN	OBSGEN RESULT UNIT	g/d	gram per day		0			
OBS_GEN	OBSGEN RESULT UNIT	g/g{creat}	gram per gram of creatinine		0			
OBS_GEN	OBSGEN RESULT UNIT	g/g{globulin}	gram per gram of globulin		0			
OBS_GEN	OBSGEN RESULT UNIT	g/h	gram per hour		0			
OBS_GEN	OBSGEN RESULT UNIT	g/h/m2	gram per hour per square meter		0			
OBS_GEN	OBSGEN RESULT UNIT	g/kg/min	gram per kilogram per minute		0			
OBS_GEN	OBSGEN RESULT UNIT	g/mmol	gram per millimole		0			
OBS_GEN	OBSGEN RESULT UNIT	g/min	gram per minute		0			
OBS_GEN	OBSGEN RESULT UNIT	g/mol{creat}	gram per mole of creatinine		0			
OBS_GEN	OBSGEN RESULT UNIT	g/m2	gram per square meter		0			
OBS_GEN	OBSGEN RESULT UNIT	g/{total_weight}	gram per total weight		0			
OBS_GEN	OBSGEN RESULT UNIT	Gy	Gray		0			
OBS_GEN	OBSGEN RESULT UNIT	h/wk	h/wk=hour per week		0			
OBS_GEN	OBSGEN RESULT UNIT	Hz	Hertz		0			
OBS_GEN	OBSGEN RESULT UNIT	{GPS'U}	IgG antiphosphatidylserine unit		0			
OBS_GEN	OBSGEN RESULT UNIT	{MPS'U}/mL	IgM antiphosphatidylserine unit per milliliter		0			
OBS_GEN	OBSGEN RESULT UNIT	{ImmuneComplex'U}	immune complex unit		0			
OBS_GEN	OBSGEN RESULT UNIT	{IFA_index}	immunofluorescence assay index		0			
OBS_GEN	OBSGEN RESULT UNIT	[in_i'H2O]	inch (international) of water		0			
OBS_GEN	OBSGEN RESULT UNIT	{HA_titer}	influenza hemagglutination titer		0			
OBS_GEN	OBSGEN RESULT UNIT	[IU]/(2.h)	international unit per 2 hour		0			
OBS_GEN	OBSGEN RESULT UNIT	[IU]/d	international unit per day		0			
OBS_GEN	OBSGEN RESULT UNIT	[IU]/h	international unit per hour		0			
OBS_GEN	OBSGEN RESULT UNIT	[IU]/kg/d	international unit per kilogram per day		0			
OBS_GEN	OBSGEN RESULT UNIT	[IU]/kg/h	international unit per kilogram per hour		0			
OBS_GEN	OBSGEN RESULT UNIT	[IU]/mg{creat}	international unit per milligram of creatinine		0			
OBS_GEN	OBSGEN RESULT UNIT	[IU]/min	international unit per minute		0			
OBS_GEN	OBSGEN RESULT UNIT	J	joule		0			
OBS_GEN	OBSGEN RESULT UNIT	J/L	joule per liter		0			
OBS_GEN	OBSGEN RESULT UNIT	{JDF'U}/L	Juvenile Diabetes Foundation unit per liter		0			
OBS_GEN	OBSGEN RESULT UNIT	{KCT'U}	kaolin clotting time		0			
OBS_GEN	OBSGEN RESULT UNIT	kat	katal		0			
OBS_GEN	OBSGEN RESULT UNIT	kU	kilo enzyme unit		0			
OBS_GEN	OBSGEN RESULT UNIT	kU/mL	kilo enzyme unit per milliliter		0			
OBS_GEN	OBSGEN RESULT UNIT	kcal	kilocalorie		0			
OBS_GEN	OBSGEN RESULT UNIT	kcal/h	kilocalorie per hour		0			
OBS_GEN	OBSGEN RESULT UNIT	kcal/kg/(24.h)	kilocalorie per kilogram per 24 hour		0			
OBS_GEN	OBSGEN RESULT UNIT	kcal/[oz_av]	kilocalorie per ounce (US & British)		0			
OBS_GEN	OBSGEN RESULT UNIT	kg/h	kilogram per hour		0			
OBS_GEN	OBSGEN RESULT UNIT	kg/L	kilogram per liter		0			
OBS_GEN	OBSGEN RESULT UNIT	kg/min	kilogram per minute		0			
OBS_GEN	OBSGEN RESULT UNIT	kg/mol	kilogram per mole		0			
OBS_GEN	OBSGEN RESULT UNIT	kg/s	kilogram per second		0			
OBS_GEN	OBSGEN RESULT UNIT	kg/(s.m2)	kilogram per second per square meter		0			
OBS_GEN	OBSGEN RESULT UNIT	km	kilometer		0			
OBS_GEN	OBSGEN RESULT UNIT	{KRONU'U}/mL	Kronus unit per milliliter		0			
OBS_GEN	OBSGEN RESULT UNIT	[knk'U]	Kunkel unit		0			
OBS_GEN	OBSGEN RESULT UNIT	L/(8.h)	liter per 8 hour		0			
OBS_GEN	OBSGEN RESULT UNIT	L/d	liter per day		0			
OBS_GEN	OBSGEN RESULT UNIT	L/kg	liter per kilogram		0			
OBS_GEN	OBSGEN RESULT UNIT	L/(min.m2)	liter per minute per square meter		0			
OBS_GEN	OBSGEN RESULT UNIT	L/s/s2	liter per second per square second		0			
OBS_GEN	OBSGEN RESULT UNIT	{Log_IU}	log (base 10) international unit		0			
OBS_GEN	OBSGEN RESULT UNIT	lm	lumen		0			
OBS_GEN	OBSGEN RESULT UNIT	lm.m2	lumen square meter		0			
OBS_GEN	OBSGEN RESULT UNIT	{Lyme_index_value}	Lyme index value		0			
OBS_GEN	OBSGEN RESULT UNIT	[mclg'U]	Maclagan unit		0			
OBS_GEN	OBSGEN RESULT UNIT	m	meter		0			
OBS_GEN	OBSGEN RESULT UNIT	m/s2	meter per square second		0			
OBS_GEN	OBSGEN RESULT UNIT	ug/g{feces}	microgram  per gram of feces		0			
OBS_GEN	OBSGEN RESULT UNIT	ug/d	microgram per day		0			
OBS_GEN	OBSGEN RESULT UNIT	ug/dL{RBCs}	microgram per deciliter of red blood cells		0			
OBS_GEN	OBSGEN RESULT UNIT	ug/g{dry_tissue}	microgram per gram of dry tissue		0			
OBS_GEN	OBSGEN RESULT UNIT	ug/g{dry_wt}	microgram per gram of dry weight		0			
PRESCRIBING	RX DOSE ORDERED UNIT	ng/kg/h	nanogram per kilogram per hour		0			
PRESCRIBING	RX DOSE ORDERED UNIT	nmol/mg{prot}	nanomole per milligram of protein		0			
PRESCRIBING	RX DOSE ORDERED UNIT	/100{spermatozoa}	per 100 spermatozoa		0			
PRESCRIBING	RX DOSE ORDERED UNIT	/g{tot_nit}	per gram of total nitrogen		0			
PRESCRIBING	RX DOSE ORDERED UNIT	/[HPF]	per high power field		0			
PRESCRIBING	RX DOSE ORDERED UNIT	%{bound}	percent bound		0			
PRESCRIBING	RX DOSE ORDERED UNIT	%{hemolysis}	percent hemolysis		0			
PRESCRIBING	RX DOSE ORDERED UNIT	%{viable}	percent viable		0			
PRESCRIBING	RX DOSE ORDERED UNIT	pg/mL{sLT}	pg/mL{sLT}=picogram per milliliter sulfidoleukotrienes		0			
PRESCRIBING	RX DOSE ORDERED UNIT	pg/mm	picogram per millimeter		0			
PRESCRIBING	RX DOSE ORDERED UNIT	m2	square meter		0			
PRESCRIBING	RX DOSE ORDERED UNIT	m2/s	square meter per second		0			
PRESCRIBING	RX DOSE ORDERED UNIT	[tb'U]	tuberculin unit		0			
PRESCRIBING	RX FREQUENCY	05	05=Every  morning		0			
PRESCRIBING	RX ROUTE	OCULAR	OCULAR=Ocular route (qualifier value)		0			
DEATH_CAUSE	DEATH CAUSE TYPE	U	U=Underlying		0			
DEATH_CAUSE	DEATH CAUSE CONFIDENCE	NI	NI=No  information		0			
DEATH_CAUSE	DEATH CAUSE CONFIDENCE	UN	UN=Unknown		0			
MED_ADMIN	MEDADMIN TYPE	ND	ND=NDC		0			
MED_ADMIN	MEDADMIN DOSE ADMIN UNIT	{#}/wk	{#}/wk=number per week		0			
MED_ADMIN	MEDADMIN DOSE ADMIN UNIT	10*8	100 million 		0			
MED_ADMIN	MEDADMIN DOSE ADMIN UNIT	A/m	ampere per meter		0			
MED_ADMIN	MEDADMIN DOSE ADMIN UNIT	{CPM}/10*3{cell}	counts per minute per thousand cells		0			
MED_ADMIN	MEDADMIN DOSE ADMIN UNIT	deg	degree (plane angle)		0			
MED_ADMIN	MEDADMIN DOSE ADMIN UNIT	{Ehrlich'U}/d	Ehrlich unit per day		0			
MED_ADMIN	MEDADMIN DOSE ADMIN UNIT	U{37Cel}/L	enzyme unit per liter at 37 deg Celsius		0			
MED_ADMIN	MEDADMIN DOSE ADMIN UNIT	fm	femtometer		0			
MED_ADMIN	MEDADMIN DOSE ADMIN UNIT	g.m	gram meter		0			
MED_ADMIN	MEDADMIN DOSE ADMIN UNIT	g/(100.g)	gram per 100 gram		0			
MED_ADMIN	MEDADMIN DOSE ADMIN UNIT	g/(4.h)	gram per 4 hour		0			
MED_ADMIN	MEDADMIN DOSE ADMIN UNIT	g/cm3	gram per cubic centimeter		0			
MED_ADMIN	MEDADMIN DOSE ADMIN UNIT	g/min	gram per minute		0			
MED_ADMIN	MEDADMIN DOSE ADMIN UNIT	g/{total_weight}	gram per total weight		0			
MED_ADMIN	MEDADMIN DOSE ADMIN UNIT	[HPF]	high power field		0			
MED_ADMIN	MEDADMIN DOSE ADMIN UNIT	[GPL'U]	IgG anticardiolipin unit**		0			
MED_ADMIN	MEDADMIN DOSE ADMIN UNIT	[in_i]	inch (international)		0			
MED_ADMIN	MEDADMIN DOSE ADMIN UNIT	[IU]/dL	international unit per deciliter		0			
MED_ADMIN	MEDADMIN DOSE ADMIN UNIT	kU/mL	kilo enzyme unit per milliliter		0			
MED_ADMIN	MEDADMIN DOSE ADMIN UNIT	k[IU]/mL	kilo international unit per milliliter		0			
MED_ADMIN	MEDADMIN DOSE ADMIN UNIT	kcal/d	kilocalorie per day		0			
MED_ADMIN	MEDADMIN DOSE ADMIN UNIT	kcal/kg/(24.h)	kilocalorie per kilogram per 24 hour		0			
MED_ADMIN	MEDADMIN DOSE ADMIN UNIT	kg	kilogram		0			
MED_ADMIN	MEDADMIN DOSE ADMIN UNIT	kg/m3	kilogram per cubic meter		0			
MED_ADMIN	MEDADMIN DOSE ADMIN UNIT	{Lyme_index_value}	Lyme index value		0			
MED_ADMIN	MEDADMIN DOSE ADMIN UNIT	u[IU]	micro international unit		0			
MED_ADMIN	MEDADMIN DOSE ADMIN UNIT	ueq/mL	microequivalent per milliliter		0			
MED_ADMIN	MEDADMIN DOSE ADMIN UNIT	ug/(24.h)	microgram per 24 hour		0			
MED_ADMIN	MEDADMIN DOSE ADMIN UNIT	ug/g{tissue}	microgram per gram of tissue		0			
MED_ADMIN	MEDADMIN DOSE ADMIN UNIT	ug/ng	microgram per nanogram		0			
MED_ADMIN	MEDADMIN DOSE ADMIN UNIT	ug/[sft_i]	microgram per square foot (international)		0			
MED_ADMIN	MEDADMIN DOSE ADMIN UNIT	ukat	microkatal		0			
MED_ADMIN	MEDADMIN DOSE ADMIN UNIT	umol/(8.h)	micromole per 8 hour		0			
MED_ADMIN	MEDADMIN DOSE ADMIN UNIT	umol/d	micromole per day		0			
MED_ADMIN	MEDADMIN DOSE ADMIN UNIT	umol/kg	micromole per kilogram		0			
MED_ADMIN	MEDADMIN DOSE ADMIN UNIT	umol/umol{creat}	micromole per micromole of creatinine		0			
MED_ADMIN	MEDADMIN DOSE ADMIN UNIT	umol/mol{Hb}	micromole per mole of hemoglobin		0			
MED_ADMIN	MEDADMIN DOSE ADMIN UNIT	um/s	microns per second		0			
MED_ADMIN	MEDADMIN DOSE ADMIN UNIT	meq/(8.h)	milliequivalent per 8 hour		0			
MED_ADMIN	MEDADMIN DOSE ADMIN UNIT	meq/L	milliequivalent per liter		0			
MED_ADMIN	MEDADMIN DOSE ADMIN UNIT	meq/m2	milliequivalent per square meter		0			
MED_ADMIN	MEDADMIN DOSE ADMIN UNIT	mg/(2.h)	milligram per 2 hour		0			
MED_ADMIN	MEDADMIN DOSE ADMIN UNIT	mg/(24.h)	milligram per 24 hour		0			
MED_ADMIN	MEDADMIN DOSE ADMIN UNIT	mg/dL{RBCs}	milligram per deciliter of red blood cells		0			
MED_ADMIN	MEDADMIN DOSE ADMIN UNIT	mg/g	milligram per gram		0			
MED_ADMIN	MEDADMIN DOSE ADMIN UNIT	mg/g{feces}	milligram per gram of feces		0			
MED_ADMIN	MEDADMIN DOSE ADMIN UNIT	mg/{specimen}	milligram per specimen		0			
MED_ADMIN	MEDADMIN DOSE ADMIN UNIT	mL/(12.h)	milliliter per 12 hour		0			
MED_ADMIN	MEDADMIN DOSE ADMIN UNIT	mL/dL	milliliter per deciliter		0			
MED_ADMIN	MEDADMIN DOSE ADMIN UNIT	mmol/(12.h)	millimole per 12 hour		0			
MED_ADMIN	MEDADMIN DOSE ADMIN UNIT	mmol/d	millimole per day		0			
MED_ADMIN	MEDADMIN DOSE ADMIN UNIT	mmol/kg/(8.h)	millimole per kilogram per 8 hour		0			
MED_ADMIN	MEDADMIN DOSE ADMIN UNIT	mmol/kg/min	millimole per kilogram per minute		0			
MED_ADMIN	MEDADMIN DOSE ADMIN UNIT	mmol/mmol{urea}	millimole per millimole of urea		0			
MED_ADMIN	MEDADMIN DOSE ADMIN UNIT	10*6/(24.h)	million per 24 hour		0			
MED_ADMIN	MEDADMIN DOSE ADMIN UNIT	10*6/uL	million per microliter		0			
MED_ADMIN	MEDADMIN DOSE ADMIN UNIT	mosm/kg	milliosmole per kilogram		0			
MED_ADMIN	MEDADMIN DOSE ADMIN UNIT	mPa	millipascal		0			
MED_ADMIN	MEDADMIN DOSE ADMIN UNIT	mPa.s	millipascal second		0			
MED_ADMIN	MEDADMIN DOSE ADMIN UNIT	mol/L	mole per liter		0			
MED_ADMIN	MEDADMIN DOSE ADMIN UNIT	mol/mol	mole per mole		0			
MED_ADMIN	MEDADMIN DOSE ADMIN UNIT	mo	month		0			
MED_ADMIN	MEDADMIN DOSE ADMIN UNIT	{mm/dd/yyyy}	month-day-year		0			
MED_ADMIN	MEDADMIN DOSE ADMIN UNIT	nU/mL	nanoenzyme unit per milliliter		0			
MED_ADMIN	MEDADMIN DOSE ADMIN UNIT	ng/(24.h)	nanogram per 24 hour		0			
MED_ADMIN	MEDADMIN DOSE ADMIN UNIT	ng/10*6{RBCs}	nanogram per million red blood cells		0			
MED_ADMIN	MEDADMIN DOSE ADMIN UNIT	ng/mL	nanogram per millliiter		0			
MED_ADMIN	MEDADMIN DOSE ADMIN UNIT	nkat	nanokatal		0			
MED_ADMIN	MEDADMIN DOSE ADMIN UNIT	nm/s/L	nanometer per second per liter		0			
MED_ADMIN	MEDADMIN DOSE ADMIN UNIT	nmol/mL/min	nanomole per milliliter per minute		0			
MED_ADMIN	MEDADMIN DOSE ADMIN UNIT	nmol/s	nanomole per second		0			
MED_ADMIN	MEDADMIN DOSE ADMIN UNIT	{#}/[LPF]	number per low power field		0			
MED_ADMIN	MEDADMIN DOSE ADMIN UNIT	{OD_unit}	optical density unit		0			
MED_ADMIN	MEDADMIN DOSE ADMIN UNIT	meq/{total_volume}	milliequivalent per total volume		0			
MED_ADMIN	MEDADMIN DOSE ADMIN UNIT	osm	osmole		0			
MED_ADMIN	MEDADMIN DOSE ADMIN UNIT	[pptr]	part per trillion		0			
MED_ADMIN	MEDADMIN DOSE ADMIN UNIT	/100	per 100		0			
MED_ADMIN	MEDADMIN DOSE ADMIN UNIT	/10*9	per billion		0			
MED_ADMIN	MEDADMIN DOSE ADMIN UNIT	/mmol{creat}	per millimole of creatinine		0			
MED_ADMIN	MEDADMIN DOSE ADMIN UNIT	/min	per minute		0			
MED_ADMIN	MEDADMIN DOSE ADMIN UNIT	/s	per second		0			
MED_ADMIN	MEDADMIN DOSE ADMIN UNIT	/a	per year		0			
MED_ADMIN	MEDADMIN DOSE ADMIN UNIT	%{loss_AChR}	percent  loss of acetylcholine receptor		0			
MED_ADMIN	MEDADMIN DOSE ADMIN UNIT	%{basal_activity}	percent basal activity		0			
MED_ADMIN	MEDADMIN DOSE ADMIN UNIT	%{breakdown}	percent breakdown		0			
MED_ADMIN	MEDADMIN DOSE ADMIN UNIT	%{vol}	percent by volume		0			
MED_ADMIN	MEDADMIN DOSE ADMIN UNIT	%{deficient}	percent deficient		0			
MED_ADMIN	MEDADMIN DOSE ADMIN UNIT	%{dose}	percent dose		0			
MED_ADMIN	MEDADMIN DOSE ADMIN UNIT	%{excretion}	percent excretion		0			
MED_ADMIN	MEDADMIN DOSE ADMIN UNIT	%{hemolysis}	percent hemolysis		0			
MED_ADMIN	MEDADMIN DOSE ADMIN UNIT	%{loss}	percent loss		0			
MED_ADMIN	MEDADMIN DOSE ADMIN UNIT	%{positive}	percent positive		0			
MED_ADMIN	MEDADMIN DOSE ADMIN UNIT	%{reference}	percent reference		0			
MED_ADMIN	MEDADMIN DOSE ADMIN UNIT	%{uptake}	percent uptake		0			
MED_ADMIN	MEDADMIN DOSE ADMIN UNIT	%{viable}	percent viable		0			
MED_ADMIN	MEDADMIN DOSE ADMIN UNIT	{percentile}	percentile		0			
MED_ADMIN	MEDADMIN DOSE ADMIN UNIT	pg/mg{creat}	picogram per milligram of creatinine		0			
MED_ADMIN	MEDADMIN DOSE ADMIN UNIT	pg/mL	picogram per milliliter		0			
MED_ADMIN	MEDADMIN DOSE ADMIN UNIT	pkat	picokatal		0			
MED_ADMIN	MEDADMIN DOSE ADMIN UNIT	pL	picoliter		0			
MED_ADMIN	MEDADMIN DOSE ADMIN UNIT	pmol/umol	picomole per micromole		0			
MED_ADMIN	MEDADMIN DOSE ADMIN UNIT	[psi]	pound per square inch		0			
MED_ADMIN	MEDADMIN DOSE ADMIN UNIT	{RBC}/uL	red blood cell per microliter		0			
MED_ADMIN	MEDADMIN DOSE ADMIN UNIT	%{relative}	relative percent		0			
MED_ADMIN	MEDADMIN DOSE ADMIN UNIT	{Rubella_virus}	rubella virus		0			
MED_ADMIN	MEDADMIN DOSE ADMIN UNIT	{spermatozoa}/mL	spermatozoa per milliliter		0			
MED_ADMIN	MEDADMIN DOSE ADMIN UNIT	mm2	square millimeter		0			
MED_ADMIN	MEDADMIN DOSE ADMIN UNIT	[oz_tr]	Troy ounce		0			
MED_ADMIN	MEDADMIN DOSE ADMIN UNIT	wk	week		0			
MED_ADMIN	MEDADMIN DOSE ADMIN UNIT	{WBCs}	white blood cells		0			
MED_ADMIN	MEDADMIN ROUTE	INTRACERVICAL	INTRACERVICAL=Intracervical route (qualifier value)		0			
MED_ADMIN	MEDADMIN ROUTE	INTRAPERICARDIAL	INTRAPERICARDIAL=Intrapericardial  route  (qualifier  value)		0			
OBS_CLIN	OBSCLIN TYPE	OT	OT=Other		0			
OBS_CLIN	OBSCLIN RESULT QUAL	AB NEG	AB NEG=AB Neg		0			
OBS_CLIN	OBSCLIN RESULT QUAL	AB POS	AB POS=AB Pos		0			
OBS_CLIN	OBSCLIN RESULT QUAL	O POS	O POS=O Pos		0			
OBS_CLIN	OBSCLIN RESULT QUAL	SARS CORONAVIRUS 2	SARS CORONAVIRUS 2=SARS coronavirus 2		0			
OBS_CLIN	OBSCLIN RESULT MODIFIER	TX	TX=Text		0			
OBS_CLIN	OBSCLIN RESULT UNIT	[ft_us]/[ft_us]	[ft_us]/[ft_us]=feet (US) per feet (US)		0			
OBS_CLIN	OBSCLIN RESULT UNIT	{#}/d	{#}/d=number per day		0			
OBS_CLIN	OBSCLIN RESULT UNIT	{ARU}	aspirin response unit		0			
OBS_CLIN	OBSCLIN RESULT UNIT	ag/{cell}	attogram per cell		0			
OBS_CLIN	OBSCLIN RESULT UNIT	bar	bar		0			
OBS_CLIN	OBSCLIN RESULT UNIT	cm[Hg]	centimeter of mercury		0			
OBS_CLIN	OBSCLIN RESULT UNIT	{CPM}/10*3{cell}	counts per minute per thousand cells		0			
OBS_CLIN	OBSCLIN RESULT UNIT	daL/min	dekaliter per minute		0			
OBS_CLIN	OBSCLIN RESULT UNIT	daL/min/m2	dekaliter per minute per square meter		0			
OBS_CLIN	OBSCLIN RESULT UNIT	[dr_av]	dram  (US and British)		0			
OBS_CLIN	OBSCLIN RESULT UNIT	{Ehrlich'U}/100.g	Ehrlich unit per 100 gram		0			
OBS_CLIN	OBSCLIN RESULT UNIT	{Ehrlich'U}/d	Ehrlich unit per day		0			
OBS_CLIN	OBSCLIN RESULT UNIT	{EIA_titer}	EIA titer		0			
OBS_CLIN	OBSCLIN RESULT UNIT	{EV}	EIA value		0			
OBS_CLIN	OBSCLIN RESULT UNIT	U/g	enzyme unit per gram		0			
OBS_CLIN	OBSCLIN RESULT UNIT	U{25Cel}/L	enzyme unit per liter at 25 deg Celsius 		0			
OBS_CLIN	OBSCLIN RESULT UNIT	U/mmol{creat}	enzyme unit per millimole of creatinine		0			
OBS_CLIN	OBSCLIN RESULT UNIT	U/s	enzyme unit per second		0			
OBS_CLIN	OBSCLIN RESULT UNIT	[ft_i]	foot (international)		0			
OBS_CLIN	OBSCLIN RESULT UNIT	{fraction}	fraction		0			
OBS_CLIN	OBSCLIN RESULT UNIT	[Ch]	French (catheter gauge) 		0			
OBS_CLIN	OBSCLIN RESULT UNIT	{genomes}/mL	genomes per milliliter		0			
OBS_CLIN	OBSCLIN RESULT UNIT	{Globules}/[HPF]	globules (drops)  per high power field		0			
OBS_CLIN	OBSCLIN RESULT UNIT	g.m	gram meter		0			
OBS_CLIN	OBSCLIN RESULT UNIT	g/kg/(8.h)	gram per  kilogram per 8 hour 		0			
OBS_CLIN	OBSCLIN RESULT UNIT	g/(100.g)	gram per 100 gram		0			
OBS_CLIN	OBSCLIN RESULT UNIT	g/(72.h)	gram per 72 hour		0			
OBS_CLIN	OBSCLIN RESULT UNIT	g/(8.h){shift}	gram per 8 hour shift		0			
OBS_CLIN	OBSCLIN RESULT UNIT	g/g{creat}	gram per gram of creatinine		0			
OBS_CLIN	OBSCLIN RESULT UNIT	g/h	gram per hour		0			
OBS_CLIN	OBSCLIN RESULT UNIT	g/kg/d	gram per kilogram per day		0			
OBS_CLIN	OBSCLIN RESULT UNIT	g/kg/min	gram per kilogram per minute		0			
OBS_CLIN	OBSCLIN RESULT UNIT	g/min	gram per minute		0			
OBS_CLIN	OBSCLIN RESULT UNIT	h/wk	h/wk=hour per week		0			
OBS_CLIN	OBSCLIN RESULT UNIT	Hz	Hertz		0			
OBS_CLIN	OBSCLIN RESULT UNIT	{GPS'U}	IgG antiphosphatidylserine unit		0			
OBS_CLIN	OBSCLIN RESULT UNIT	{ImmuneComplex'U}	immune complex unit		0			
OBS_CLIN	OBSCLIN RESULT UNIT	{IFA_titer}	Immunofluorescence assay titer		0			
OBS_CLIN	OBSCLIN RESULT UNIT	[in_i'H2O]	inch (international) of water		0			
OBS_CLIN	OBSCLIN RESULT UNIT	[IU]/10*9{RBCs}	international unit per billion red blood cells		0			
OBS_CLIN	OBSCLIN RESULT UNIT	[IU]/g	international unit per gram		0			
OBS_CLIN	OBSCLIN RESULT UNIT	[IU]/kg/h	international unit per kilogram per hour		0			
OBS_CLIN	OBSCLIN RESULT UNIT	[IU]/L{37Cel}	international unit per liter at 37 degrees Celsius		0			
OBS_CLIN	OBSCLIN RESULT UNIT	J/L	joule per liter		0			
OBS_CLIN	OBSCLIN RESULT UNIT	kU/L{class}	kilo enzyme unit per liter class		0			
OBS_CLIN	OBSCLIN RESULT UNIT	kcal	kilocalorie		0			
OBS_CLIN	OBSCLIN RESULT UNIT	kcal/h	kilocalorie per hour		0			
OBS_CLIN	OBSCLIN RESULT UNIT	kg.m/s	kilogram meter per second		0			
OBS_CLIN	OBSCLIN RESULT UNIT	kg/m3	kilogram per cubic meter		0			
OBS_CLIN	OBSCLIN RESULT UNIT	kL	kiloliter		0			
OBS_CLIN	OBSCLIN RESULT UNIT	km	kilometer		0			
OBS_CLIN	OBSCLIN RESULT UNIT	ks	kilosecond		0			
OBS_CLIN	OBSCLIN RESULT UNIT	[knk'U]	Kunkel unit		0			
OBS_CLIN	OBSCLIN RESULT UNIT	L/d	liter per day		0			
OBS_CLIN	OBSCLIN RESULT UNIT	L/h	liter per hour		0			
OBS_CLIN	OBSCLIN RESULT UNIT	L/s/s2	liter per second per square second		0			
OBS_CLIN	OBSCLIN RESULT UNIT	{Log_IU}	log (base 10) international unit		0			
OBS_CLIN	OBSCLIN RESULT UNIT	lm	lumen		0			
OBS_CLIN	OBSCLIN TYPE	UN	UN=Unknown		0			
OBS_CLIN	OBSCLIN RESULT UNIT	ueq	microequivalent		0			
OBS_CLIN	OBSCLIN RESULT UNIT	ug/m3	microgram per cubic meter		0			
OBS_CLIN	OBSCLIN RESULT UNIT	ug/d	microgram per day		0			
OBS_CLIN	OBSCLIN RESULT UNIT	ug/kg/h	microgram per kilogram per hour		0			
OBS_CLIN	OBSCLIN RESULT UNIT	ug/mL{class}	microgram per milliliter class		0			
OBS_CLIN	OBSCLIN RESULT UNIT	ug/mmol{creat}	microgram per millimole of creatinine		0			
OBS_CLIN	OBSCLIN RESULT UNIT	ug/ng	microgram per nanogram		0			
OBS_CLIN	OBSCLIN RESULT UNIT	uL/h	microliter per hour		0			
OBS_CLIN	OBSCLIN RESULT UNIT	umol/(8.h)	micromole per 8 hour		0			
OBS_CLIN	OBSCLIN RESULT UNIT	umol/dL{GF}	micromole per deciliter of glomerular filtrate		0			
OBS_CLIN	OBSCLIN RESULT UNIT	umol/kg{feces}	micromole per kilogram of feces		0			
OBS_CLIN	OBSCLIN RESULT UNIT	umol/umol{creat}	micromole per micromole of creatinine		0			
OBS_CLIN	OBSCLIN RESULT UNIT	umol/min/g{prot}	micromole per minute per gram of protein		0			
OBS_CLIN	OBSCLIN RESULT UNIT	umol/mol	micromole per mole		0			
OBS_CLIN	OBSCLIN RESULT UNIT	mU/mmol{creat}	milli  enzyme unit per millimole of creatinine		0			
OBS_CLIN	OBSCLIN RESULT UNIT	mU/mmol{RBCs}	milli  enzyme unit per millimole of red blood cells		0			
OBS_CLIN	OBSCLIN RESULT UNIT	meq/(2.h)	milliequivalent per 2 hour		0			
OBS_CLIN	OBSCLIN RESULT UNIT	meq/d	milliequivalent per day		0			
OBS_CLIN	OBSCLIN RESULT UNIT	meq/mL	milliequivalent per milliliter		0			
OBS_CLIN	OBSCLIN RESULT UNIT	meq/m2	milliequivalent per square meter		0			
OBS_CLIN	OBSCLIN RESULT UNIT	meq/{total_volume}	milliequivalent per total volume		0			
OBS_CLIN	OBSCLIN RESULT UNIT	mg{FEU}/L	milligram fibrinogen equivalent unit per liter		0			
OBS_CLIN	OBSCLIN RESULT UNIT	mg/(72.h)	milligram per 72 hour		0			
OBS_CLIN	OBSCLIN RESULT UNIT	mg/{collection}	milligram per collection		0			
OBS_CLIN	OBSCLIN RESULT UNIT	mg/m3	milligram per cubic meter		0			
OBS_CLIN	OBSCLIN RESULT UNIT	mg/h	milligram per hour		0			
OBS_CLIN	OBSCLIN RESULT UNIT	mg/kg/h	milligram per kilogram per hour		0			
OBS_CLIN	OBSCLIN RESULT UNIT	mL/(4.h)	milliliter per 4 hour		0			
OBS_CLIN	OBSCLIN RESULT UNIT	mL/(8.h)/kg	milliliter per 8 hour per kilogram		0			
OBS_CLIN	OBSCLIN RESULT UNIT	mL/{beat}	milliliter per heart beat		0			
OBS_CLIN	OBSCLIN RESULT UNIT	mL/h	milliliter per hour		0			
OBS_CLIN	OBSCLIN RESULT UNIT	mL/kg	milliliter per kilogram		0			
OBS_CLIN	OBSCLIN RESULT UNIT	mL/kg/(8.h)	milliliter per kilogram per 8 hour		0			
OBS_CLIN	OBSCLIN RESULT UNIT	mL/min/m2	milliliter per minute per square meter		0			
OBS_CLIN	OBSCLIN RESULT UNIT	mmol/(2.h)	millimole per 2 hour		0			
OBS_CLIN	OBSCLIN RESULT UNIT	mmol/(5.h)	millimole per 5 hour		0			
OBS_CLIN	OBSCLIN RESULT UNIT	mmol/d	millimole per day		0			
OBS_CLIN	OBSCLIN RESULT UNIT	mmol/{ejaculate}	millimole per ejaculate		0			
OBS_CLIN	OBSCLIN RESULT UNIT	mmol/h	millimole per hour		0			
OBS_CLIN	OBSCLIN RESULT UNIT	mmol/kg/(8.h)	millimole per kilogram per 8 hour		0			
OBS_CLIN	OBSCLIN RESULT UNIT	mmol/kg/h	millimole per kilogram per hour		0			
OBS_CLIN	OBSCLIN RESULT UNIT	mmol/kg/min	millimole per kilogram per minute		0			
OBS_CLIN	OBSCLIN RESULT UNIT	mmol/L{RBCs}	millimole per liter of red blood cells		0			
OBS_CLIN	OBSCLIN RESULT UNIT	mmol/mmol{urea}	millimole per millimole of urea		0			
OBS_CLIN	OBSCLIN RESULT UNIT	mmol/m2	millimole per square meter		0			
OBS_CLIN	OBSCLIN RESULT UNIT	10*6.[IU]	million international unit		0			
OBS_CLIN	OBSCLIN RESULT UNIT	10*6/(24.h)	million per 24 hour		0			
OBS_CLIN	OBSCLIN RESULT UNIT	mV	millivolt		0			
OBS_CLIN	OBSCLIN RESULT UNIT	{minidrop}/s	minidrop per second		0			
OBS_CLIN	OBSCLIN RESULT UNIT	mol/kg/s	mole per kilogram per second		0			
OBS_CLIN	OBSCLIN RESULT UNIT	{#}/{platelet}	molecule per platelet		0			
OBS_CLIN	OBSCLIN RESULT UNIT	nU/mL	nanoenzyme unit per milliliter		0			
OBS_CLIN	OBSCLIN RESULT UNIT	ng/(8.h)	nanogram per 8 hour		0			
OBS_CLIN	OBSCLIN RESULT UNIT	ng/kg/min	nanogram per kilogram per minute		0			
OBS_CLIN	OBSCLIN RESULT UNIT	ng/mg{prot}	nanogram per milligram of protein		0			
OBS_CLIN	OBSCLIN RESULT UNIT	ng/mg/h	nanogram per milligram per hour		0			
OBS_CLIN	OBSCLIN RESULT UNIT	ng/10*6{RBCs}	nanogram per million red blood cells		0			
OBS_CLIN	OBSCLIN RESULT UNIT	nmol{BCE}	nanomole bone collagen equivalent		0			
OBS_CLIN	OBSCLIN RESULT UNIT	nmol{ATP}	nanomole of ATP 		0			
OBS_CLIN	OBSCLIN RESULT UNIT	nmol/L{RBCs}	nanomole per liter of red blood cells		0			
OBS_CLIN	OBSCLIN RESULT UNIT	nmol/L/mmol{creat}	nanomole per liter per millimole of creatinine		0			
OBS_CLIN	OBSCLIN RESULT UNIT	nmol/mg{creat}	nanomole per milligram of creatinine		0			
OBS_CLIN	OBSCLIN RESULT UNIT	nmol/mmol{creat}	nanomole per millimole of creatinine		0			
OBS_CLIN	OBSCLIN RESULT UNIT	nmol/min	nanomole per minute		0			
OBS_CLIN	OBSCLIN RESULT UNIT	nmol/min/mg{Hb}	nanomole per minute per milligram of hemoglobin		0			
OBS_CLIN	OBSCLIN RESULT UNIT	nmol/s	nanomole per second		0			
OBS_CLIN	OBSCLIN RESULT UNIT	ns	nanosecond		0			
OBS_CLIN	OBSCLIN RESULT UNIT	N.cm	Newton centimeter		0			
OBS_CLIN	OBSCLIN RESULT UNIT	nmol/min/mg{protein}	nmol/min/mg{protein}=nanomole per minute per milligram protein		0			
OBS_CLIN	OBSCLIN RESULT UNIT	[ppb]	part per billion		0			
OBS_CLIN	OBSCLIN RESULT UNIT	[ppm]	part per million		0			
OBS_CLIN	OBSCLIN RESULT UNIT	[ppth]	part per thousand		0			
OBS_CLIN	OBSCLIN RESULT UNIT	[pptr]	part per trillion		0			
OBS_CLIN	OBSCLIN RESULT UNIT	/cm[H2O]	per centimeter of water		0			
OBS_CLIN	OBSCLIN RESULT UNIT	/d	per day		0			
OBS_CLIN	OBSCLIN RESULT UNIT	/U	per enzyme unit		0			
OBS_CLIN	OBSCLIN RESULT UNIT	/g{creat}	per gram of creatinine		0			
OBS_CLIN	OBSCLIN RESULT UNIT	/g{tot_prot}	per gram of total protein		0			
OBS_CLIN	OBSCLIN RESULT UNIT	/g{wet_tis}	per gram of wet tissue		0			
OBS_CLIN	OBSCLIN RESULT UNIT	/h	per hour		0			
OBS_CLIN	OBSCLIN RESULT UNIT	/kg{body_wt}	per kilogram of body weight		0			
OBS_CLIN	OBSCLIN RESULT UNIT	/L	per liter		0			
OBS_CLIN	OBSCLIN RESULT UNIT	/mm	per millimeter		0			
OBS_CLIN	OBSCLIN RESULT UNIT	/10*6	per million		0			
OBS_CLIN	OBSCLIN RESULT UNIT	/min	per minute		0			
OBS_CLIN	OBSCLIN RESULT UNIT	/(12.h)	per twelve hour		0			
OBS_CLIN	OBSCLIN RESULT UNIT	/wk	per week		0			
OBS_CLIN	OBSCLIN RESULT UNIT	%{penetration}	percent  penetration		0			
OBS_CLIN	OBSCLIN RESULT UNIT	%{abnormal}	percent abnormal		0			
OBS_CLIN	OBSCLIN RESULT UNIT	%{aggregation}	percent aggregation		0			
OBS_CLIN	OBSCLIN RESULT UNIT	%{basal_activity}	percent basal activity		0			
OBS_CLIN	OBSCLIN RESULT UNIT	%{dose}	percent dose		0			
OBS_CLIN	OBSCLIN RESULT UNIT	%{index}	percent index		0			
OBS_CLIN	OBSCLIN RESULT UNIT	%{pooled_plasma}	percent normal pooled plasma		0			
OBS_CLIN	OBSCLIN RESULT UNIT	%{reference}	percent reference		0			
OBS_CLIN	OBSCLIN RESULT UNIT	%{residual}	percent residual		0			
OBS_CLIN	OBSCLIN RESULT UNIT	{phenotype}	phenotype		0			
OBS_CLIN	OBSCLIN RESULT UNIT	pmol/(24.h)	picomole per 24 hour		0			
OBS_CLIN	OBSCLIN RESULT UNIT	pmol/d	picomole per day		0			
OBS_CLIN	OBSCLIN RESULT UNIT	pmol/mg{prot}	picomole per milligram of protein		0			
OBS_CLIN	OBSCLIN RESULT UNIT	pmol/min	picomole per minute		0			
OBS_CLIN	OBSCLIN RESULT UNIT	ps	picosecond		0			
OBS_CLIN	OBSCLIN RESULT UNIT	[pt_us]	pint (US)		0			
OBS_CLIN	OBSCLIN RESULT UNIT	pmol/H/mg{protein}	pmol/H/mg{protein}=picomole per hour per milligram protein		0			
OBS_CLIN	OBSCLIN RESULT UNIT	[psi]	pound per square inch		0			
OBS_CLIN	OBSCLIN RESULT UNIT	{RBC}/uL	red blood cell per microliter		0			
OBS_CLIN	OBSCLIN RESULT UNIT	{Rubella_virus}	rubella virus		0			
OBS_CLIN	OBSCLIN RESULT UNIT	{s_co_ratio}	signal to cutoff ratio		0			
OBS_CLIN	OBSCLIN RESULT UNIT	cm2/s	square centimeter per second		0			
OBS_CLIN	OBSCLIN RESULT UNIT	[sft_i]	square foot (international)		0			
OBS_CLIN	OBSCLIN RESULT UNIT	m2/s	square meter per second		0			
OBS_CLIN	OBSCLIN RESULT UNIT	{STDV}	standard deviation		0			
OBS_CLIN	OBSCLIN RESULT UNIT	[tbs_us]	tablespoon (US)		0			
OBS_CLIN	OBSCLIN RESULT UNIT	[tsp_us]	teaspoon (US)		0			
OBS_CLIN	OBSCLIN RESULT UNIT	10*3{RBCs}	thousand red blood cells		0			
OBS_CLIN	OBSCLIN RESULT UNIT	[oz_tr]	Troy ounce		0			
OBS_CLIN	OBSCLIN RESULT UNIT	umol/10*6{RBC}	umol/10*6{RBC}=micromole per million red blood cell		0			
OBS_CLIN	OBSCLIN RESULT UNIT	Wb	Weber		0			
OBS_CLIN	OBSCLIN SOURCE	RG	RG=Registry		0			
OBS_CLIN	OBSCLIN SOURCE	PR	PR=Patient-reported		0			
OBS_CLIN	OBSCLIN SOURCE	HC	HC=Healthcare delivery setting		0			
OBS_CLIN	OBSCLIN SOURCE	HD	HD=Healthcare device direct feed		0			
OBS_CLIN	OBSCLIN SOURCE	NI	NI=No information		0			
OBS_CLIN	OBSCLIN ABN IND	AB	AB=Abnormal		0			
OBS_CLIN	OBSCLIN ABN IND	CR	CR=Critical		0			
OBS_CLIN	OBSCLIN ABN IND	IN	IN=Inconclusive		0			
OBS_CLIN	OBSCLIN ABN IND	NI	NI=No  information		0			
OBS_CLIN	OBSCLIN ABN IND	UN	UN=Unknown		0			
OBS_GEN	OBSGEN TYPE	10DX	10DX=ICD-10-CM		0			
OBS_GEN	OBSGEN TYPE	11DX	11DX=ICD-11-CM		0			
OBS_GEN	OBSGEN TYPE	ON	ON=ICD-O  (Oncology)		0			
OBS_GEN	OBSGEN TYPE	RX	RX=RXNORM		0			
OBS_GEN	OBSGEN TYPE	ND	ND=NDC		0			
OBS_GEN	OBSGEN TYPE	PC_*	PC_*=PCORnet  reserved		0			
OBS_GEN	OBSGEN RESULT QUAL	AB NOT DETECTED	AB NOT DETECTED=Ab not detected		0			
OBS_GEN	OBSGEN RESULT QUAL	B POS	B POS=B Pos		0			
OBS_GEN	OBSGEN RESULT QUAL	INCONCLUSIVE	INCONCLUSIVE=Inconclusive 		0			
OBS_GEN	OBSGEN RESULT QUAL	INFLUENZA B VIRUS	INFLUENZA B VIRUS=Influenza B virus		0			
OBS_GEN	OBSGEN RESULT QUAL	RECENT INFECTION	RECENT INFECTION=Recent infection		0			
OBS_GEN	OBSGEN RESULT QUAL	SARS CORONAVIRUS 2	SARS CORONAVIRUS 2=SARS coronavirus 2		0			
OBS_GEN	OBSGEN RESULT UNIT	%{response}	%{response}=percent response		0			
OBS_GEN	OBSGEN RESULT UNIT	{Zscore}	{Zscore}=z score		0			
OBS_GEN	OBSGEN RESULT UNIT	24.h	24 hour		0			
OBS_GEN	OBSGEN RESULT UNIT	{absorbance}	absorbance		0			
OBS_GEN	OBSGEN RESULT UNIT	Bq	Becquerel		0			
OBS_GEN	OBSGEN RESULT UNIT	[CFU]	colony forming unit		0			
OBS_GEN	OBSGEN RESULT UNIT	[CFU]/L	colony forming unit per liter		0			
OBS_GEN	OBSGEN RESULT UNIT	[CFU]/mL	colony forming unit per milliliter		0			
OBS_GEN	OBSGEN RESULT UNIT	dB	decibel		0			
OBS_GEN	OBSGEN RESULT UNIT	daL/min/m2	dekaliter per minute per square meter		0			
OBS_GEN	OBSGEN RESULT UNIT	dyn.s/(cm.m2)	dyne second per centimeter per square meter		0			
OBS_GEN	OBSGEN RESULT UNIT	{EIA_titer}	EIA titer		0			
OBS_GEN	OBSGEN RESULT UNIT	{EV}	EIA value		0			
OBS_GEN	OBSGEN RESULT UNIT	U/10*10	enzyme unit per 10 billion		0			
OBS_GEN	OBSGEN RESULT UNIT	U/(10.g){feces}	enzyme unit per 10 gram of feces		0			
OBS_GEN	OBSGEN RESULT UNIT	U/(2.h)	enzyme unit per 2 hour		0			
OBS_GEN	OBSGEN RESULT UNIT	U/10*9	enzyme unit per billion		0			
OBS_GEN	OBSGEN RESULT UNIT	U/d	enzyme unit per day		0			
OBS_GEN	OBSGEN RESULT UNIT	U/g	enzyme unit per gram		0			
OBS_GEN	OBSGEN RESULT UNIT	U/g{protein}	enzyme unit per gram of protein		0			
OBS_GEN	OBSGEN RESULT UNIT	U/mmol{creat}	enzyme unit per millimole of creatinine		0			
OBS_GEN	OBSGEN RESULT UNIT	U/10*6	enzyme unit per million		0			
OBS_GEN	OBSGEN RESULT UNIT	U/s	enzyme unit per second		0			
OBS_GEN	OBSGEN RESULT UNIT	U/10*12{RBCs}	enzyme unit per trillion red blood cells		0			
OBS_GEN	OBSGEN RESULT UNIT	eq	equivalent		0			
OBS_GEN	OBSGEN RESULT UNIT	eq/L	equivalent per liter		0			
OBS_GEN	OBSGEN RESULT UNIT	eq/mmol	equivalent per millimole		0			
OBS_GEN	OBSGEN RESULT UNIT	erg	erg		0			
OBS_GEN	OBSGEN RESULT UNIT	fg	femtogram		0			
OBS_GEN	OBSGEN RESULT UNIT	fmol	femtomole		0			
OBS_GEN	OBSGEN RESULT UNIT	fmol/mg	femtomole per milligram		0			
OBS_GEN	OBSGEN RESULT UNIT	[foz_us]	fluid ounce (US)		0			
OBS_GEN	OBSGEN RESULT UNIT	{FIU}	fluorescent intensity unit		0			
OBS_GEN	OBSGEN RESULT UNIT	[ft_i]	foot (international)		0			
OBS_GEN	OBSGEN RESULT UNIT	[Ch]	French (catheter gauge) 		0			
OBS_GEN	OBSGEN RESULT UNIT	{GAA_repeats}	GAA trinucleotide repeats		0			
OBS_CLIN	OBSCLIN RESULT UNIT	mU/g	milli  enzyme unit per gram		0			
OBS_CLIN	OBSCLIN RESULT UNIT	mol	mole		0			
OBS_GEN	OBSGEN TYPE	SM	SM=SNOMED		0			
OBS_GEN	OBSGEN RESULT UNIT	[gal_us]	gallon (US)		0			
OBS_GEN	OBSGEN RESULT UNIT	g{total_nit}	gram of total nitrogen		0			
OBS_GEN	OBSGEN RESULT UNIT	g/kg/(8.h)	gram per  kilogram per 8 hour 		0			
OBS_GEN	OBSGEN RESULT UNIT	g/(48.h)	gram per 48 hour		0			
OBS_GEN	OBSGEN RESULT UNIT	g/cm3	gram per cubic centimeter		0			
OBS_GEN	OBSGEN RESULT UNIT	g/g{tissue}	gram per gram of tissue		0			
OBS_GEN	OBSGEN RESULT UNIT	g/kg	gram per kilogram		0			
OBS_GEN	OBSGEN RESULT UNIT	g/kg/(8.h){shift}	gram per kilogram per 8 hour shift		0			
OBS_GEN	OBSGEN RESULT UNIT	g/kg/d	gram per kilogram per day		0			
OBS_GEN	OBSGEN RESULT UNIT	g/kg/h	gram per kilogram per hour		0			
OBS_GEN	OBSGEN RESULT UNIT	g/mg	gram per milligram		0			
OBS_GEN	OBSGEN RESULT UNIT	g/{specimen}	gram per specimen		0			
OBS_GEN	OBSGEN RESULT UNIT	g/{total_output}	gram per total output		0			
OBS_GEN	OBSGEN RESULT UNIT	h/d	h/d=hour per day		0			
OBS_GEN	OBSGEN RESULT UNIT	{IFA_titer}	Immunofluorescence assay titer		0			
OBS_GEN	OBSGEN RESULT UNIT	[IU]/(24.h)	international unit per 24 hour		0			
OBS_GEN	OBSGEN RESULT UNIT	[IU]/10*9{RBCs}	international unit per billion red blood cells		0			
OBS_GEN	OBSGEN RESULT UNIT	[IU]/g	international unit per gram		0			
OBS_GEN	OBSGEN RESULT UNIT	[IU]/kg	international unit per kilogram		0			
OBS_GEN	OBSGEN RESULT UNIT	[IU]/L{37Cel}	international unit per liter at 37 degrees Celsius		0			
OBS_GEN	OBSGEN RESULT UNIT	{JDF'U}	Juvenile Diabetes Foundation unit		0			
OBS_GEN	OBSGEN RESULT UNIT	kat/kg	katal per kilogram		0			
OBS_GEN	OBSGEN RESULT UNIT	kat/L	katal per liter		0			
OBS_GEN	OBSGEN RESULT UNIT	kU/g	kilo enzyme unit per gram		0			
OBS_GEN	OBSGEN RESULT UNIT	kU/L	kilo enzyme unit per liter		0			
OBS_GEN	OBSGEN RESULT UNIT	kU/L{class}	kilo enzyme unit per liter class		0			
OBS_GEN	OBSGEN RESULT UNIT	kcal/d	kilocalorie per day		0			
OBS_GEN	OBSGEN RESULT UNIT	kg.m/s	kilogram meter per second		0			
OBS_GEN	OBSGEN RESULT UNIT	kg/m3	kilogram per cubic meter		0			
OBS_GEN	OBSGEN RESULT UNIT	kg/m2	kilogram per square meter		0			
OBS_GEN	OBSGEN RESULT UNIT	kL	kiloliter		0			
OBS_GEN	OBSGEN RESULT UNIT	kPa	kilopascal		0			
OBS_GEN	OBSGEN RESULT UNIT	[ka'U]	King Armstrong unit		0			
OBS_GEN	OBSGEN RESULT UNIT	L/h	liter per hour		0			
OBS_GEN	OBSGEN RESULT UNIT	L/s	liter per second		0			
OBS_GEN	OBSGEN RESULT UNIT	uU/g	micro enzyme unit per gram		0			
OBS_GEN	OBSGEN RESULT UNIT	u[IU]	micro international unit		0			
OBS_GEN	OBSGEN RESULT UNIT	ueq	microequivalent		0			
OBS_GEN	OBSGEN RESULT UNIT	ug/(100.g)	microgram per 100 gram		0			
OBS_GEN	OBSGEN RESULT UNIT	ug/(8.h)	microgram per 8 hour		0			
OBS_GEN	OBSGEN RESULT UNIT	ug/m3	microgram per cubic meter		0			
MED_ADMIN	MEDADMIN DOSE ADMIN UNIT	umol/L	micromole per liter		0			
MED_ADMIN	MEDADMIN DOSE ADMIN UNIT	mU/mmol{creat}	milli  enzyme unit per millimole of creatinine		0			
MED_ADMIN	MEDADMIN DOSE ADMIN UNIT	{#}/L	number per liter		0			
MED_ADMIN	MEDADMIN DOSE ADMIN UNIT	/kg	per kilogram		0			
OBS_CLIN	OBSCLIN RESULT UNIT	{absorbance}	absorbance		0			
OBS_CLIN	OBSCLIN RESULT UNIT	[CFU]/L	colony forming unit per liter		0			
OBS_CLIN	OBSCLIN RESULT UNIT	{dilution}	dilution		0			
OBS_CLIN	OBSCLIN RESULT UNIT	{EIA'U}/U	EIA unit per enzyme unit		0			
OBS_CLIN	OBSCLIN RESULT UNIT	{FIU}	fluorescent intensity unit		0			
OBS_CLIN	OBSCLIN RESULT UNIT	g{total_prot}	gram of total protein		0			
OBS_CLIN	OBSCLIN RESULT UNIT	h/d	h/d=hour per day		0			
OBS_CLIN	OBSCLIN RESULT UNIT	m/s2	meter per square second		0			
OBS_CLIN	OBSCLIN RESULT UNIT	ug/kg/min	microgram per kilogram per minute		0			
OBS_CLIN	OBSCLIN RESULT UNIT	umol/kg	micromole per kilogram		0			
OBS_CLIN	OBSCLIN RESULT UNIT	mg/(2.h)	milligram per 2 hour		0			
OBS_CLIN	OBSCLIN RESULT UNIT	mg/g{dry_tissue}	milligram per gram of dry tissue		0			
OBS_CLIN	OBSCLIN RESULT UNIT	mL/kg/min	milliliter per kilogram per minute		0			
OBS_CLIN	OBSCLIN RESULT UNIT	mmol/h/mg{prot}	millimole per hour per milligram of protein		0			
OBS_CLIN	OBSCLIN RESULT UNIT	mmol/s/L	millimole per second per liter		0			
OBS_CLIN	OBSCLIN RESULT UNIT	ng/s	nanogram per second		0			
OBS_CLIN	OBSCLIN RESULT UNIT	{#}/[LPF]	number per low power field		0			
OBS_CLIN	OBSCLIN RESULT UNIT	[oz_av]	ounce (US and British)		0			
OBS_CLIN	OBSCLIN RESULT UNIT	/{OIF}	per oil immersion field		0			
OBS_CLIN	OBSCLIN RESULT UNIT	{saturation}	saturation		0			
OBS_CLIN	OBSCLIN SOURCE	PD	PD=Patient device direct feed		0			
OBS_CLIN	OBSCLIN ABN IND	NL	NL=Normal		0			
OBS_GEN	OBSGEN RESULT QUAL	SPECIMEN UNSATISFACTORY	SPECIMEN UNSATISFACTORY=Specimen unsatisfactory		0			
OBS_GEN	OBSGEN RESULT QUAL	UNDETECTABLE	UNDETECTABLE=Undetectable		0			
OBS_GEN	OBSGEN RESULT UNIT	10.L/(min.m2)	10 liter per minute per square meter		0			
OBS_GEN	OBSGEN RESULT UNIT	{AHF'U}	American Hospital Formulary unit		0			
OBS_GEN	OBSGEN RESULT UNIT	{EIA'U}/U	EIA unit per enzyme unit		0			
OBS_GEN	OBSGEN RESULT UNIT	{genomes}/mL	genomes per milliliter		0			
OBS_GEN	OBSGEN RESULT UNIT	ks	kilosecond		0			
OBS_GEN	OBSGEN RESULT UNIT	L/(24.h)	liter per 24 hour		0			
OBS_CLIN	OBSCLIN RESULT UNIT	kcal/[oz_av]	kilocalorie per ounce (US & British)		0			
OBS_CLIN	OBSCLIN RESULT UNIT	mol/s	mole per second		0			
OBS_GEN	OBSGEN TYPE	NI	NI=No  information		0			
DEATH	DEATH DATE IMPUTE	B	B=Both  month  and  day  imputed	Death date impute	2000000034	B	Both month and data imputed	NULL
DEATH	DEATH DATE IMPUTE	D	D=Day  imputed	Death date impute	2000000035	D	Day imputed	NULL
DEATH	DEATH DATE IMPUTE	M	M=Month  imputed	Death date impute	2000000036	M	Month imputed	NULL
DEATH	DEATH DATE IMPUTE	N	N=Not  imputed	Death date impute	2000000037	N	Not imputed	NULL
DEATH	DEATH DATE IMPUTE	UN	UN=Unknown	Death date impute	44814653	UN	Unknown	NULL
DEATH	DEATH DATE IMPUTE	OT	OT=Other	Death date impute	44814649	OT	Other	NULL
DEATH	DEATH DATE IMPUTE	NI	NI=No  information	Death date impute	44814650	NI	No information	NULL
OBS_CLIN	OBSCLIN RESULT UNIT	[diop]	[diop]=diopter	Result unit	9291	[diop]	diopter	
OBS_CLIN	OBSCLIN RESULT UNIT	{breaths}/min	{breaths}/min=breaths per minute	Result unit	3197833	{breaths}/min	Breaths/minute	
OBS_CLIN	OBSCLIN RESULT UNIT	{risk}	{risk}=risk	Result unit	8509	{risk}	risk	
OBS_CLIN	OBSCLIN RESULT UNIT	{score}	{score}=score	Result unit	44777566	{score}	score	
OBS_CLIN	OBSCLIN RESULT UNIT	{activity}	activity	Result unit	8654	{activity}	ENZ ACT	
OBS_CLIN	OBSCLIN RESULT UNIT	[arb'U]/mL	arbitrary unit per milliliter	Result unit	8980	[arb'U]/mL	arbitrary unit per milliliter	
OBS_CLIN	OBSCLIN RESULT UNIT	10*9/L	billion per liter	Result unit	9444	10*9/L	10*9/L	
OBS_CLIN	OBSCLIN RESULT UNIT	10*9/uL	billion per microliter	Result unit	9446	10*9/uL	billion per microliter	
OBS_CLIN	OBSCLIN RESULT UNIT	cal	calorie	Result unit	9472	cal	cal	
OBS_CLIN	OBSCLIN RESULT UNIT	{cells}	cells	Result unit	45744812	{cells}	cells	
OBS_CLIN	OBSCLIN RESULT UNIT	cm	centimeter	Result unit	8582	cm	centimeter	
OBS_CLIN	OBSCLIN RESULT UNIT	cm[H2O]	centimeter of water	Result unit	44777590	cm[H2O]	cm h2o	
OBS_CLIN	OBSCLIN RESULT UNIT	{clock_time}	clock time e.g 12:30PM	Result unit		{clock_time}		
OBS_CLIN	OBSCLIN RESULT UNIT	cm/s	cm/s=centimeter per second	Result unit	32738	cm/s	centimeter per second	
OBS_CLIN	OBSCLIN RESULT UNIT	cm3	cm3=cubic centimeter	Result unit	44777662	cm3	cubic centimeter	
OBS_CLIN	OBSCLIN RESULT UNIT	{CAE'U}	complement activity enzyme unit	Result unit	8998	{CAE'U}	cae	
OBS_CLIN	OBSCLIN RESULT UNIT	{copies}	copies	Result unit		{copies}		
OBS_CLIN	OBSCLIN RESULT UNIT	{CPM}	counts per minute	Result unit	8483	{CPM}	counts/min	
OBS_CLIN	OBSCLIN RESULT UNIT	d/wk	d/wk=days per week	Result unit	8621	d/wk	day per week	
OBS_CLIN	OBSCLIN RESULT UNIT	d	day	Result unit	8512	d	day	
OBS_CLIN	OBSCLIN RESULT UNIT	dg	decigram	Result unit	9485	dg	Decigram	
OBS_CLIN	OBSCLIN RESULT UNIT	Cel	degree Celsius	Result unit	8653	Cel	degree Celsius	
OBS_CLIN	OBSCLIN RESULT UNIT	[degF]	degree Fahrenheit	Result unit	9289	[degF]	degf	
OBS_CLIN	OBSCLIN RESULT UNIT	K	degree Kelvin	Result unit	9523	K	kelvin	
OBS_CLIN	OBSCLIN RESULT UNIT	{EIA'U}	EIA unit	Result unit	8556	{EIA'U}	eia units	
OBS_CLIN	OBSCLIN RESULT UNIT	{ELISA'U}	ELISA unit	Result unit	8600	{ELISA'U}	elisa units	
OBS_CLIN	OBSCLIN RESULT UNIT	U/(24.h)	enzyme unit per 24 hour	Result unit	44777567	U/(24.h)	units/24 hr	
OBS_CLIN	OBSCLIN RESULT UNIT	U/dL	enzyme unit per deciliter	Result unit	44777568	U/dL	[U]/dL | unit per deciliter	
OBS_CLIN	OBSCLIN RESULT UNIT	U/L	enzyme unit per liter	Result unit	8645	U/L	unit per liter	
OBS_CLIN	OBSCLIN RESULT UNIT	U/mL	enzyme unit per milliliter	Result unit	8763	U/mL	unit per milliliter	
OBS_CLIN	OBSCLIN RESULT UNIT	F	Farad	Result unit	8517	F	Farad	
OBS_CLIN	OBSCLIN RESULT UNIT	g/cm2	g/cm2=gram per square centimeter	Result unit	32701	g/cm2	gram per square centimeter	
OBS_CLIN	OBSCLIN RESULT UNIT	g	gram	Result unit	8504	g	gram	
OBS_CLIN	OBSCLIN RESULT UNIT	g/(12.h)	gram per 12 hour	Result unit	44777593	g/(12.h)	g/12 hr	
OBS_CLIN	OBSCLIN RESULT UNIT	g/dL	gram per deciliter	Result unit	8713	g/dL	gram per deciliter	
OBS_CLIN	OBSCLIN RESULT UNIT	g/g	gram per gram	Result unit	9510	g/g	gram per gram	
OBS_CLIN	OBSCLIN RESULT UNIT	g/L	gram per liter	Result unit	8636	g/L	gram per liter	
OBS_CLIN	OBSCLIN RESULT UNIT	g/mL	gram per milliliter	Result unit	9514	g/mL	gram per milliliter	
OBS_CLIN	OBSCLIN RESULT UNIT	{beats}/min	heart beats per minute	Result unit	8541	{beats}/min	beats per minute	
OBS_CLIN	OBSCLIN RESULT UNIT	H	Henry	Result unit	8505	h	hour	
OBS_CLIN	OBSCLIN RESULT UNIT	[HPF]	high power field	Result unit	8673	[HPF]	[HPF]	
OBS_CLIN	OBSCLIN RESULT UNIT	h	hour	Result unit	8505	h	hour	
OBS_CLIN	OBSCLIN RESULT UNIT	[APL'U]/mL	IgA anticardiolipin unit per milliliter**	Result unit	9684	[APL'U]/mL	IgA Phospholipid Units Per MilliLiter [Arbitrary Concentration Units]	
OBS_CLIN	OBSCLIN RESULT UNIT	{APS'U}	IgA antiphosphatidylserine unit 	Result unit	8542	{APS'U}	anti-phosphatidylserine IgA concentration (APS) unit	
OBS_CLIN	OBSCLIN RESULT UNIT	[GPL'U]/mL	IgG anticardiolipin unit per milliliter**	Result unit	9685	[GPL'U]/mL	IgG Phospholipid Units Per MilliLiter [Arbitrary Concentration Units]	
OBS_CLIN	OBSCLIN RESULT UNIT	[MPL'U]/mL	IgM anticardiolipin unit per milliliter**	Result unit	9686	[MPL'U]/mL	IgM Phospholipid Units Per MilliLiter [Arbitrary Concentration Units]	
OBS_CLIN	OBSCLIN RESULT UNIT	{MPS'U}	IgM antiphosphatidylserine unit	Result unit	8495	{MPS'U}	anti-phosphatidylserine IgM concentration (MPS) unit	
OBS_CLIN	OBSCLIN RESULT UNIT	{ISR}	immune status ratio	Result unit	8488	{ISR}	immune status ratio	
OBS_CLIN	OBSCLIN RESULT UNIT	[in_i]	inch (international)	Result unit	8533	[in_i]	inches	
OBS_CLIN	OBSCLIN RESULT UNIT	{index_val}	index value	Result unit	8779	{index_val}	index	
OBS_CLIN	OBSCLIN RESULT UNIT	[IU]	international unit	Result unit	8718	[IU]	international unit	
OBS_CLIN	OBSCLIN RESULT UNIT	[IU]/dL	international unit per deciliter	Result unit	9332	[IU]/dL	international unit per deciliter	
OBS_CLIN	OBSCLIN RESULT UNIT	[IU]/L	international unit per liter	Result unit	8923	[IU]/L	international unit per liter	
OBS_CLIN	OBSCLIN RESULT UNIT	kcal/(24.h)	kcal/(24.h)=kilocalorie per 24 hour	Result unit	4038014	kcal/(24.h)	kcal/24h	
OBS_CLIN	OBSCLIN RESULT UNIT	k[IU]/L	kilo international unit per liter	Result unit	9058	k[IU]/L	kilo-international unit per liter	
OBS_CLIN	OBSCLIN RESULT UNIT	kg	kilogram	Result unit	9529	kg	kilogram	
OBS_CLIN	OBSCLIN RESULT UNIT	L	liter	Result unit	8519	L	liter	
OBS_CLIN	OBSCLIN RESULT UNIT	L/L	liter per liter	Result unit	44777604	L/L	L/L | liter per liter	
OBS_CLIN	OBSCLIN RESULT UNIT	{Log_IU}/mL	log (base 10) international unit per milliliter	Result unit	9084	{Log_IU}/mL	log IUnits/mL	
OBS_CLIN	OBSCLIN RESULT UNIT	Ms	megasecond	Result unit	9593	ms	millisecond	
OBS_CLIN	OBSCLIN RESULT UNIT	m/s	meter per second	Result unit	44777606	m/s	meter per second	
OBS_CLIN	OBSCLIN RESULT UNIT	t	metric ton	Result unit	9647	t	tonne	
OBS_CLIN	OBSCLIN RESULT UNIT	uU/L	micro enzyme unit per liter	Result unit	8750	uU/L	microunit per liter	
OBS_CLIN	OBSCLIN RESULT UNIT	uU/mL	micro enzyme unit per milliliter	Result unit	8860	uU/mL	microunit per milliliter	
OBS_CLIN	OBSCLIN RESULT UNIT	ueq/L	microequivalent per liter	Result unit	8875	ueq/L	mceq/l	
OBS_CLIN	OBSCLIN RESULT UNIT	ueq/mL	microequivalent per milliliter	Result unit	9046	ueq/mL	mcg Eq/mL	
OBS_CLIN	OBSCLIN RESULT UNIT	ug	microgram	Result unit	9655	ug	microgram	
OBS_CLIN	OBSCLIN RESULT UNIT	ug/(24.h)	microgram per 24 hour	Result unit	8906	ug/(24.h)	microgram per 24 hours	
OBS_CLIN	OBSCLIN RESULT UNIT	U/g{Hb}	enzyme unit per gram of hemoglobin	Result unit	8916	U/g{Hb}	Unit per gram of Hemoglobin	
OBS_CLIN	OBSCLIN RESULT UNIT	ug/dL	microgram per deciliter	Result unit	8837	ug/dL	microgram per deciliter	
OBS_CLIN	OBSCLIN RESULT UNIT	ug/g	microgram per gram	Result unit	8720	ug/g	microgram per gram	
OBS_CLIN	OBSCLIN RESULT UNIT	ug/g{creat}	microgram per gram of creatinine	Result unit	9014	ug/g{creat}	microgram per gram of creatinine	
OBS_CLIN	OBSCLIN RESULT UNIT	ug/g{Hb}	microgram per gram of hemoglobin	Result unit	9661	ug/g{Hb}	mcg/g hgb	
OBS_CLIN	OBSCLIN RESULT UNIT	ug/mg	microgram per milligram	Result unit	8838	ug/mg	microgram per milligram	
OBS_CLIN	OBSCLIN RESULT UNIT	ug/mL	microgram per milliliter	Result unit	8859	ug/mL	microgram per milliliter	
OBS_CLIN	OBSCLIN RESULT UNIT	u[IU]/L	microinternational unit per liter	Result unit	44777583	u[IU]/L	10*-6.[iU]/L | micro-international unit per liter	
OBS_CLIN	OBSCLIN RESULT UNIT	uL	microliter	Result unit	9665	uL	microliter	
OBS_CLIN	OBSCLIN RESULT UNIT	um	micrometer	Result unit	9666	um	micrometer	
OBS_CLIN	OBSCLIN RESULT UNIT	umol/(24.h)	micromole per 24 hour	Result unit	8907	umol/(24.h)	micromole per 24 hours	
OBS_CLIN	OBSCLIN RESULT UNIT	umol/g	micromole per gram	Result unit	9668	umol/g	umol/g	
OBS_CLIN	OBSCLIN RESULT UNIT	umol/g{creat}	micromole per gram of creatinine	Result unit	9015	umol/g{creat}	micromole per gram of creatinine	
OBS_CLIN	OBSCLIN RESULT UNIT	umol/g{Hb}	micromole per gram of hemoglobin	Result unit	9669	umol/g{Hb}	umol/g{HBG}	
OBS_CLIN	OBSCLIN RESULT UNIT	umol/L	micromole per liter	Result unit	8749	umol/L	micromole per liter	
OBS_CLIN	OBSCLIN RESULT UNIT	umol/mmol	micromole per millimole	Result unit	44777656	umol/mmol	mcmol/mmol	
OBS_CLIN	OBSCLIN RESULT UNIT	umol/mmol{creat}	micromole per millimole of creatinine	Result unit	9073	umol/mmol{creat}	mcmol/mmol cr	
OBS_CLIN	OBSCLIN RESULT UNIT	um/s	microns per second	Result unit		um/s		
OBS_CLIN	OBSCLIN RESULT UNIT	us	microsecond	Result unit	9676	us	us	
OBS_CLIN	OBSCLIN RESULT UNIT	m[IU]/mL	milli  international unit per milliliter	Result unit	9550	m[IU]/mL	milli-international unit per milliliter	
OBS_CLIN	OBSCLIN RESULT UNIT	mU/L	milli enzyme unit per liter	Result unit		mU/L		
OBS_CLIN	OBSCLIN RESULT UNIT	m[IU]/L	milli international unit per liter	Result unit	9040	m[IU]/L	milli-international unit per liter	
OBS_CLIN	OBSCLIN RESULT UNIT	meq	milliequivalent	Result unit	9551	meq	milliequivalent	
OBS_CLIN	OBSCLIN RESULT UNIT	meq/(24.h)	milliequivalent per 24 hour	Result unit	44777582	meq/(24.h)	10*-3.eq/(24.h) | milliequivalent per 24 hours	
OBS_CLIN	OBSCLIN RESULT UNIT	meq/kg	milliequivalent per kilogram	Result unit	9556	meq/kg	meq/kg	
OBS_CLIN	OBSCLIN RESULT UNIT	meq/L	milliequivalent per liter	Result unit	9557	meq/L	milliequivalent per liter	
OBS_CLIN	OBSCLIN RESULT UNIT	mg	milligram	Result unit	8576	mg	milligram	
OBS_CLIN	OBSCLIN RESULT UNIT	mg/(12.h)	milligram per 12 hour	Result unit	8908	mg/(12.h)	mg/12 hr	
OBS_CLIN	OBSCLIN RESULT UNIT	mg/(24.h)	milligram per 24 hour	Result unit	8909	mg/(24.h)	milligram per 24 hours	
OBS_CLIN	OBSCLIN RESULT UNIT	mg/dL	milligram per deciliter	Result unit	8840	mg/dL	milligram per deciliter	
OBS_CLIN	OBSCLIN RESULT UNIT	mg/g	milligram per gram	Result unit	8723	mg/g	milligram per gram	
OBS_CLIN	OBSCLIN RESULT UNIT	mg/g{creat}	milligram per gram of creatinine	Result unit	9017	mg/g{creat}	milligram per gram of creatinine	
OBS_CLIN	OBSCLIN RESULT UNIT	mg/mg	milligram per milligram	Result unit	9565	mg/mg	milligram per milligram	
OBS_CLIN	OBSCLIN RESULT UNIT	mg/mg{creat}	milligram per milligram of creatinine	Result unit	9074	mg/mg{creat}	milligram per milligram of creatinine	
OBS_CLIN	OBSCLIN RESULT UNIT	mg/mmol{creat}	milligram per millimole of creatinine	Result unit	9075	mg/mmol{creat}	mg/mmole cr	
OBS_CLIN	OBSCLIN RESULT UNIT	mg/min	milligram per minute	Result unit	44777611	mg/min	mg/min	
OBS_CLIN	OBSCLIN RESULT UNIT	mL	milliliter	Result unit	8587	mL	milliliter	
OBS_CLIN	OBSCLIN RESULT UNIT	mL/(24.h)	milliliter per 24 hour	Result unit	8930	mL/(24.h)	milliliter per 24 hours	
OBS_CLIN	OBSCLIN RESULT UNIT	mL/min/{1.73_m2}	milliliter per minute per 1.73 square meter	Result unit	9117	mL/min/{1.73_m2}	milliliter per minute per 1.73 square meter	
OBS_CLIN	OBSCLIN RESULT UNIT	mL/s	milliliter per second	Result unit	44777614	mL/s	milliliter per second	
OBS_CLIN	OBSCLIN RESULT UNIT	mL/m2	milliliter per square meter	Result unit	32739	ml/m2	milliliter per square meter	
OBS_CLIN	OBSCLIN RESULT UNIT	mm	millimeter	Result unit	8588	mm	millimeter	
OBS_CLIN	OBSCLIN RESULT UNIT	mmol	millimole	Result unit	9573	mmol	mmol	
OBS_CLIN	OBSCLIN RESULT UNIT	mmol/(24.h)	millimole per 24 hour	Result unit	8910	mmol/(24.h)	millimole per 24 hours	
OBS_CLIN	OBSCLIN RESULT UNIT	mmol/dL	millimole per deciliter	Result unit	9575	mmol/dL	mmol/dL	
OBS_CLIN	OBSCLIN RESULT UNIT	mmol/g{creat}	millimole per gram of creatinine	Result unit	9018	mmol/g{creat}	mmol/g cr	
OBS_CLIN	OBSCLIN RESULT UNIT	mmol/kg	millimole per kilogram	Result unit	9577	mmol/kg	mmol/kg	
OBS_CLIN	OBSCLIN RESULT UNIT	mmol/mol{creat}	millimole per mole of creatinine	Result unit	9019	mmol/mol{creat}	millimole per mole of creatinine	
OBS_CLIN	OBSCLIN RESULT UNIT	mmol/{specimen}	millimole per specimen	Result unit	44777615	mmol/{specimen}	mmol/specimen	
OBS_CLIN	OBSCLIN RESULT UNIT	10*6	million	Result unit	8549	10*6	million	
OBS_CLIN	OBSCLIN RESULT UNIT	10*6/uL	million per microliter	Result unit	8815	10*6/uL	million per microliter	
OBS_CLIN	OBSCLIN RESULT UNIT	10*6/mL	million per milliliter	Result unit	8816	10*6/mL	million per milliliter	
OBS_CLIN	OBSCLIN RESULT UNIT	mosm	milliosmole	Result unit	8605	mosm	milliosmole	
OBS_CLIN	OBSCLIN RESULT UNIT	mosm/kg	milliosmole per kilogram	Result unit	8862	mosm/kg	milliosmole per kilogram	
OBS_CLIN	OBSCLIN RESULT UNIT	mosm/L	milliosmole per liter	Result unit	9591	mosm/L	mosm/L	
OBS_CLIN	OBSCLIN RESULT UNIT	ms	millisecond	Result unit	9593	ms	millisecond	
OBS_CLIN	OBSCLIN RESULT UNIT	min	minute	Result unit	8550	min	minute	
OBS_CLIN	OBSCLIN RESULT UNIT	{M.o.M}	multiple of the median	Result unit	8494	{M.o.M}	mom	
OBS_CLIN	OBSCLIN RESULT UNIT	ng/g	nanogram per gram	Result unit	8701	ng/g	nanogram per gram	
OBS_CLIN	OBSCLIN RESULT UNIT	ng/L	nanogram per liter	Result unit	8725	ng/L	nanogram per liter	
OBS_CLIN	OBSCLIN RESULT UNIT	ng/mg	nanogram per milligram	Result unit	8818	ng/mg	nanogram per milligram	
OBS_CLIN	OBSCLIN RESULT UNIT	ng/mL/h	nanogram per milliliter per hour	Result unit	9020	ng/mL/h	nanogram per milliliter and hour	
OBS_CLIN	OBSCLIN RESULT UNIT	ng/mL	nanogram per millliiter	Result unit	8842	ng/mL	nanogram per milliliter	
OBS_CLIN	OBSCLIN RESULT UNIT	nL	nanoliter	Result unit	9606	nL	nL	
OBS_CLIN	OBSCLIN RESULT UNIT	nm	nanometer	Result unit	8577	nm	nanometer	
OBS_CLIN	OBSCLIN RESULT UNIT	nmol/dL	nanomole per deciliter	Result unit	9608	nmol/dL	nmol/dL	
OBS_CLIN	OBSCLIN RESULT UNIT	nmol/g	nanomole per gram	Result unit	9609	nmol/g	nmol/g	
OBS_CLIN	OBSCLIN RESULT UNIT	nmol/h/mg{prot}	nanomole per hour per milligram of protein	Result unit	8993	nmol/h/mg{prot}	nmol/h/mg | nanomole per hour and milligram	
OBS_CLIN	OBSCLIN RESULT UNIT	nmol/L	nanomole per liter	Result unit	8736	nmol/L	nanomole per liter	
OBS_CLIN	OBSCLIN RESULT UNIT	nmol/mg	nanomole per milligram	Result unit	9611	nmol/mg	nmol/mg	
OBS_CLIN	OBSCLIN RESULT UNIT	nmol/mL/h	nanomole per milliliter per hour	Result unit	44777631	nmol/mL/h	nmol/ml/hr	
OBS_CLIN	OBSCLIN RESULT UNIT	nmol/mL/min	nanomole per milliliter per minute	Result unit	44777635	nmol/mL/min	nanomole per minute and milliliter	
OBS_CLIN	OBSCLIN RESULT UNIT	nmol/mmol	nanomole per millimole	Result unit	9612	nmol/mmol	nmol/mmol	
OBS_CLIN	OBSCLIN RESULT UNIT	N	Newton	Result unit	9599	N	newton	
OBS_CLIN	OBSCLIN RESULT UNIT	{#}/[HPF]	number per high power field	Result unit	8786	{#}/[HPF]	per high power field	
OBS_CLIN	OBSCLIN RESULT UNIT	{#}/L	number per liter	Result unit	9254	{#}/L	per liter	
OBS_CLIN	OBSCLIN RESULT UNIT	{#}/min	number per minute	Result unit	8483	{#}/min	number per minute	
OBS_CLIN	OBSCLIN RESULT UNIT	Ohm	Ohm	Result unit	9618	Ohm	Ohm	
OBS_CLIN	OBSCLIN RESULT UNIT	osm/kg	osmole per kilogram	Result unit	9620	osm/kg	osm/kg	
OBS_CLIN	OBSCLIN RESULT UNIT	mmol/mol	millimole per mole	Result unit	9579	mmol/mol	millimole per mole	
OBS_CLIN	OBSCLIN RESULT UNIT	/[HPF]	per high power field	Result unit	8786	/[HPF]	/[HPF]=per high power field	
OBS_CLIN	OBSCLIN RESULT UNIT	/uL	per microliter	Result unit	8785	/uL	/cumm	
OBS_CLIN	OBSCLIN RESULT UNIT	%{blocked}	percent blocked	Result unit	9219	%{blocked}	% blocking	
OBS_CLIN	OBSCLIN RESULT UNIT	%{Hb}	percent hemoglobin	Result unit	9225	%{Hb}	% a1c ngsp	
OBS_CLIN	OBSCLIN RESULT UNIT	%{normal}	percent normal	Result unit	8648	%{normal}	% normal	
OBS_CLIN	OBSCLIN RESULT UNIT	%{baseline}	percent of baseline	Result unit	8688	%{baseline}	% baseli	
OBS_CLIN	OBSCLIN RESULT UNIT	%{total}	percent total	Result unit	8632	%{total}	% of total	
OBS_CLIN	OBSCLIN RESULT UNIT	[pH]	pH	Result unit	8482	[pH]	pH	
OBS_CLIN	OBSCLIN RESULT UNIT	pg	picogram	Result unit	8564	pg	picogram	
OBS_CLIN	OBSCLIN RESULT UNIT	pg/dL	picogram per deciliter	Result unit	8820	pg/dL	picogram per deciliter	
OBS_CLIN	OBSCLIN RESULT UNIT	pg/L	picogram per liter	Result unit	9625	pg/L	picogram per liter	
OBS_CLIN	OBSCLIN RESULT UNIT	pg/mL	picogram per milliliter	Result unit	8845	pg/mL	picogram per milliliter	
OBS_CLIN	OBSCLIN RESULT UNIT	pL	picoliter	Result unit	9628	pL	pL	
OBS_CLIN	OBSCLIN RESULT UNIT	pmol/{RBC}	picomole per red blood cell	Result unit	9148	pmol/{RBC}	pmol/rbc	
OBS_CLIN	OBSCLIN RESULT UNIT	[lb_av]	pound (US and British)	Result unit	8739	[lb_av]	pound (US)	
OBS_CLIN	OBSCLIN RESULT UNIT	{ratio}	ratio	Result unit	8523	{ratio}	ratio	
OBS_CLIN	OBSCLIN RESULT UNIT	s	second	Result unit	9639	S	siemens	
OBS_CLIN	OBSCLIN RESULT UNIT	S	Siemens	Result unit	8555	s	second	
OBS_CLIN	OBSCLIN RESULT UNIT	cm2	square centimeter	Result unit	9483	cm2	square centimeter	
OBS_CLIN	OBSCLIN RESULT UNIT	T	Tesla	Result unit	9646	T	T	
OBS_CLIN	OBSCLIN RESULT UNIT	10*3{copies}/mL	thousand copies per milliliter	Result unit	9437	10*3{copies}/mL	x 10(3) copies/ml	
OBS_CLIN	OBSCLIN RESULT UNIT	10*3/L	thousand per liter	Result unit	9435	10*3/L	thousanf per liter	
OBS_CLIN	OBSCLIN RESULT UNIT	10*3/uL	thousand per microliter	Result unit	8848	10*3/uL	thousand per microliter	
OBS_CLIN	OBSCLIN RESULT UNIT	10*3/mL	thousand per milliliter	Result unit	9436	10*3/mL	thousand per milliliter	
OBS_CLIN	OBSCLIN RESULT UNIT	10*12/L	trillion per liter	Result unit	8734	10*12/L	trillion per liter	
OBS_CLIN	OBSCLIN RESULT UNIT	V	volt	Result unit	9677	V	V	
OBS_CLIN	OBSCLIN RESULT UNIT	a	year	Result unit	8528	a	year	
OBS_CLIN	OBSCLIN RESULT UNIT	NI	No information	Result unit	44814650	NI	No information	
OBS_CLIN	OBSCLIN RESULT UNIT	UN	Unknown	Result unit	44814653	UN	Unknown	
OBS_CLIN	OBSCLIN RESULT UNIT	OT	Other	Result unit	44814649	OT	Other	
OBS_GEN	OBSGEN RESULT UNIT	[diop]	[diop]=diopter	Result unit	9291	[diop]	diopter	
OBS_GEN	OBSGEN RESULT UNIT	{breaths}/min	{breaths}/min=breaths per minute	Result unit	3197833	{breaths}/min	Breaths/minute	
OBS_GEN	OBSGEN RESULT UNIT	{activity}	activity	Result unit	8654	{activity}	ENZ ACT	
OBS_GEN	OBSGEN RESULT UNIT	A	ampere	Result unit	8543	A	ampere	
OBS_GEN	OBSGEN RESULT UNIT	[arb'U]	arbitrary unit	Result unit	9260	[arb'U]	arbitrary unit	
OBS_GEN	OBSGEN RESULT UNIT	[beth'U]	Bethesda unit	Result unit	9161	[beth'U]	Bethesda unit	
OBS_GEN	OBSGEN RESULT UNIT	10*9/uL	billion per microliter	Result unit	9446	10*9/uL	billion per microliter	
OBS_GEN	OBSGEN RESULT UNIT	{cells}	cells	Result unit	45744812	{cells}	cells	
OBS_GEN	OBSGEN RESULT UNIT	cm	centimeter	Result unit	8582	cm	centimeter	
OBS_GEN	OBSGEN RESULT UNIT	cm[H2O]	centimeter of water	Result unit	44777590	cm[H2O]	cm h2o	
OBS_GEN	OBSGEN RESULT UNIT	{clock_time}	clock time e.g 12:30PM	Result unit		{clock_time}		
OBS_GEN	OBSGEN RESULT UNIT	cm/s	cm/s=centimeter per second	Result unit	32738	cm/s	centimeter per second	
OBS_GEN	OBSGEN RESULT UNIT	{CAE'U}	complement activity enzyme unit	Result unit	8998	{CAE'U}	cae	
OBS_GEN	OBSGEN RESULT UNIT	{copies}	copies	Result unit		{copies}		
OBS_GEN	OBSGEN RESULT UNIT	{copies}/mL	copies per milliliter	Result unit	8799	{copies}/mL	copies per milliliter	
OBS_GEN	OBSGEN RESULT UNIT	d/wk	d/wk=days per week	Result unit	8621	d/wk	day per week	
OBS_GEN	OBSGEN RESULT UNIT	d	day	Result unit	8512	d	day	
OBS_GEN	OBSGEN RESULT UNIT	dg	decigram	Result unit	9485	dg	Decigram	
OBS_GEN	OBSGEN RESULT UNIT	dL	deciliter	Result unit	9486	dL	deciliter	
OBS_GEN	OBSGEN RESULT UNIT	deg	degree (plane angle)	Result unit	9484	deg	degree	
OBS_GEN	OBSGEN RESULT UNIT	Cel	degree Celsius	Result unit	8653	Cel	degree Celsius	
OBS_GEN	OBSGEN RESULT UNIT	{Ehrlich'U}/dL	Ehrlich unit per deciliter	Result unit	8829	{Ehrlich'U}/dL	Ehrlich unit per deciliter	
OBS_GEN	OBSGEN RESULT UNIT	eV	electron Volt	Result unit	9495	eV	electron volt	
OBS_GEN	OBSGEN RESULT UNIT	U/g{Hb}	enzyme unit per gram of hemoglobin	Result unit	8916	U/g{Hb}	Unit per gram of Hemoglobin	
OBS_GEN	OBSGEN RESULT UNIT	U/L	enzyme unit per liter	Result unit	8645	U/L	unit per liter	
OBS_GEN	OBSGEN RESULT UNIT	F	Farad	Result unit	8517	F	Farad	
OBS_GEN	OBSGEN RESULT UNIT	fL	femtoliter	Result unit	8583	fL	femtoliter	
OBS_GEN	OBSGEN RESULT UNIT	g/cm2	g/cm2=gram per square centimeter	Result unit	32701	g/cm2	gram per square centimeter	
OBS_GEN	OBSGEN RESULT UNIT	g/(12.h)	gram per 12 hour	Result unit	44777593	g/(12.h)	g/12 hr	
OBS_GEN	OBSGEN RESULT UNIT	g/(24.h)	gram per 24 hour	Result unit	8807	g/(24.h)	gram per 24 hours	
OBS_GEN	OBSGEN RESULT UNIT	g/dL	gram per deciliter	Result unit	8713	g/dL	gram per deciliter	
OBS_GEN	OBSGEN RESULT UNIT	g/g	gram per gram	Result unit	9510	g/g	gram per gram	
OBS_GEN	OBSGEN RESULT UNIT	g/L	gram per liter	Result unit	8636	g/L	gram per liter	
OBS_GEN	OBSGEN RESULT UNIT	[HPF]	high power field	Result unit	8673	[HPF]	[HPF]	
OBS_GEN	OBSGEN RESULT UNIT	h	hour	Result unit	8505	h	hour	
OBS_GEN	OBSGEN RESULT UNIT	[GPL'U]/mL	IgG anticardiolipin unit per milliliter**	Result unit	9685	[GPL'U]/mL	IgG Phospholipid Units Per MilliLiter [Arbitrary Concentration Units]	
OBS_GEN	OBSGEN RESULT UNIT	[GPL'U]	IgG anticardiolipin unit**	Result unit	9100	[GPL'U]	IgG phospholipid unit	
OBS_GEN	OBSGEN RESULT UNIT	[MPL'U]	IgM anticardiolipin unit**	Result unit	9101	[MPL'U]	IgM phospholipid unit	
OBS_GEN	OBSGEN RESULT UNIT	{MPS'U}	IgM antiphosphatidylserine unit	Result unit	8495	{MPS'U}	anti-phosphatidylserine IgM concentration (MPS) unit	
OBS_GEN	OBSGEN RESULT UNIT	{ISR}	immune status ratio	Result unit	8488	{ISR}	immune status ratio	
OBS_GEN	OBSGEN RESULT UNIT	[in_i]	inch (international)	Result unit	8533	[in_i]	inches	
OBS_GEN	OBSGEN RESULT UNIT	[IU]/dL	international unit per deciliter	Result unit	9332	[IU]/dL	international unit per deciliter	
OBS_GEN	OBSGEN RESULT UNIT	[IU]/g{Hb}	international unit per gram of hemoglobin	Result unit	9334	[IU]/g{Hb}	international unit per gram of hemoglobin	
OBS_GEN	OBSGEN RESULT UNIT	[IU]/L	international unit per liter	Result unit	8923	[IU]/L	international unit per liter	
OBS_GEN	OBSGEN RESULT UNIT	kcal/(24.h)	kcal/(24.h)=kilocalorie per 24 hour	Result unit	4038014	kcal/(24.h)	kcal/24h	
OBS_GEN	OBSGEN RESULT UNIT	k[IU]/L	kilo international unit per liter	Result unit	9058	k[IU]/L	kilo-international unit per liter	
OBS_GEN	OBSGEN RESULT UNIT	k[IU]/mL	kilo international unit per milliliter	Result unit	9525	k[IU]/mL	kilo-international unit per milliliter	
OBS_GEN	OBSGEN RESULT UNIT	L/min/m2	L/min/m2=liter per minute per sqaure meter	Result unit	32710	L/min/m2	liter per minute per square meter	
OBS_GEN	OBSGEN RESULT UNIT	L	liter	Result unit	8519	L	liter	
OBS_GEN	OBSGEN RESULT UNIT	L/L	liter per liter	Result unit	44777604	L/L	L/L | liter per liter	
OBS_GEN	OBSGEN RESULT UNIT	{Log_IU}/mL	log (base 10) international unit per milliliter	Result unit	9084	{Log_IU}/mL	log IUnits/mL	
OBS_GEN	OBSGEN RESULT UNIT	{Log}	log base 10	Result unit	9096	{Log}	log10	
OBS_GEN	OBSGEN RESULT UNIT	[LPF]	low power field	Result unit	8656	[LPF]	Low Power Field	
OBS_GEN	OBSGEN RESULT UNIT	Ms	megasecond	Result unit	9593	ms	millisecond	
OBS_GEN	OBSGEN RESULT UNIT	m/s	meter per second	Result unit	44777606	m/s	meter per second	
OBS_GEN	OBSGEN RESULT UNIT	t	metric ton	Result unit	9647	t	tonne	
OBS_GEN	OBSGEN RESULT UNIT	uU/L	micro enzyme unit per liter	Result unit	8750	uU/L	microunit per liter	
OBS_GEN	OBSGEN RESULT UNIT	uU/mL	micro enzyme unit per milliliter	Result unit	8860	uU/mL	microunit per milliliter	
OBS_GEN	OBSGEN RESULT UNIT	ueq/mL	microequivalent per milliliter	Result unit	9046	ueq/mL	mcg Eq/mL	
OBS_GEN	OBSGEN RESULT UNIT	ug	microgram	Result unit	9655	ug	microgram	
OBS_GEN	OBSGEN RESULT UNIT	ug/dL	microgram per deciliter	Result unit	8837	ug/dL	microgram per deciliter	
OBS_GEN	OBSGEN RESULT UNIT	ug/g{creat}	microgram per gram of creatinine	Result unit	9014	ug/g{creat}	microgram per gram of creatinine	
OBS_CLIN	OBSCLIN RESULT UNIT	A	ampere	Result unit	9448	a	y | year	
OBS_CLIN	OBSCLIN RESULT UNIT	[arb'U]	arbitrary unit	Result unit	9260	[arb'U]	arbitrary unit	
OBS_CLIN	OBSCLIN RESULT UNIT	[beth'U]	Bethesda unit	Result unit	9161	[beth'U]	Bethesda unit	
OBS_CLIN	OBSCLIN RESULT UNIT	{cells}/[HPF]	cells per high power field	Result unit	8889	{cells}/[HPF]	cells per high power field	
OBS_CLIN	OBSCLIN RESULT UNIT	{cells}/uL	cells per microliter	Result unit	8784	{cells}/uL	cells per microliter	
OBS_CLIN	OBSCLIN RESULT UNIT	cL	centiliter	Result unit	9482	cL	centiliter	
OBS_CLIN	OBSCLIN RESULT UNIT	{copies}/mL	copies per milliliter	Result unit	8799	{copies}/mL	copies per milliliter	
OBS_CLIN	OBSCLIN RESULT UNIT	dL	deciliter	Result unit	9486	dL	deciliter	
OBS_CLIN	OBSCLIN RESULT UNIT	deg	degree (plane angle)	Result unit	9484	deg	degree	
OBS_CLIN	OBSCLIN RESULT UNIT	{Ehrlich'U}/dL	Ehrlich unit per deciliter	Result unit	8829	{Ehrlich'U}/dL	Ehrlich unit per deciliter	
OBS_CLIN	OBSCLIN RESULT UNIT	eV	electron Volt	Result unit	9495	eV	electron volt	
OBS_CLIN	OBSCLIN RESULT UNIT	U	enzyme unit	Result unit	8510	U	Units	
OBS_CLIN	OBSCLIN RESULT UNIT	fL	femtoliter	Result unit	8583	fL	femtoliter	
OBS_CLIN	OBSCLIN RESULT UNIT	fmol/L	femtomole per liter	Result unit	8745	fmol/L	femtomole per liter	
OBS_CLIN	OBSCLIN RESULT UNIT	g/(24.h)	gram per 24 hour	Result unit	8807	g/(24.h)	gram per 24 hours	
OBS_CLIN	OBSCLIN RESULT UNIT	[GPL'U]	IgG anticardiolipin unit**	Result unit	9100	[GPL'U]	IgG phospholipid unit	
OBS_CLIN	OBSCLIN RESULT UNIT	[MPL'U]	IgM anticardiolipin unit**	Result unit	9101	[MPL'U]	IgM phospholipid unit	
OBS_CLIN	OBSCLIN RESULT UNIT	{INR}	international normalized ratio	Result unit		{INR}		
OBS_CLIN	OBSCLIN RESULT UNIT	[IU]/g{Hb}	international unit per gram of hemoglobin	Result unit	9334	[IU]/g{Hb}	international unit per gram of hemoglobin	
OBS_CLIN	OBSCLIN RESULT UNIT	L/min/m2	L/min/m2=liter per minute per sqaure meter	Result unit	32710	L/min/m2	liter per minute per square meter	
OBS_CLIN	OBSCLIN RESULT UNIT	L/min	liter per minute	Result unit	8698	L/min	liter per minute	
OBS_CLIN	OBSCLIN RESULT UNIT	{Log_copies}/mL	log (base 10) copies per milliliter	Result unit	8873	{Log_copies}/mL	log copies per milliliter	
OBS_CLIN	OBSCLIN RESULT UNIT	{Log}	log base 10	Result unit	9096	{Log}	log10	
OBS_CLIN	OBSCLIN RESULT UNIT	[LPF]	low power field	Result unit	8656	[LPF]	Low Power Field	
OBS_CLIN	OBSCLIN RESULT UNIT	u[IU]/mL	micro international unit per milliliter	Result unit	9093	u[IU]/mL	micro-international unit per milliliter	
OBS_CLIN	OBSCLIN RESULT UNIT	ug{FEU}/mL	microgram fibrinogen equivalent unit per milliliter	Result unit	8990	ug{FEU}/mL	Microgram per milliliter of FEU	
OBS_CLIN	OBSCLIN RESULT UNIT	ug/L	microgram per liter	Result unit	8748	ug/L	microgram per liter	
OBS_CLIN	OBSCLIN RESULT UNIT	ug/mg{creat}	microgram per milligram of creatinine	Result unit	9072	ug/mg{creat}	microgram per milligram of creatinine	
OBS_CLIN	OBSCLIN RESULT UNIT	ug/min	microgram per minute	Result unit	8774	ug/min	microgram per minute	
OBS_CLIN	OBSCLIN RESULT UNIT	umol/dL	micromole per deciliter	Result unit	8839	umol/dL	micromole per deciliter	
OBS_CLIN	OBSCLIN RESULT UNIT	umol/mol{creat}	micromole per mole of creatinine	Result unit	9675	umol/mol{creat}	micromole per mole of creatinine	
OBS_CLIN	OBSCLIN RESULT UNIT	mU/mL	milli  enzyme unit per milliliter	Result unit	8719	mU/mL	milliunit per milliliter	
OBS_CLIN	OBSCLIN RESULT UNIT	mg/d	milligram per day	Result unit	8700	mg/d	mg/d	
OBS_CLIN	OBSCLIN RESULT UNIT	mg/kg	milligram per kilogram	Result unit	9562	mg/kg	mg/kg	
OBS_CLIN	OBSCLIN RESULT UNIT	mg/L	milligram per liter	Result unit	8751	mg/L	milligram per liter	
OBS_CLIN	OBSCLIN RESULT UNIT	mg/mL	milligram per milliliter	Result unit	8861	mg/mL	milligram per milliliter	
OBS_CLIN	OBSCLIN RESULT UNIT	mg/mmol	milligram per millimole	Result unit	44777612	mg/mmol	milligram per millimole	
OBS_CLIN	OBSCLIN RESULT UNIT	mg/{specimen}	milligram per specimen	Result unit	8675	mg/{specimen}	mg/specimen	
OBS_CLIN	OBSCLIN RESULT UNIT	mL/dL	milliliter per deciliter	Result unit	9570	mL/dL	milliliter per deciliter	
OBS_CLIN	OBSCLIN RESULT UNIT	mL/min	milliliter per minute	Result unit	8795	mL/min	milliliter per minute	
OBS_CLIN	OBSCLIN RESULT UNIT	mm[Hg]	millimeter of mercury	Result unit	8876	mm[Hg]	millimeter mercury column	
OBS_CLIN	OBSCLIN RESULT UNIT	mm/h	millimeter per hour	Result unit	8752	mm/h	millimeter per hour	
OBS_CLIN	OBSCLIN RESULT UNIT	mmol/L	millimole per liter	Result unit	8753	mmol/L	millimole per liter	
OBS_CLIN	OBSCLIN RESULT UNIT	10*6/L	million per liter	Result unit	9442	10*6/L	million per liter	
OBS_CLIN	OBSCLIN RESULT UNIT	mol/L	mole per liter	Result unit	9586	mol/L	mole per liter	
OBS_CLIN	OBSCLIN RESULT UNIT	ng	nanogram	Result unit	9600	ng	ng	
OBS_CLIN	OBSCLIN RESULT UNIT	ng/dL	nanogram per deciliter	Result unit	8817	ng/dL	nanogram per deciliter	
OBS_CLIN	OBSCLIN RESULT UNIT	nmol	nanomole	Result unit	9607	nmol	nmol	
OBS_CLIN	OBSCLIN RESULT UNIT	nmol/(24.h)	nanomole per 24 hour	Result unit	44777627	nmol/(24.h)	nmol/24 hr	
OBS_CLIN	OBSCLIN RESULT UNIT	nmol/mL	nanomole per milliliter	Result unit	8843	nmol/mL	nanomole per milliliter	
OBS_CLIN	OBSCLIN RESULT UNIT	nmol/mol	nanomole per mole	Result unit	9614	nmol/mol	nmol/mol	
OBS_CLIN	OBSCLIN RESULT UNIT	nmol/mol{creat}	nmol/mol{creat}=nanomole per mole creatinine	Result unit	44777636	nmol/mol{creat}	nanomole per mole of creatinine	
OBS_CLIN	OBSCLIN RESULT UNIT	{#}	number	Result unit		{#}		
OBS_CLIN	OBSCLIN RESULT UNIT	{#}/uL	number per microliter	Result unit	8647	{#}/uL	per microliter	
OBS_CLIN	OBSCLIN RESULT UNIT	{#}/mL	number per milliliter	Result unit	9257	{#}/mL	per milliliter	
OBS_CLIN	OBSCLIN RESULT UNIT	/100	per 100	Result unit	9243	/100	per hundread	
OBS_CLIN	OBSCLIN RESULT UNIT	/100{WBCs}	per 100 white blood cells	Result unit	9032	/100{WBCs}	per 100 white blood cells	
OBS_CLIN	OBSCLIN RESULT UNIT	/dL	per deciliter	Result unit	9245	/dL	per deciliter	
OBS_CLIN	OBSCLIN RESULT UNIT	/kg	per kilogram	Result unit	9252	/kg	per kilogram	
OBS_CLIN	OBSCLIN RESULT UNIT	/[LPF]	per low power field	Result unit	8765	/[LPF]	per low powered field	
OBS_CLIN	OBSCLIN RESULT UNIT	%	percent	Result unit	8554	%	percent	
OBS_CLIN	OBSCLIN RESULT UNIT	%{binding}	percent binding	Result unit	9218	%{binding}	% binding	
OBS_CLIN	OBSCLIN RESULT UNIT	%{vol}	percent by volume	Result unit	9234	%{vol}	volume %	
OBS_CLIN	OBSCLIN RESULT UNIT	%{hemolysis}	percent hemolysis	Result unit	9226	%{hemolysis}	percent hemolysis	
OBS_CLIN	OBSCLIN RESULT UNIT	%{inhibition}	percent inhibition	Result unit	8738	%{inhibition}	percent inhibition	
OBS_CLIN	OBSCLIN RESULT UNIT	pg/mm	picogram per millimeter	Result unit	9626	pg/mm	picogram per millimeter	
OBS_CLIN	OBSCLIN RESULT UNIT	pmol/L	picomole per liter	Result unit	8729	pmol/L	picomole per liter	
OBS_CLIN	OBSCLIN RESULT UNIT	pmol/mL	picomole per milliliter	Result unit	9632	pmol/mL	picomole per milliliter	
OBS_CLIN	OBSCLIN RESULT UNIT	m2	square meter	Result unit	8617	m2	square meter	
OBS_CLIN	OBSCLIN RESULT UNIT	10*3	thousand	Result unit	8566	10*3	thousand	
OBS_CLIN	OBSCLIN RESULT UNIT	{titer}	titer	Result unit	8525	{titer}	titer	
OBS_CLIN	OBSCLIN RESULT UNIT	wk	week	Result unit	8511	wk	week	
OBS_GEN	OBSGEN RESULT UNIT	{risk}	{risk}=risk	Result unit	8509	{risk}	risk	
OBS_GEN	OBSGEN RESULT UNIT	{score}	{score}=score	Result unit	44777566	{score}	score	
OBS_GEN	OBSGEN RESULT UNIT	[arb'U]/mL	arbitrary unit per milliliter	Result unit	8980	[arb'U]/mL	arbitrary unit per milliliter	
OBS_GEN	OBSGEN RESULT UNIT	10*9/L	billion per liter	Result unit	9444	10*9/L	10*9/L	
OBS_GEN	OBSGEN RESULT UNIT	cal	calorie	Result unit	9472	cal	cal	
OBS_GEN	OBSGEN RESULT UNIT	{cells}/[HPF]	cells per high power field	Result unit	8889	{cells}/[HPF]	cells per high power field	
OBS_GEN	OBSGEN RESULT UNIT	{cells}/uL	cells per microliter	Result unit	8784	{cells}/uL	cells per microliter	
OBS_GEN	OBSGEN RESULT UNIT	cL	centiliter	Result unit	9482	cL	centiliter	
OBS_GEN	OBSGEN RESULT UNIT	cm3	cm3=cubic centimeter	Result unit	44777662	cm3	cubic centimeter	
OBS_GEN	OBSGEN RESULT UNIT	{CPM}	counts per minute	Result unit	8483	{CPM}	counts/min	
OBS_GEN	OBSGEN RESULT UNIT	[degF]	degree Fahrenheit	Result unit	9289	[degF]	degf	
OBS_GEN	OBSGEN RESULT UNIT	K	degree Kelvin	Result unit	9523	K	kelvin	
OBS_GEN	OBSGEN RESULT UNIT	{EIA'U}	EIA unit	Result unit	8556	{EIA'U}	eia units	
OBS_GEN	OBSGEN RESULT UNIT	{ELISA'U}	ELISA unit	Result unit	8600	{ELISA'U}	elisa units	
OBS_GEN	OBSGEN RESULT UNIT	U	enzyme unit	Result unit	8510	U	Units	
OBS_GEN	OBSGEN RESULT UNIT	U/dL	enzyme unit per deciliter	Result unit	44777568	U/dL	[U]/dL | unit per deciliter	
OBS_GEN	OBSGEN RESULT UNIT	U/mL	enzyme unit per milliliter	Result unit	8763	U/mL	unit per milliliter	
OBS_GEN	OBSGEN RESULT UNIT	fmol/L	femtomole per liter	Result unit	8745	fmol/L	femtomole per liter	
OBS_GEN	OBSGEN RESULT UNIT	g	gram	Result unit	8504	g	gram	
OBS_GEN	OBSGEN RESULT UNIT	g/mL	gram per milliliter	Result unit	9514	g/mL	gram per milliliter	
OBS_GEN	OBSGEN RESULT UNIT	{beats}/min	heart beats per minute	Result unit	8541	{beats}/min	beats per minute	
OBS_GEN	OBSGEN RESULT UNIT	H	Henry	Result unit	8518	H	Henry	
OBS_GEN	OBSGEN RESULT UNIT	[APL'U]/mL	IgA anticardiolipin unit per milliliter**	Result unit	9684	[APL'U]/mL	IgA Phospholipid Units Per MilliLiter [Arbitrary Concentration Units]	
OBS_GEN	OBSGEN RESULT UNIT	[APL'U]	IgA anticardiolipin unit**	Result unit	9099	[APL'U]	IgA phospholipid unit	
OBS_GEN	OBSGEN RESULT UNIT	{APS'U}	IgA antiphosphatidylserine unit 	Result unit	8542	{APS'U}	anti-phosphatidylserine IgA concentration (APS) unit	
OBS_GEN	OBSGEN RESULT UNIT	[MPL'U]/mL	IgM anticardiolipin unit per milliliter**	Result unit	9686	[MPL'U]/mL	IgM Phospholipid Units Per MilliLiter [Arbitrary Concentration Units]	
OBS_GEN	OBSGEN RESULT UNIT	{index_val}	index value	Result unit	8779	{index_val}	index	
OBS_GEN	OBSGEN RESULT UNIT	{INR}	international normalized ratio	Result unit		{INR}		
OBS_GEN	OBSGEN RESULT UNIT	[IU]	international unit	Result unit	8718	[IU]	international unit	
OBS_GEN	OBSGEN RESULT UNIT	[IU]/mL	international unit per milliliter	Result unit	8985	[IU]/mL	international unit per milliliter	
OBS_GEN	OBSGEN RESULT UNIT	kg	kilogram	Result unit	9529	kg	kilogram	
OBS_GEN	OBSGEN RESULT UNIT	L/min	liter per minute	Result unit	8698	L/min	liter per minute	
OBS_GEN	OBSGEN RESULT UNIT	{Log_copies}/mL	log (base 10) copies per milliliter	Result unit	8873	{Log_copies}/mL	log copies per milliliter	
OBS_GEN	OBSGEN RESULT UNIT	u[IU]/mL	micro international unit per milliliter	Result unit	9093	u[IU]/mL	micro-international unit per milliliter	
OBS_GEN	OBSGEN RESULT UNIT	ueq/L	microequivalent per liter	Result unit	8875	ueq/L	mceq/l	
OBS_GEN	OBSGEN RESULT UNIT	ug{FEU}/mL	microgram fibrinogen equivalent unit per milliliter	Result unit	8990	ug{FEU}/mL	Microgram per milliliter of FEU	
OBS_GEN	OBSGEN RESULT UNIT	ug/(24.h)	microgram per 24 hour	Result unit	8906	ug/(24.h)	microgram per 24 hours	
OBS_CLIN	OBSCLIN RESULT UNIT	[APL'U]	IgA anticardiolipin unit**	Result unit	9099	[APL'U]	IgA phospholipid unit	
OBS_CLIN	OBSCLIN RESULT UNIT	[IU]/mL	international unit per milliliter	Result unit	8985	[IU]/mL	international unit per milliliter	
OBS_CLIN	OBSCLIN RESULT UNIT	k[IU]/mL	kilo international unit per milliliter	Result unit	9525	k[IU]/mL	kilo-international unit per milliliter	
OBS_CLIN	OBSCLIN RESULT UNIT	ug/{specimen}	microgram per specimen	Result unit	9657	ug/{specimen}	ug/{spec}	
OBS_CLIN	OBSCLIN RESULT UNIT	umol	micromole	Result unit	9667	umol	umol	
OBS_CLIN	OBSCLIN RESULT UNIT	umol/mL	micromole per milliliter	Result unit	9673	umol/mL	umol/mL	
OBS_CLIN	OBSCLIN RESULT UNIT	/[IU]/mL	per international unit per milliliter	Result unit	8985	/[IU]/mL	international unit per milliliter	
OBS_GEN	OBSGEN RESULT UNIT	U/(24.h)	enzyme unit per 24 hour	Result unit	44777567	U/(24.h)	units/24 hr	
OBS_GEN	OBSGEN RESULT UNIT	ug/g	microgram per gram	Result unit	8720	ug/g	microgram per gram	
LAB_HISTORY	SEX	A	A=Ambiguous	Gender	44814664	A	Ambiguous	NULL
LAB_HISTORY	SEX	F	F=Female	Gender	8532	F	Female	NULL
LAB_HISTORY	SEX	M	M=Male	Gender	8507	M	Male	NULL
OBS_GEN	OBSGEN RESULT UNIT	ug/g{Hb}	microgram per gram of hemoglobin	Result unit	9661	ug/g{Hb}	mcg/g hgb	
OBS_GEN	OBSGEN RESULT UNIT	ug/L	microgram per liter	Result unit	8748	ug/L	microgram per liter	
OBS_GEN	OBSGEN RESULT UNIT	ug/mg	microgram per milligram	Result unit	8838	ug/mg	microgram per milligram	
OBS_GEN	OBSGEN RESULT UNIT	ug/mg{creat}	microgram per milligram of creatinine	Result unit	9072	ug/mg{creat}	microgram per milligram of creatinine	
OBS_GEN	OBSGEN RESULT UNIT	ug/mL	microgram per milliliter	Result unit	8859	ug/mL	microgram per milliliter	
OBS_GEN	OBSGEN RESULT UNIT	ug/min	microgram per minute	Result unit	8774	ug/min	microgram per minute	
OBS_GEN	OBSGEN RESULT UNIT	ug/{specimen}	microgram per specimen	Result unit	9657	ug/{specimen}	ug/{spec}	
OBS_GEN	OBSGEN RESULT UNIT	u[IU]/L	microinternational unit per liter	Result unit	44777583	u[IU]/L	10*-6.[iU]/L | micro-international unit per liter	
OBS_GEN	OBSGEN RESULT UNIT	uL	microliter	Result unit	9665	uL	microliter	
OBS_GEN	OBSGEN RESULT UNIT	um	micrometer	Result unit	9666	um	micrometer	
OBS_GEN	OBSGEN RESULT UNIT	umol	micromole	Result unit	9667	umol	umol	
OBS_GEN	OBSGEN RESULT UNIT	umol/(24.h)	micromole per 24 hour	Result unit	8907	umol/(24.h)	micromole per 24 hours	
OBS_GEN	OBSGEN RESULT UNIT	umol/dL	micromole per deciliter	Result unit	8839	umol/dL	micromole per deciliter	
OBS_GEN	OBSGEN RESULT UNIT	umol/g	micromole per gram	Result unit	9668	umol/g	umol/g	
OBS_GEN	OBSGEN RESULT UNIT	umol/g{creat}	micromole per gram of creatinine	Result unit	9015	umol/g{creat}	micromole per gram of creatinine	
OBS_GEN	OBSGEN RESULT UNIT	umol/g{Hb}	micromole per gram of hemoglobin	Result unit	9669	umol/g{Hb}	umol/g{HBG}	
OBS_GEN	OBSGEN RESULT UNIT	umol/L	micromole per liter	Result unit	8749	umol/L	micromole per liter	
OBS_GEN	OBSGEN RESULT UNIT	umol/mL	micromole per milliliter	Result unit	9673	umol/mL	umol/mL	
OBS_GEN	OBSGEN RESULT UNIT	umol/mmol	micromole per millimole	Result unit	44777656	umol/mmol	mcmol/mmol	
OBS_GEN	OBSGEN RESULT UNIT	umol/mmol{creat}	micromole per millimole of creatinine	Result unit	9073	umol/mmol{creat}	mcmol/mmol cr	
OBS_GEN	OBSGEN RESULT UNIT	umol/mol{creat}	micromole per mole of creatinine	Result unit	9675	umol/mol{creat}	micromole per mole of creatinine	
OBS_GEN	OBSGEN RESULT UNIT	um/s	microns per second	Result unit		um/s		
OBS_GEN	OBSGEN RESULT UNIT	us	microsecond	Result unit	9676	us	us	
OBS_GEN	OBSGEN RESULT UNIT	mU/mL	milli  enzyme unit per milliliter	Result unit	8719	mU/mL	milliunit per milliliter	
OBS_GEN	OBSGEN RESULT UNIT	m[IU]/mL	milli  international unit per milliliter	Result unit	9550	m[IU]/mL	milli-international unit per milliliter	
OBS_GEN	OBSGEN RESULT UNIT	mU/L	milli enzyme unit per liter	Result unit		mU/L		
OBS_GEN	OBSGEN RESULT UNIT	m[IU]/L	milli international unit per liter	Result unit	9040	m[IU]/L	milli-international unit per liter	
OBS_GEN	OBSGEN RESULT UNIT	meq	milliequivalent	Result unit	9551	meq	milliequivalent	
OBS_GEN	OBSGEN RESULT UNIT	meq/(24.h)	milliequivalent per 24 hour	Result unit	44777582	meq/(24.h)	10*-3.eq/(24.h) | milliequivalent per 24 hours	
OBS_GEN	OBSGEN RESULT UNIT	meq/kg	milliequivalent per kilogram	Result unit	9556	meq/kg	meq/kg	
OBS_GEN	OBSGEN RESULT UNIT	meq/L	milliequivalent per liter	Result unit	9557	meq/L	milliequivalent per liter	
OBS_GEN	OBSGEN RESULT UNIT	mg	milligram	Result unit	8576	mg	milligram	
OBS_GEN	OBSGEN RESULT UNIT	mg/(12.h)	milligram per 12 hour	Result unit	8908	mg/(12.h)	mg/12 hr	
OBS_GEN	OBSGEN RESULT UNIT	mg/(24.h)	milligram per 24 hour	Result unit	8909	mg/(24.h)	milligram per 24 hours	
OBS_GEN	OBSGEN RESULT UNIT	mg/d	milligram per day	Result unit	8700	mg/d	mg/d	
OBS_GEN	OBSGEN RESULT UNIT	mg/dL	milligram per deciliter	Result unit	8840	mg/dL	milligram per deciliter	
OBS_GEN	OBSGEN RESULT UNIT	mg/g	milligram per gram	Result unit	8723	mg/g	milligram per gram	
OBS_GEN	OBSGEN RESULT UNIT	mg/g{creat}	milligram per gram of creatinine	Result unit	9017	mg/g{creat}	milligram per gram of creatinine	
OBS_GEN	OBSGEN RESULT UNIT	mg/kg	milligram per kilogram	Result unit	9562	mg/kg	mg/kg	
OBS_GEN	OBSGEN RESULT UNIT	mg/L	milligram per liter	Result unit	8751	mg/L	milligram per liter	
OBS_GEN	OBSGEN RESULT UNIT	mg/mg	milligram per milligram	Result unit	9565	mg/mg	milligram per milligram	
OBS_GEN	OBSGEN RESULT UNIT	mg/mg{creat}	milligram per milligram of creatinine	Result unit	9074	mg/mg{creat}	milligram per milligram of creatinine	
OBS_GEN	OBSGEN RESULT UNIT	mg/mL	milligram per milliliter	Result unit	8861	mg/mL	milligram per milliliter	
OBS_GEN	OBSGEN RESULT UNIT	mg/mmol	milligram per millimole	Result unit	44777612	mg/mmol	milligram per millimole	
OBS_GEN	OBSGEN RESULT UNIT	mg/mmol{creat}	milligram per millimole of creatinine	Result unit	9075	mg/mmol{creat}	mg/mmole cr	
OBS_GEN	OBSGEN RESULT UNIT	mg/min	milligram per minute	Result unit	44777611	mg/min	mg/min	
OBS_GEN	OBSGEN RESULT UNIT	mg/{specimen}	milligram per specimen	Result unit	8675	mg/{specimen}	mg/specimen	
OBS_GEN	OBSGEN RESULT UNIT	mL	milliliter	Result unit	8587	mL	milliliter	
OBS_GEN	OBSGEN RESULT UNIT	mL/(24.h)	milliliter per 24 hour	Result unit	8930	mL/(24.h)	milliliter per 24 hours	
OBS_GEN	OBSGEN RESULT UNIT	mL/dL	milliliter per deciliter	Result unit	9570	mL/dL	milliliter per deciliter	
OBS_GEN	OBSGEN RESULT UNIT	mL/min	milliliter per minute	Result unit	8795	mL/min	milliliter per minute	
OBS_GEN	OBSGEN RESULT UNIT	mL/min/{1.73_m2}	milliliter per minute per 1.73 square meter	Result unit	9117	mL/min/{1.73_m2}	milliliter per minute per 1.73 square meter	
OBS_GEN	OBSGEN RESULT UNIT	mL/s	milliliter per second	Result unit	44777614	mL/s	milliliter per second	
OBS_GEN	OBSGEN RESULT UNIT	mL/m2	milliliter per square meter	Result unit	32739	ml/m2	milliliter per square meter	
OBS_GEN	OBSGEN RESULT UNIT	mm	millimeter	Result unit	8588	mm	millimeter	
OBS_GEN	OBSGEN RESULT UNIT	mm[Hg]	millimeter of mercury	Result unit	8876	mm[Hg]	millimeter mercury column	
OBS_GEN	OBSGEN RESULT UNIT	mm/h	millimeter per hour	Result unit	8752	mm/h	millimeter per hour	
OBS_GEN	OBSGEN RESULT UNIT	mmol	millimole	Result unit	9573	mmol	mmol	
OBS_GEN	OBSGEN RESULT UNIT	mmol/(24.h)	millimole per 24 hour	Result unit	8910	mmol/(24.h)	millimole per 24 hours	
OBS_GEN	OBSGEN RESULT UNIT	mmol/dL	millimole per deciliter	Result unit	9575	mmol/dL	mmol/dL	
OBS_GEN	OBSGEN RESULT UNIT	mmol/g{creat}	millimole per gram of creatinine	Result unit	9018	mmol/g{creat}	mmol/g cr	
OBS_GEN	OBSGEN RESULT UNIT	mmol/kg	millimole per kilogram	Result unit	9577	mmol/kg	mmol/kg	
OBS_GEN	OBSGEN RESULT UNIT	mmol/L	millimole per liter	Result unit	8753	mmol/L	millimole per liter	
OBS_GEN	OBSGEN RESULT UNIT	mmol/mol	millimole per mole	Result unit	9579	mmol/mol	millimole per mole	
OBS_GEN	OBSGEN RESULT UNIT	mmol/mol{creat}	millimole per mole of creatinine	Result unit	9019	mmol/mol{creat}	millimole per mole of creatinine	
OBS_GEN	OBSGEN RESULT UNIT	mmol/{specimen}	millimole per specimen	Result unit	44777615	mmol/{specimen}	mmol/specimen	
OBS_GEN	OBSGEN RESULT UNIT	10*6	million	Result unit	8549	10*6	million	
OBS_GEN	OBSGEN RESULT UNIT	10*6/L	million per liter	Result unit	9442	10*6/L	million per liter	
OBS_GEN	OBSGEN RESULT UNIT	10*6/uL	million per microliter	Result unit	8815	10*6/uL	million per microliter	
OBS_GEN	OBSGEN RESULT UNIT	10*6/mL	million per milliliter	Result unit	8816	10*6/mL	million per milliliter	
OBS_GEN	OBSGEN RESULT UNIT	mosm	milliosmole	Result unit	8605	mosm	milliosmole	
OBS_GEN	OBSGEN RESULT UNIT	mosm/kg	milliosmole per kilogram	Result unit	8862	mosm/kg	milliosmole per kilogram	
OBS_GEN	OBSGEN RESULT UNIT	mosm/L	milliosmole per liter	Result unit	9591	mosm/L	mosm/L	
OBS_GEN	OBSGEN RESULT UNIT	ms	millisecond	Result unit	9593	ms	millisecond	
OBS_GEN	OBSGEN RESULT UNIT	min	minute	Result unit	8550	min	minute	
OBS_GEN	OBSGEN RESULT UNIT	mol/L	mole per liter	Result unit	9586	mol/L	mole per liter	
OBS_GEN	OBSGEN RESULT UNIT	{M.o.M}	multiple of the median	Result unit	8494	{M.o.M}	mom	
OBS_GEN	OBSGEN RESULT UNIT	ng	nanogram	Result unit	9600	ng	ng	
OBS_GEN	OBSGEN RESULT UNIT	ng/dL	nanogram per deciliter	Result unit	8817	ng/dL	nanogram per deciliter	
OBS_GEN	OBSGEN RESULT UNIT	ng/g	nanogram per gram	Result unit	8701	ng/g	nanogram per gram	
OBS_GEN	OBSGEN RESULT UNIT	ng/L	nanogram per liter	Result unit	8725	ng/L	nanogram per liter	
OBS_GEN	OBSGEN RESULT UNIT	ng/mg	nanogram per milligram	Result unit	8818	ng/mg	nanogram per milligram	
OBS_GEN	OBSGEN RESULT UNIT	ng/mL/h	nanogram per milliliter per hour	Result unit	9020	ng/mL/h	nanogram per milliliter and hour	
OBS_GEN	OBSGEN RESULT UNIT	ng/mL	nanogram per millliiter	Result unit	8842	ng/mL	nanogram per milliliter	
OBS_GEN	OBSGEN RESULT UNIT	nL	nanoliter	Result unit	9606	nL	nL	
OBS_GEN	OBSGEN RESULT UNIT	nm	nanometer	Result unit	8577	nm	nanometer	
OBS_GEN	OBSGEN RESULT UNIT	nmol/(24.h)	nanomole per 24 hour	Result unit	44777627	nmol/(24.h)	nmol/24 hr	
OBS_GEN	OBSGEN RESULT UNIT	nmol/dL	nanomole per deciliter	Result unit	9608	nmol/dL	nmol/dL	
OBS_GEN	OBSGEN RESULT UNIT	nmol/g	nanomole per gram	Result unit	9609	nmol/g	nmol/g	
OBS_GEN	OBSGEN RESULT UNIT	nmol/h/mg{prot}	nanomole per hour per milligram of protein	Result unit	8993	nmol/h/mg{prot}	nmol/h/mg | nanomole per hour and milligram	
OBS_GEN	OBSGEN RESULT UNIT	nmol/L	nanomole per liter	Result unit	8736	nmol/L	nanomole per liter	
OBS_GEN	OBSGEN RESULT UNIT	nmol/mg	nanomole per milligram	Result unit	9611	nmol/mg	nmol/mg	
OBS_GEN	OBSGEN RESULT UNIT	nmol/mL	nanomole per milliliter	Result unit	8843	nmol/mL	nanomole per milliliter	
OBS_GEN	OBSGEN RESULT UNIT	nmol/mL/h	nanomole per milliliter per hour	Result unit	44777631	nmol/mL/h	nmol/ml/hr	
OBS_GEN	OBSGEN RESULT UNIT	nmol/mL/min	nanomole per milliliter per minute	Result unit	44777635	nmol/mL/min	nanomole per minute and milliliter	
OBS_GEN	OBSGEN RESULT UNIT	nmol/mmol	nanomole per millimole	Result unit	9612	nmol/mmol	nmol/mmol	
OBS_GEN	OBSGEN RESULT UNIT	nmol/mol	nanomole per mole	Result unit	9614	nmol/mol	nmol/mol	
OBS_GEN	OBSGEN RESULT UNIT	N	Newton	Result unit	9599	N	newton	
OBS_GEN	OBSGEN RESULT UNIT	nmol/mol{creat}	nmol/mol{creat}=nanomole per mole creatinine	Result unit	44777636	nmol/mol{creat}	nanomole per mole of creatinine	
OBS_GEN	OBSGEN RESULT UNIT	{#}	number	Result unit		{#}		
OBS_GEN	OBSGEN RESULT UNIT	{#}/[HPF]	number per high power field	Result unit	8786	{#}/[HPF]	per high power field	
OBS_GEN	OBSGEN RESULT UNIT	{#}/L	number per liter	Result unit	9254	{#}/L	per liter	
OBS_GEN	OBSGEN RESULT UNIT	{#}/uL	number per microliter	Result unit	8647	{#}/uL	per microliter	
OBS_GEN	OBSGEN RESULT UNIT	{#}/mL	number per milliliter	Result unit	9257	{#}/mL	per milliliter	
OBS_GEN	OBSGEN RESULT UNIT	{#}/min	number per minute	Result unit	8483	{#}/min	number per minute	
OBS_GEN	OBSGEN RESULT UNIT	Ohm	Ohm	Result unit	9618	Ohm	Ohm	
OBS_GEN	OBSGEN RESULT UNIT	osm/kg	osmole per kilogram	Result unit	9620	osm/kg	osm/kg	
OBS_GEN	OBSGEN RESULT UNIT	nmol	nanomole	Result unit	9607	nmol	nmol	
OBS_GEN	OBSGEN RESULT UNIT	/100	per 100	Result unit	9243	/100	per hundread	
OBS_GEN	OBSGEN RESULT UNIT	/100{WBCs}	per 100 white blood cells	Result unit	9032	/100{WBCs}	per 100 white blood cells	
OBS_GEN	OBSGEN RESULT UNIT	/dL	per deciliter	Result unit	9245	/dL	per deciliter	
OBS_GEN	OBSGEN RESULT UNIT	/[HPF]	per high power field	Result unit	8786	/[HPF]	/[HPF]=per high power field	
OBS_GEN	OBSGEN RESULT UNIT	/[IU]/mL	per international unit per milliliter	Result unit	8985	/[IU]/mL	international unit per milliliter	
OBS_GEN	OBSGEN RESULT UNIT	/kg	per kilogram	Result unit	9252	/kg	per kilogram	
OBS_GEN	OBSGEN RESULT UNIT	/[LPF]	per low power field	Result unit	8765	/[LPF]	per low powered field	
OBS_GEN	OBSGEN RESULT UNIT	%	percent	Result unit	8554	%	percent	
OBS_GEN	OBSGEN RESULT UNIT	%{binding}	percent binding	Result unit	9218	%{binding}	% binding	
OBS_GEN	OBSGEN RESULT UNIT	%{blocked}	percent blocked	Result unit	9219	%{blocked}	% blocking	
OBS_GEN	OBSGEN RESULT UNIT	%{vol}	percent by volume	Result unit	9234	%{vol}	volume %	
OBS_GEN	OBSGEN RESULT UNIT	%{Hb}	percent hemoglobin	Result unit	9225	%{Hb}	% a1c ngsp	
OBS_GEN	OBSGEN RESULT UNIT	%{hemolysis}	percent hemolysis	Result unit	9226	%{hemolysis}	percent hemolysis	
OBS_GEN	OBSGEN RESULT UNIT	%{inhibition}	percent inhibition	Result unit	8738	%{inhibition}	percent inhibition	
OBS_GEN	OBSGEN RESULT UNIT	%{normal}	percent normal	Result unit	8648	%{normal}	% normal	
OBS_GEN	OBSGEN RESULT UNIT	%{baseline}	percent of baseline	Result unit	8688	%{baseline}	% baseli	
OBS_GEN	OBSGEN RESULT UNIT	%{total}	percent total	Result unit	8632	%{total}	% of total	
OBS_GEN	OBSGEN RESULT UNIT	[pH]	pH	Result unit	8482	[pH]	pH	
OBS_GEN	OBSGEN RESULT UNIT	pg	picogram	Result unit	8564	pg	picogram	
OBS_GEN	OBSGEN RESULT UNIT	pg/dL	picogram per deciliter	Result unit	8820	pg/dL	picogram per deciliter	
OBS_GEN	OBSGEN RESULT UNIT	pg/L	picogram per liter	Result unit	9625	pg/L	picogram per liter	
OBS_GEN	OBSGEN RESULT UNIT	pg/mL	picogram per milliliter	Result unit	8845	pg/mL	picogram per milliliter	
OBS_GEN	OBSGEN RESULT UNIT	pg/mm	picogram per millimeter	Result unit	9626	pg/mm	picogram per millimeter	
OBS_GEN	OBSGEN RESULT UNIT	pL	picoliter	Result unit	9628	pL	pL	
OBS_GEN	OBSGEN RESULT UNIT	pmol/L	picomole per liter	Result unit	8729	pmol/L	picomole per liter	
OBS_GEN	OBSGEN RESULT UNIT	pmol/mL	picomole per milliliter	Result unit	9632	pmol/mL	picomole per milliliter	
OBS_GEN	OBSGEN RESULT UNIT	pmol/{RBC}	picomole per red blood cell	Result unit	9148	pmol/{RBC}	pmol/rbc	
OBS_GEN	OBSGEN RESULT UNIT	[lb_av]	pound (US and British)	Result unit	8739	[lb_av]	pound (US)	
OBS_GEN	OBSGEN RESULT UNIT	{ratio}	ratio	Result unit	8523	{ratio}	ratio	
OBS_GEN	OBSGEN RESULT UNIT	s	second	Result unit	9639	S	siemens	
OBS_GEN	OBSGEN RESULT UNIT	S	Siemens	Result unit	9639	S	siemens	
OBS_GEN	OBSGEN RESULT UNIT	cm2	square centimeter	Result unit	9483	cm2	square centimeter	
OBS_GEN	OBSGEN RESULT UNIT	m2	square meter	Result unit	8617	m2	square meter	
OBS_GEN	OBSGEN RESULT UNIT	T	Tesla	Result unit	9647	t	tonne	
OBS_GEN	OBSGEN RESULT UNIT	10*3{copies}/mL	thousand copies per milliliter	Result unit	9437	10*3{copies}/mL	x 10(3) copies/ml	
OBS_GEN	OBSGEN RESULT UNIT	10*3/L	thousand per liter	Result unit	9435	10*3/L	thousanf per liter	
OBS_GEN	OBSGEN RESULT UNIT	10*3/uL	thousand per microliter	Result unit	8848	10*3/uL	thousand per microliter	
OBS_GEN	OBSGEN RESULT UNIT	10*3/mL	thousand per milliliter	Result unit	9436	10*3/mL	thousand per milliliter	
OBS_GEN	OBSGEN RESULT UNIT	{titer}	titer	Result unit	8525	{titer}	titer	
OBS_GEN	OBSGEN RESULT UNIT	10*12/L	trillion per liter	Result unit	8734	10*12/L	trillion per liter	
OBS_GEN	OBSGEN RESULT UNIT	V	volt	Result unit	9677	V	V	
OBS_GEN	OBSGEN RESULT UNIT	wk	week	Result unit	8511	wk	week	
OBS_GEN	OBSGEN RESULT UNIT	a	year	Result unit	8528	a	year	
OBS_GEN	OBSGEN RESULT UNIT	NI	No information	Result unit	44814650	NI	No information	
OBS_GEN	OBSGEN RESULT UNIT	UN	Unknown	Result unit	44814653	UN	Unknown	
OBS_GEN	OBSGEN RESULT UNIT	OT	Other	Result unit	44814649	OT	Other	
OBS_GEN	OBSGEN RESULT UNIT	/uL	per microliter	Result unit	8785	/uL	/cumm	
OBS_GEN	OBSGEN RESULT UNIT	10*3	thousand	Result unit	8566	10*3	thousand	
IMMUNIZATION	VX DOSE UNIT	cm	centimeter	Dose unit	8582	cm	centimeter	
IMMUNIZATION	VX DOSE UNIT	g	gram	Dose unit	8504	g	gram	
IMMUNIZATION	VX DOSE UNIT	g/h	gram per hour	Dose unit	44777594	g/h	gram per hour	
IMMUNIZATION	VX DOSE UNIT	g/kg	gram per kilogram	Dose unit	9512	g/kg	gram per kilogram	
IMMUNIZATION	VX DOSE UNIT	g/m2	gram per square meter	Dose unit	9513	g/m2	gram per square meter	
IMMUNIZATION	VX DOSE UNIT	[IU]/h	international unit per hour	Dose unit	9687	[IU]/h	international unit per hour	
IMMUNIZATION	VX DOSE UNIT	[IU]/kg	international unit per kilogram	Dose unit	9335	[IU]/kg	international unit per kilogram	
IMMUNIZATION	VX DOSE UNIT	[IU]/kg/h	international unit per kilogram per hour	Dose unit		[IU]/kg/h		
IMMUNIZATION	VX DOSE UNIT	[IU]/mL	international unit per milliliter	Dose unit	8985	[IU]/mL	international unit per milliliter	
IMMUNIZATION	VX DOSE UNIT	[IU]/min	international unit per minute	Dose unit		[IU]/min		
IMMUNIZATION	VX DOSE UNIT	ug	microgram	Dose unit	9655	ug	microgram	
IMMUNIZATION	VX DOSE UNIT	ug/d	microgram per day	Dose unit	8906	ug/d	microgram per 24 hours	
IMMUNIZATION	VX DOSE UNIT	ug/h	microgram per hour	Dose unit	44777645	ug/h	microgram per hour	
IMMUNIZATION	VX DOSE UNIT	ug/kg	microgram per kilogram	Dose unit	9662	ug/kg	microgram per kilogram	
IMMUNIZATION	VX DOSE UNIT	ug/kg/min	microgram per kilogram per minute	Dose unit		ug/kg/min		
IMMUNIZATION	VX DOSE UNIT	ug/min	microgram per minute	Dose unit	8774	ug/min	microgram per minute	
IMMUNIZATION	VX DOSE UNIT	ug/m2	microgram per square meter	Dose unit	9663	ug/m2	microgram per square meter	
IMMUNIZATION	VX DOSE UNIT	meq	milliequivalent	Dose unit	9551	meq	milliequivalent	
IMMUNIZATION	VX DOSE UNIT	meq/kg/h	milliequivalent per kilogram per hour	Dose unit		meq/kg/h		
IMMUNIZATION	VX DOSE UNIT	mg	milligram	Dose unit	8576	mg	milligram	
IMMUNIZATION	VX DOSE UNIT	mg/h	milligram per hour	Dose unit	44777610	mg/h	milligram per hour	
IMMUNIZATION	VX DOSE UNIT	mg/kg	milligram per kilogram	Dose unit	9562	mg/kg	milligram per kilogram	
IMMUNIZATION	VX DOSE UNIT	mg/kg/d	milligram per kilogram per day	Dose unit		mg/kg/d		
IMMUNIZATION	VX DOSE UNIT	mg/kg/h	milligram per kilogram per hour	Dose unit	9691	mg/kg/h	milligram per kilogram per hour	
IMMUNIZATION	VX DOSE UNIT	mg/kg/min	milligram per kilogram per minute	Dose unit	9692	mg/kg/min	milligram per kilogram per minute	
IMMUNIZATION	VX DOSE UNIT	mg/mL	milligram per milliliter	Dose unit	8861	mg/mL	milligram per milliliter	
IMMUNIZATION	VX DOSE UNIT	mg/m2	milligram per square meter	Dose unit	9563	mg/m2	milligram per square meter	
IMMUNIZATION	VX DOSE UNIT	mL	milliliter	Dose unit	8587	mL	milliliter	
IMMUNIZATION	VX DOSE UNIT	mL/h	milliliter per hour	Dose unit	44777613	mL/h	milliliter per hour	
IMMUNIZATION	VX DOSE UNIT	mL/kg	milliliter per kilogram	Dose unit	9571	mL/kg	milliliter per kilogram	
IMMUNIZATION	VX DOSE UNIT	mL/kg/h	milliliter per kilogram per hour	Dose unit		mL/kg/h		
IMMUNIZATION	VX DOSE UNIT	mL/m2	milliliter per square meter	Dose unit		mL/m2		
IMMUNIZATION	VX DOSE UNIT	mmol	millimole	Dose unit	9573	mmol	millimole	
IMMUNIZATION	VX DOSE UNIT	mmol/kg	millimole per kilogram	Dose unit	9577	mmol/kg	millimole per kilogram	
IMMUNIZATION	VX DOSE UNIT	10*6.[IU]	million international unit	Dose unit		10*6.[IU]		
IMMUNIZATION	VX DOSE UNIT	ng/kg/min	nanogram per kilogram per minute	Dose unit		ng/kg/min		
IMMUNIZATION	VX DOSE UNIT	[oz_av]	ounce (US and British)	Dose unit	9304	[oz_av]	fluid ounce (US)	
IMMUNIZATION	VX DOSE UNIT	/[IU]	per international unit	Dose unit		/[IU]		
IMMUNIZATION	VX DOSE UNIT	/[IU]/mL	per international unit per milliliter	Dose unit		/[IU]/mL		
IMMUNIZATION	VX DOSE UNIT	%	percent	Dose unit	8554	%	percent	
IMMUNIZATION	VX DOSE UNIT	[tbs_us]	tablespoon (US)	Dose unit	9412	[tbs_us]	tablespoon	
IMMUNIZATION	VX DOSE UNIT	NI	No information	Dose unit	44814650	NI		
IMMUNIZATION	VX DOSE UNIT	UN	Unknown	Dose unit	44814653	UN		
IMMUNIZATION	VX DOSE UNIT	OT	Other	Dose unit	44814649	OT		
IMMUNIZATION	VX DOSE UNIT	ug/kg/h	microgram per kilogram per hour	Dose unit	9690	ug/kg/h	microgram per kilogram per hour	
IMMUNIZATION	VX DOSE UNIT	meq/kg	milliequivalent per kilogram	Dose unit	9556	meq/kg	milliequivalent per kilogram	
IMMUNIZATION	VX DOSE UNIT	[tsp_us]	teaspoon (US)	Dose unit	9416	[tsp_us]	teaspoon	
IMMUNIZATION	VX ROUTE	ARTERIOVENOUS_GRAFT	ARTERIOVENOUS_GRAFT=Arteriovenous  graft  route  (qualifier  value)	Route	762840	ARTERIOVENOUS_GRAFT	Arteriovenous graft route	
IMMUNIZATION	VX ROUTE	BUCCAL	BUCCAL=Buccal  route  (qualifier  value)	Route	4181897	BUCCAL	Buccal	
IMMUNIZATION	VX ROUTE	CAUDAL	CAUDAL=Caudal  route  (qualifier  value)	Route	4220455	CAUDAL	Caudal route	
IMMUNIZATION	VX ROUTE	COLOSTOMY	COLOSTOMY=Colostomy  route  (qualifier  value)	Route	4168047	COLOSTOMY	Colostomy route	
IMMUNIZATION	VX ROUTE	CONJUNCTIVAL	CONJUNCTIVAL=Conjunctival  route  (qualifier  value)	Route	40486444	CONJUNCTIVAL	Conjunctival route	
IMMUNIZATION	VX ROUTE	CUTANEOUS	CUTANEOUS=Cutaneous  route  (qualifier  value)	Route	4263689	CUTANEOUS	Cutaneous	
IMMUNIZATION	VX ROUTE	DENTAL	DENTAL=Dental  route  (qualifier  value)	Route	4163765	DENTAL	Dental	
IMMUNIZATION	VX ROUTE	DIGESTIVE_TRACT	DIGESTIVE_TRACT=Digestive  tract  route  (qualifier  value)	Route	40487501	DIGESTIVE_TRACT	Digestive tract route	
IMMUNIZATION	VX ROUTE	ENDOCERVICAL	ENDOCERVICAL=Endocervical  route  (qualifier  value)	Route	4186831	ENDOCERVICAL	Endocervical	
IMMUNIZATION	VX ROUTE	ENDOSINUSIAL	ENDOSINUSIAL=Endosinusial  route  (qualifier  value)	Route	4157756	ENDOSINUSIAL	Endosinusial	
IMMUNIZATION	VX ROUTE	ENDOTRACHEOPULMONARY	ENDOTRACHEOPULMONARY=Endotracheopulmonary  route  (qualifier  value)	Route	4186832	ENDOTRACHEOPULMONARY	Endotracheopulmonary	
IMMUNIZATION	VX ROUTE	ENTERAL	ENTERAL=Enteral  route  (qualifier  value)	Route	4167540	ENTERAL	Enteral route	
IMMUNIZATION	VX ROUTE	EPIDURAL	EPIDURAL=Epidural  route  (qualifier  value)	Route	4225555	EPIDURAL	Epidural	
IMMUNIZATION	VX ROUTE	EPILESIONAL	EPILESIONAL=Epilesional route (qualifier value)	Route	35608078	EPILESIONAL	Epilesional route	
IMMUNIZATION	VX ROUTE	ESOPHAGOSTOMY	ESOPHAGOSTOMY=Esophagostomy  route  (qualifier  value)	Route	4172191	ESOPHAGOSTOMY	Esophagostomy route	
IMMUNIZATION	VX ROUTE	EXTRA_AMNIOTIC	EXTRA_AMNIOTIC=Extra-amniotic  route  (qualifier  value)	Route	4186833	EXTRA_AMNIOTIC	Extraamniotic	
IMMUNIZATION	VX ROUTE	EXTRACORPOREAL	EXTRACORPOREAL=Extracorporeal  route  (qualifier  value)	Route		EXTRACORPOREAL		
IMMUNIZATION	VX ROUTE	EXTRACORPOREAL_HEMODIALYSIS	EXTRACORPOREAL_HEMODIALYSIS=Extracorporeal hemodialysis route (qualifier value)	Route	44801748	EXTRACORPOREAL_HEMODIALYSIS	Haemodiafiltration route	
IMMUNIZATION	VX ROUTE	FISTULA	FISTULA=Fistula  route  (qualifier  value)	Route	4304277	FISTULA	retrograde thru fistula	
IMMUNIZATION	VX ROUTE	GASTRO_INTESTINAL_STOMA	GASTRO_INTESTINAL_STOMA=Gastro-intestinal  stoma  route  (qualifier  value)	Route	4168665	GASTRO_INTESTINAL_STOMA	Gastro-intestinal stoma route	
IMMUNIZATION	VX ROUTE	GASTROENTERAL	GASTROENTERAL=Gastroenteral  route  (qualifier  value)	Route	4186834	GASTROENTERAL	Gastroenteral	
IMMUNIZATION	VX ROUTE	GASTROSTOMY	GASTROSTOMY=Gastrostomy  route  (qualifier  value)	Route	4132254	GASTROSTOMY	Gastrostomy Tube (FDB)	
IMMUNIZATION	VX ROUTE	ILEOSTOMY	ILEOSTOMY=Ileostomy  route  (qualifier  value)	Route	4305679	ILEOSTOMY	retrograde ileostomy	
IMMUNIZATION	VX ROUTE	INFILTRATION	INFILTRATION=Infiltration route (qualifier value)	Route	37397638	INFILTRATION	Infiltration route	
IMMUNIZATION	VX ROUTE	INTERSTITIAL	INTERSTITIAL=Interstitial  route  (qualifier  value)	Route	4327128	INTERSTITIAL	Interstitial route	
IMMUNIZATION	VX ROUTE	INTESTINAL	INTESTINAL=Intestinal route (qualifier value)	Route	37207459	INTESTINAL	Intestinal route	
IMMUNIZATION	VX ROUTE	INTRA_ARTERIAL	INTRA_ARTERIAL=Intra-arterial  route  (qualifier  value)	Route	4240824	INTRA_ARTERIAL	Intraarterial	
IMMUNIZATION	VX ROUTE	INTRA_ARTICULAR	INTRA_ARTICULAR=Intra-articular  route  (qualifier  value)	Route	4006860	INTRA_ARTICULAR	Intraarticular	
IMMUNIZATION	VX ROUTE	INTRAABDOMINAL	INTRAABDOMINAL=Intraabdominal  route  (qualifier  value)	Route	4304882	INTRAABDOMINAL	Intraabdominal route	
IMMUNIZATION	VX ROUTE	INTRAAMNIOTIC	INTRAAMNIOTIC=Intraamniotic  route  (qualifier  value)	Route	4163767	INTRAAMNIOTIC	Intraamniotic	
IMMUNIZATION	VX ROUTE	INTRABILIARY	INTRABILIARY=Intrabiliary  route  (qualifier  value)	Route	3268575	INTRABILIARY	Intrabiliary route	
IMMUNIZATION	VX ROUTE	INTRABRONCHIAL	INTRABRONCHIAL=Intrabronchial  route  (qualifier  value)	Route	3459214	INTRABRONCHIAL	Intrabronchial route	
IMMUNIZATION	VX ROUTE	INTRABURSAL	INTRABURSAL=Intrabursal  route  (qualifier  value)	Route	4163768	INTRABURSAL	Intrabursal	
IMMUNIZATION	VX ROUTE	INTRACAMERAL	INTRACAMERAL=Intracameral  route  (qualifier  value)	Route	4303409	INTRACAMERAL	Intracameral	
IMMUNIZATION	VX ROUTE	INTRACARDIAC	INTRACARDIAC=Intracardiac  route  (qualifier  value)	Route	4156705	INTRACARDIAC	Intracardiac	
IMMUNIZATION	VX ROUTE	INTRACARTILAGINOUS	INTRACARTILAGINOUS=Intracartilaginous  route  (qualifier  value)	Route	4303676	INTRACARTILAGINOUS	Intracartilaginous route	
IMMUNIZATION	VX ROUTE	INTRACAVERNOUS	INTRACAVERNOUS=Intracavernous  route  (qualifier  value)	Route	4157757	INTRACAVERNOUS	Intracavernous	
IMMUNIZATION	VX ROUTE	INTRACEREBRAL	INTRACEREBRAL=Intracerebral  route  (qualifier  value)	Route	40488317	INTRACEREBRAL	Intracerebral route	
IMMUNIZATION	VX ROUTE	INTRACEREBROVENTRICULAR	INTRACEREBROVENTRICULAR=Intracerebroventricular  route  (qualifier  value)	Route	4224886	INTRACEREBROVENTRICULAR	Intracerebroventricular	
IMMUNIZATION	VX ROUTE	INTRACHOLANGIOPANCREATIC	INTRACHOLANGIOPANCREATIC=Intracholangiopancreatic route (qualifier value)	Route	37207461	INTRACHOLANGIOPANCREATIC	Intracholangiopancreatic route	
IMMUNIZATION	VX ROUTE	INTRACISTERNAL	INTRACISTERNAL=Intracisternal  route  (qualifier  value)	Route	4305993	INTRACISTERNAL	Intracisternal route	
IMMUNIZATION	VX ROUTE	INTRACOLONIC	INTRACOLONIC=Intracolonic  route  (qualifier  value)	Route	40489990	INTRACOLONIC	Intracolonic route	
IMMUNIZATION	VX ROUTE	INTRACORNEAL	INTRACORNEAL=Intracorneal  route  (qualifier  value)	Route	4305690	INTRACORNEAL	Intracorneal route	
IMMUNIZATION	VX ROUTE	INTRACORONAL	INTRACORONAL=Intracoronal  route  (qualifier  value)	Route	4303667	INTRACORONAL	Intracoronal route	
IMMUNIZATION	VX ROUTE	INTRACORPUS_CAVERNOSUM	INTRACORPUS_CAVERNOSUM=Intracorpus  cavernosum  route  (qualifier  value)	Route	40492302	INTRACORPUS_CAVERNOSUM	Intracorporus cavernosum route	
IMMUNIZATION	VX ROUTE	INTRADERMAL	INTRADERMAL=Intradermal  route  (qualifier  value)	Route	4156706	INTRADERMAL	Intradermal	
IMMUNIZATION	VX ROUTE	INTRADISCAL	INTRADISCAL=Intradiscal  route  (qualifier  value)	Route	4163769	INTRADISCAL	Intradiscal	
IMMUNIZATION	VX ROUTE	INTRADUCTAL	INTRADUCTAL=Intraductal  route  (qualifier  value)	Route	4170083	INTRADUCTAL	Intraductal	
IMMUNIZATION	VX ROUTE	INTRADUODENAL	INTRADUODENAL=Intraduodenal  route  (qualifier  value)	Route	4302354	INTRADUODENAL	Intraduodenal route	
IMMUNIZATION	VX ROUTE	INTRADURAL	INTRADURAL=Intradural  route  (qualifier  value)	Route	40492288	INTRADURAL	Intradural route	
IMMUNIZATION	VX ROUTE	INTRAEPICARDIAL	INTRAEPICARDIAL=Intraepicardial  route  (qualifier  value)	Route	40492305	INTRAEPICARDIAL	Intrapericardial route	
IMMUNIZATION	VX ROUTE	INTRAEPIDERMAL	INTRAEPIDERMAL=Intraepidermal  route  (qualifier  value)	Route	40487983	INTRAEPIDERMAL	Intraepidermal route	
IMMUNIZATION	VX ROUTE	INTRAESOPHAGEAL	INTRAESOPHAGEAL=Intraesophageal  route  (qualifier  value)	Route	40492284	INTRAESOPHAGEAL	Intraesophageal route	
IMMUNIZATION	VX ROUTE	INTRAGASTRIC	INTRAGASTRIC=Intragastric  route  (qualifier  value)	Route	40492301	INTRAGASTRIC	Intragastric route	
IMMUNIZATION	VX ROUTE	INTRAGLANDULAR	INTRAGLANDULAR=Intraglandular route (qualifier value)	Route	703330	INTRAGLANDULAR	Intraglandular	
IMMUNIZATION	VX ROUTE	INTRAHEPATIC	INTRAHEPATIC=Intrahepatic  route  (qualifier  value)	Route	40493258	INTRAHEPATIC	intrahepatic	
IMMUNIZATION	VX ROUTE	INTRAJEJUNAL	INTRAJEJUNAL=Intrajejunal  route  (qualifier  value)	Route	40489989	INTRAJEJUNAL	Intrajejunal route	
IMMUNIZATION	VX ROUTE	INTRALESIONAL	INTRALESIONAL=Intralesional  route  (qualifier  value)	Route	4157758	INTRALESIONAL	Intralesional	
IMMUNIZATION	VX ROUTE	INTRALINGUAL	INTRALINGUAL=Intralingual  route  (qualifier  value)	Route	40493227	INTRALINGUAL	Intralingual route	
IMMUNIZATION	VX ROUTE	INTRALUMINAL	INTRALUMINAL=Intraluminal  route  (qualifier  value)	Route	4292410	INTRALUMINAL	Intraluminal route	
IMMUNIZATION	VX ROUTE	INTRALYMPHATIC	INTRALYMPHATIC=Intralymphatic  route  (qualifier  value)	Route	4157759	INTRALYMPHATIC	Intralymphatic	
IMMUNIZATION	VX ROUTE	INTRAMAMMARY	INTRAMAMMARY=Intramammary  route  (qualifier  value)	Route	40491321	INTRAMAMMARY	Intramammary route	
IMMUNIZATION	VX ROUTE	INTRAMEDULLARY	INTRAMEDULLARY=Intramedullary  route  (qualifier  value)	Route	4246511	INTRAMEDULLARY	Intramedullary route	
IMMUNIZATION	VX ROUTE	INTRAMENINGEAL	INTRAMENINGEAL=Intrameningeal  route  (qualifier  value)	Route	40492300	INTRAMENINGEAL	Intrameningeal route	
IMMUNIZATION	VX ROUTE	INTRAMURAL	INTRAMURAL=Intramural  route  (qualifier  value)	Route	46272926	INTRAMURAL	Intramural route	
IMMUNIZATION	VX ROUTE	INTRAMUSCULAR	INTRAMUSCULAR=Intramuscular  route  (qualifier  value)	Route	4302612	INTRAMUSCULAR	Intramuscular	
IMMUNIZATION	VX ROUTE	INTRAMYOMETRIAL	INTRAMYOMETRIAL=Intramyometrial  route  (qualifier  value)	Route	4168038	INTRAMYOMETRIAL	Intramyometrial route	
IMMUNIZATION	VX ROUTE	INTRANEURAL	INTRANEURAL=Intraneural  route  (qualifier  value)	Route	46272911	INTRANEURAL	Intraneural  route	
IMMUNIZATION	VX ROUTE	INTRAOCULAR	INTRAOCULAR=Intraocular  route  (qualifier  value)	Route	4157760	INTRAOCULAR	Intraocular	
IMMUNIZATION	VX ROUTE	INTRAOSSEOUS	INTRAOSSEOUS=Intraosseous  route  (qualifier  value)	Route	4213522	INTRAOSSEOUS	Intraosseous	
IMMUNIZATION	VX ROUTE	INTRAOVARIAN	INTRAOVARIAN=Intraovarian  route  (qualifier  value)	Route	4306657	INTRAOVARIAN	Intraovarian route	
IMMUNIZATION	VX ROUTE	INTRAPERITONEAL	INTRAPERITONEAL=Intraperitoneal  route  (qualifier  value)	Route	4243022	INTRAPERITONEAL	Intraperitoneal	
IMMUNIZATION	VX ROUTE	INTRAPLEURAL	INTRAPLEURAL=Intrapleural  route  (qualifier  value)	Route	4156707	INTRAPLEURAL	Intrapleural	
IMMUNIZATION	VX ROUTE	INTRAPORTAL	INTRAPORTAL=Intraportal route (qualifier value)	Route	37207462	INTRAPORTAL	Intraportal route	
IMMUNIZATION	VX ROUTE	INTRAPULMONARY	INTRAPULMONARY=Intrapulmonary  route  (qualifier  value)	Route	4169270	INTRAPULMONARY	Intrapulmonary route	
IMMUNIZATION	VX ROUTE	INTRASINAL	INTRASINAL=Intrasinal  route  (qualifier  value)	Route	4169440	INTRASINAL	Intrasinal route	
IMMUNIZATION	VX ROUTE	INTRASPINAL	INTRASPINAL=Intraspinal  route  (qualifier  value)	Route	4302788	INTRASPINAL	intraspina	
IMMUNIZATION	VX ROUTE	INTRASTERNAL	INTRASTERNAL=Intrasternal  route  (qualifier  value)	Route	4186837	INTRASTERNAL	Intrasternal	
IMMUNIZATION	VX ROUTE	INTRASYNOVIAL	INTRASYNOVIAL=Intrasynovial  route  (qualifier  value)	Route	4302352	INTRASYNOVIAL	Intrasynovial route	
IMMUNIZATION	VX ROUTE	INTRATESTICULAR	INTRATESTICULAR=Intratesticular  route  (qualifier  value)	Route	4171067	INTRATESTICULAR	Intratesticular route	
IMMUNIZATION	VX ROUTE	INTRATHECAL	INTRATHECAL=Intrathecal  route  (qualifier  value)	Route	4217202	INTRATHECAL	Intrathecal	
IMMUNIZATION	VX ROUTE	INTRATHORACIC	INTRATHORACIC=Intrathoracic  route  (qualifier  value)	Route	4167393	INTRATHORACIC	Intrathoracic route	
IMMUNIZATION	VX ROUTE	INTRATRACHEAL	INTRATRACHEAL=Intratracheal  route  (qualifier  value)	Route	4229543	INTRATRACHEAL	Intratracheal	
IMMUNIZATION	VX ROUTE	INTRATUMOR	INTRATUMOR=Intratumor  route  (qualifier  value)	Route	40491322	INTRATUMOR	Intratumoral	
IMMUNIZATION	VX ROUTE	INTRATYMPANIC	INTRATYMPANIC=Intratympanic  route  (qualifier  value)	Route	4168656	INTRATYMPANIC	intratympanic	
IMMUNIZATION	VX ROUTE	INTRAUTERINE	INTRAUTERINE=Intrauterine  route  (qualifier  value)	Route	4269621	INTRAUTERINE	Intrauterine	
IMMUNIZATION	VX ROUTE	INTRAVASCULAR	INTRAVASCULAR=Intravascular  route  (qualifier  value)	Route	40492287	INTRAVASCULAR	Intravascular	
IMMUNIZATION	VX ROUTE	INTRAVENOUS	INTRAVENOUS=Intravenous  route  (qualifier  value)	Route	4112421	INTRAVENOUS	Intravenous	
IMMUNIZATION	VX ROUTE	INTRAVENOUS_CENTRAL	INTRAVENOUS_CENTRAL=Intravenous  central  route  (qualifier  value)	Route	4170113	INTRAVENOUS_CENTRAL	central venous line infusion	
IMMUNIZATION	VX ROUTE	INTRAVENOUS_PERIPHERAL	INTRAVENOUS_PERIPHERAL=Intravenous  peripheral  route  (qualifier  value)	Route	4171884	INTRAVENOUS_PERIPHERAL	peripheral nerve	
IMMUNIZATION	VX ROUTE	INTRAVENTRICULAR_CARDIAC	INTRAVENTRICULAR_CARDIAC=Intraventricular  route  -  cardiac  (qualifier  value)	Route	4222259	INTRAVENTRICULAR_CARDIAC	Intraventricular cardiac	
IMMUNIZATION	VX ROUTE	INTRAVESICAL	INTRAVESICAL=Intravesical  route  (qualifier  value)	Route	4186838	INTRAVESICAL	Intravesical	
IMMUNIZATION	VX ROUTE	INTRAVITREAL	INTRAVITREAL=Intravitreal  route  (qualifier  value)	Route	4302785	INTRAVITREAL	Intravitreal	
IMMUNIZATION	VX ROUTE	JEJUNOSTOMY	JEJUNOSTOMY=Jejunostomy  route  (qualifier  value)	Route	4133177	JEJUNOSTOMY	Jejunostomy route	
IMMUNIZATION	VX ROUTE	LARYNGEAL	LARYNGEAL=Laryngeal  route  (qualifier  value)	Route	4170440	LARYNGEAL	Laryngeal route	
IMMUNIZATION	VX ROUTE	LOWER_RESPIRATORY_TRACT	LOWER_RESPIRATORY_TRACT=Lower  respiratory  tract  route  (qualifier  value)	Route	40490898	LOWER_RESPIRATORY_TRACT	Lower respiratory tract route	
IMMUNIZATION	VX ROUTE	MUCOUS_FISTULA	MUCOUS_FISTULA=Mucous  fistula  route  (qualifier  value)	Route	4171243	MUCOUS_FISTULA	Mucus Fistula	
IMMUNIZATION	VX ROUTE	NASAL	NASAL=Nasal  route  (qualifier  value)	Route	4128792	NASAL	Nasal	
IMMUNIZATION	VX ROUTE	NASODUODENAL	NASODUODENAL=Nasoduodenal  route  (qualifier  value)	Route	4172316	NASODUODENAL	nasoduodenal tube	
IMMUNIZATION	VX ROUTE	NASOGASTRIC	NASOGASTRIC=Nasogastric  route  (qualifier  value)	Route	4132711	NASOGASTRIC	Nasogastric	
IMMUNIZATION	VX ROUTE	NASOJEJUNAL	NASOJEJUNAL=Nasojejunal  route  (qualifier  value)	Route	4305834	NASOJEJUNAL	Nasojejunal Tube	
IMMUNIZATION	VX ROUTE	OPHTHALMIC	OPHTHALMIC=Ophthalmic  route  (qualifier  value)	Route	4184451	OPHTHALMIC	Ophthalmic	
IMMUNIZATION	VX ROUTE	ORAL	ORAL=Oral  route  (qualifier  value)	Route	4128794	ORAL	Oral	
IMMUNIZATION	VX ROUTE	OROGASTRIC	OROGASTRIC=Orogastric  route  (qualifier  value)	Route	4303795	OROGASTRIC	Orogastric	
IMMUNIZATION	VX ROUTE	OROMUCOSAL	OROMUCOSAL=Oromucosal  route  (qualifier  value)	Route	4186839	OROMUCOSAL	Oromucosal	
IMMUNIZATION	VX ROUTE	OROPHARYNGEAL	OROPHARYNGEAL=Oropharyngeal  route  (qualifier  value)	Route	4303277	OROPHARYNGEAL	oropharyngeal route	
IMMUNIZATION	VX ROUTE	OTIC	OTIC=Otic  route  (qualifier  value)	Route	4023156	OTIC	OTIC	
IMMUNIZATION	VX ROUTE	PARACERVICAL	PARACERVICAL=Paracervical  route  (qualifier  value)	Route	4303515	PARACERVICAL	Paracervical route	
IMMUNIZATION	VX ROUTE	PARAVERTEBRAL	PARAVERTEBRAL=Paravertebral  route  (qualifier  value)	Route	4170267	PARAVERTEBRAL	Paravertebral	
IMMUNIZATION	VX ROUTE	PERCUTANEOUS	PERCUTANEOUS=Percutaneous  route  (qualifier  value)	Route	4177987	PERCUTANEOUS	Percutaneous	
IMMUNIZATION	VX ROUTE	PERIARTICULAR	PERIARTICULAR=Periarticular  route  (qualifier  value)	Route	4156708	PERIARTICULAR	Periarticular	
IMMUNIZATION	VX ROUTE	PERIDURAL	PERIDURAL=Peridural  route  (qualifier  value)	Route	40490896	PERIDURAL	Peridural route	
IMMUNIZATION	VX ROUTE	PERINEURAL	PERINEURAL=Perineural  route  (qualifier  value)	Route	4157761	PERINEURAL	Perineural	
IMMUNIZATION	VX ROUTE	PERIODONTAL	PERIODONTAL=Periodontal  route  (qualifier  value)	Route	40490866	PERIODONTAL	Periodontal route	
IMMUNIZATION	VX ROUTE	PERIOSTEAL	PERIOSTEAL=Periosteal  route  (qualifier  value)	Route	4171893	PERIOSTEAL	Periosteal route	
IMMUNIZATION	VX ROUTE	PERITENDINOUS	PERITENDINOUS=Peritendinous  route  (qualifier  value)	Route	4305564	PERITENDINOUS	Peritendinous route	
IMMUNIZATION	VX ROUTE	PERITUMORAL	PERITUMORAL=Peritumoral route (qualifier value)	Route	37207463	PERITUMORAL	Peritumoral route	
IMMUNIZATION	VX ROUTE	PERIURETHRAL	PERIURETHRAL=Periurethral  route  (qualifier  value)	Route	4303646	PERIURETHRAL	Periurethral route	
IMMUNIZATION	VX ROUTE	POSTERIOR_JUXTASCLERAL	POSTERIOR_JUXTASCLERAL=Posterior juxtascleral route (qualifier value)	Route	37207464	POSTERIOR_JUXTASCLERAL	Posterior juxtascleral route	
IMMUNIZATION	VX ROUTE	RECTAL	RECTAL=Rectal  route  (qualifier  value)	Route	4115462	RECTAL	Rectal	
IMMUNIZATION	VX ROUTE	RESPIRATORY_TRACT	RESPIRATORY_TRACT=Respiratory  tract  route  (qualifier  value)	Route	40486069	RESPIRATORY_TRACT	Respiratory tract route	
IMMUNIZATION	VX ROUTE	RETROBULBAR	RETROBULBAR=Retrobulbar  route  (qualifier  value)	Route	4303673	RETROBULBAR	Retrobulbar route	
IMMUNIZATION	VX ROUTE	SUBCONJUNCTIVAL	SUBCONJUNCTIVAL=Subconjunctival  route  (qualifier  value)	Route	4163770	SUBCONJUNCTIVAL	Subconjunctival	
IMMUNIZATION	VX ROUTE	SUBCUTANEOUS	SUBCUTANEOUS=Subcutaneous  route  (qualifier  value)	Route	4139962	SUBCUTANEOUS	Subcutaneous	
IMMUNIZATION	VX ROUTE	SUBGINGIVAL	SUBGINGIVAL=Subgingival  route  (qualifier  value)	Route	4306649	SUBGINGIVAL	Subgingival route	
IMMUNIZATION	VX ROUTE	SUBLESIONAL	SUBLESIONAL=Sublesional  route  (qualifier  value)	Route	46270168	SUBLESIONAL	Sublesional route	
IMMUNIZATION	VX ROUTE	SUBLINGUAL	SUBLINGUAL=Sublingual  route  (qualifier  value)	Route	4292110	SUBLINGUAL	Sublingual	
IMMUNIZATION	VX ROUTE	SUBMUCOSAL	SUBMUCOSAL=Submucosal  route  (qualifier  value)	Route	45956878	SUBMUCOSAL	Submucosal rectal	
IMMUNIZATION	VX ROUTE	SUBORBITAL	SUBORBITAL=Suborbital  route  (qualifier  value)	Route	4166865	SUBORBITAL	Suborbital route	
IMMUNIZATION	VX ROUTE	SUBRETINAL	SUBRETINAL=Subretinal route (qualifier value)	Route	36703536	SUBRETINAL	Subretinal route	
IMMUNIZATION	VX ROUTE	SUBTENDINOUS	SUBTENDINOUS=Subtendinous  route  (qualifier  value)	Route	4302493	SUBTENDINOUS	Subtendinous route	
IMMUNIZATION	VX ROUTE	SURGICAL_CAVITY	SURGICAL_CAVITY=Surgical  cavity  route  (qualifier  value)	Route	4170771	SURGICAL_CAVITY	Surgical cavity route	
IMMUNIZATION	VX ROUTE	SURGICAL_DRAIN	SURGICAL_DRAIN=Surgical  drain  route  (qualifier  value)	Route	4304412	SURGICAL_DRAIN	abdominal drain	
IMMUNIZATION	VX ROUTE	GINGIVAL	GINGIVAL=Gingival  route  (qualifier  value)	Route	4156704	GINGIVAL	Gingival	
IMMUNIZATION	VX ROUTE	TOPICAL	TOPICAL=Topical  route  (qualifier  value)	Route	4231622	TOPICAL	Topical	
IMMUNIZATION	VX ROUTE	TRANSCERVICAL	TRANSCERVICAL=Transcervical  route  (qualifier  value)	Route	4304730	TRANSCERVICAL	Transcervical route	
IMMUNIZATION	VX ROUTE	TRANSENDOCARDIAL	TRANSENDOCARDIAL=Transendocardial  route  (qualifier  value)	Route	40487850	TRANSENDOCARDIAL	Transendocardial route	
IMMUNIZATION	VX ROUTE	TRANSMUCOSAL	TRANSMUCOSAL=Transmucosal  route  (qualifier  value)	Route	4232601	TRANSMUCOSAL	Transmucosal	
IMMUNIZATION	VX ROUTE	TRANSPLACENTAL	TRANSPLACENTAL=Transplacental  route  (qualifier  value)	Route	40487858	TRANSPLACENTAL	Transplacental route	
IMMUNIZATION	VX ROUTE	TRANSTRACHEAL	TRANSTRACHEAL=Transtracheal  route  (qualifier  value)	Route	40491832	TRANSTRACHEAL	Transtracheal route	
IMMUNIZATION	VX ROUTE	TRANSTYMPANIC	TRANSTYMPANIC=Transtympanic  route  (qualifier  value)	Route	40491830	TRANSTYMPANIC	Transtympanic route	
IMMUNIZATION	VX ROUTE	TRANSURETHRAL	TRANSURETHRAL=Transurethral  route  (qualifier  value)	Route	4305382	TRANSURETHRAL	Transurethral route	
IMMUNIZATION	VX ROUTE	TUMOR_CAVITY	TUMOR_CAVITY=Tumor  cavity  route  (qualifier  value)	Route	4169472	TUMOR_CAVITY	Tumor cavity route	
IMMUNIZATION	VX ROUTE	URETERAL	URETERAL=Ureteral  route  (qualifier  value)	Route	4304571	URETERAL	Ureteral route	
IMMUNIZATION	VX ROUTE	URETHRAL	URETHRAL=Urethral  route  (qualifier  value)	Route	4233974	URETHRAL	Urethral	
IMMUNIZATION	VX ROUTE	UROSTOMY	UROSTOMY=Urostomy  route  (qualifier  value)	Route	4170435	UROSTOMY	Urostomy route	
IMMUNIZATION	VX ROUTE	VAGINAL	VAGINAL=Vaginal  route  (qualifier  value)	Route	4057765	VAGINAL	Vaginal	
IMMUNIZATION	VX ROUTE	NI	NI=No  information	Route	44814650	NI		
IMMUNIZATION	VX ROUTE	UN	UN=Unknown	Route		UN		
IMMUNIZATION	VX ROUTE	OT	OT=Other	Route		OT		
IMMUNIZATION	VX ROUTE	ARTERIOVENOUS_FISTULA	ARTERIOVENOUS_FISTULA=Arteriovenous  fistula  route  (qualifier  value)	Route	44783786	ARTERIOVENOUS_FISTULA	Arteriovenous fistula route	
IMMUNIZATION	VX ROUTE	BODY_CAVITY	BODY_CAVITY=Body  cavity  route  (qualifier  value)	Route	4222254	BODY_CAVITY	Body cavity use	
IMMUNIZATION	VX ROUTE	INTRACORONARY	INTRACORONARY=Intracoronary  route  (qualifier  value)	Route	4186836	INTRACORONARY	Intracoronary	
IMMUNIZATION	VX ROUTE	INTRACRANIAL	INTRACRANIAL=Intracranial  route  (qualifier  value)	Route	4171079	INTRACRANIAL	Intracranial route	
IMMUNIZATION	VX ROUTE	INTRAGINGIVAL	INTRAGINGIVAL=Intragingival  route  (qualifier  value)	Route	40492286	INTRAGINGIVAL	Intragingival route	
IMMUNIZATION	VX ROUTE	INTRAILEAL	INTRAILEAL=Intraileal  route  (qualifier  value)	Route	40490837	INTRAILEAL	Intraileal route	
IMMUNIZATION	VX ROUTE	INTRAPROSTATIC	INTRAPROSTATIC=Intraprostatic  route  (qualifier  value)	Route	4171725	INTRAPROSTATIC	Intraprostatic route	
IMMUNIZATION	VX ROUTE	INTRATENDINOUS	INTRATENDINOUS=Intratendinous  route  (qualifier  value)	Route	4303939	INTRATENDINOUS	Intratendinous route	
IMMUNIZATION	VX ROUTE	PERIBULBAR	PERIBULBAR=Peribulbar  route  (qualifier  value)	Route	4304274	PERIBULBAR	Peribulbar route	
IMMUNIZATION	VX ROUTE	TRANSDERMAL	TRANSDERMAL=Transdermal  route  (qualifier  value)	Route	4262099	TRANSDERMAL	Transdermal	
IMMUNIZATION	VX BODY SITE	BN 	BN=bilateral nares	imm_body_site	46233552	BN 	Nose	
IMMUNIZATION	VX BODY SITE	BU 	BU=buttock	imm_body_site	46233618	BU 	Arm region	
IMMUNIZATION	VX BODY SITE	LD 	LD=left deltoid	imm_body_site	4280741	LD 	Structure of deltoid bursa	
IMMUNIZATION	VX BODY SITE	LG 	LG=left gluteus medius	imm_body_site	4027736	LG 	Structure of tendon of gluteus medius	
IMMUNIZATION	VX BODY SITE	LLAQ 	LLAQ=left lower abd quadrant	imm_body_site	45912254	LLAQ 	Left lower quadrant of abdomen	
IMMUNIZATION	VX BODY SITE	LMFA 	LMFA=left mid forearm	imm_body_site	4284054	LMFA 	Entire left forearm	
IMMUNIZATION	VX BODY SITE	LT 	LT=left thigh	imm_body_site	42537915	LT 	Structure of left quadriceps tendon	
IMMUNIZATION	VX BODY SITE	LUA 	LUA=left upper arm	imm_body_site	4218134	LUA 	Entire left upper arm	
IMMUNIZATION	VX BODY SITE	LUAQ 	LUAQ=left upper abd quadrant	imm_body_site	45955947	LUAQ 	Left upper quadrant of abdomen	
IMMUNIZATION	VX BODY SITE	LVL 	LVL=left vastus lateralis	imm_body_site	4079043	LVL 	Tendon of vastus lateralis	
IMMUNIZATION	VX BODY SITE	REJ	REJ=right external juglar	imm_body_site	36695683	REJ	Structure of right internal jugular vein	
IMMUNIZATION	VX BODY SITE	RF	RF=right foot	imm_body_site	4298982	RF	structure of right foot	
IMMUNIZATION	VX BODY SITE	RG	RG=right gluteus medius	imm_body_site	4321392	RG	Accessory gluteal muscle	
IMMUNIZATION	VX BODY SITE	RH	RH=right hand	imm_body_site	4302584	RH	structure of right hand	
IMMUNIZATION	VX BODY SITE	RLFA	RLFA=right lower forearm	imm_body_site	4271843	RLFA	Right Lower Forearm	
IMMUNIZATION	VX BODY SITE	RMFA	RMFA=right mid forearm	imm_body_site	4284053	RMFA	Entire right forearm	
IMMUNIZATION	VX BODY SITE	RT 	RT=right thigh	imm_body_site	42538489	RT 	Structure of right quadriceps femoris muscle	
IMMUNIZATION	VX BODY SITE	RUA 	RUA=right upper arm	imm_body_site	4241715	RUA 	Entire right upper arm	
IMMUNIZATION	VX BODY SITE	RUAQ 	RUAQ=right abd quadrant	imm_body_site	45933908	RUAQ 	Right upper quadrant of abdomen	
IMMUNIZATION	VX BODY SITE	RUFA 	RUFA=right upper forearm	imm_body_site	44517187	RUFA 	Forearm NEC	
IMMUNIZATION	VX BODY SITE	RVL 	RVL=right vastus lateralis	imm_body_site	4110066	RVL 	Entire vastus lateralis muscle	
IMMUNIZATION	VX BODY SITE	NI	NI=No  information	imm_body_site	0	NI	No matching concept	
IMMUNIZATION	VX BODY SITE	UN	UN=Unknown	imm_body_site	4336375	UN	Topography unknown	
IMMUNIZATION	VX BODY SITE	OT	OT=Other	imm_body_site	45921862	OT	Oral cavity	
IMMUNIZATION	VX BODY SITE	RLAQ	RLAQ=right lower abd quadrant	imm_body_site	45955948	RLAQ	Right lower quadrant of abdomen	
LDS_ADDRESS_HISTORY	ADDRESS PREFERRED	Y	Y=Yes	address_preferred	4188539	Y	Yes	
LDS_ADDRESS_HISTORY	ADDRESS PREFERRED	N	N=No	address_preferred	4188540	N	No	
LAB_HISTORY	RACE	OT	OT=Other	Race	44814649	OT	Other	NULL
LAB_HISTORY	RACE	05	05=White	Race	8527	05	White	NULL
LAB_HISTORY	RACE	04	04=Native  Hawaiian  or  Other  Pacific  Islander	Race	8557	04	Native Hawaiian or Other Pacific Islander	NULL
LAB_HISTORY	RACE	03	03=Black  or  African  American	Race	8516	03	Black or African American	NULL
LAB_HISTORY	RACE	02	02=Asian	Race	8515	02	Asian	NULL
LAB_HISTORY	RACE	01	01=American  Indian  or  Alaska  Native	Race	8657	01	American Indian or Alaska Native	NULL
LAB_HISTORY	RESULT UNIT	[diop]	[diop]=diopter	Result unit	9291	[diop]	diopter	
LAB_HISTORY	RESULT UNIT	{breaths}/min	{breaths}/min=breaths per minute	Result unit	3197833	{breaths}/min	Breaths/minute	
LAB_HISTORY	RESULT UNIT	{risk}	{risk}=risk	Result unit	8509	{risk}	risk	
LAB_HISTORY	RESULT UNIT	{score}	{score}=score	Result unit	44777566	{score}	score	
LAB_HISTORY	RESULT UNIT	{activity}	activity	Result unit	8654	{activity}	ENZ ACT	
LAB_HISTORY	RESULT UNIT	A	ampere	Result unit	8543	A	ampere	
LAB_HISTORY	RESULT UNIT	[arb'U]	arbitrary unit	Result unit	9260	[arb'U]	arbitrary unit	
LAB_HISTORY	RESULT UNIT	[arb'U]/mL	arbitrary unit per milliliter	Result unit	8980	[arb'U]/mL	arbitrary unit per milliliter	
LAB_HISTORY	RESULT UNIT	10*9/L	billion per liter	Result unit	9444	10*9/L	10*9/L	
LAB_HISTORY	RESULT UNIT	10*9/uL	billion per microliter	Result unit	9446	10*9/uL	billion per microliter	
LAB_HISTORY	RESULT UNIT	{cells}	cells	Result unit	45744812	{cells}	cells	
LAB_HISTORY	RESULT UNIT	{cells}/[HPF]	cells per high power field	Result unit	8889	{cells}/[HPF]	cells per high power field	
LAB_HISTORY	RESULT UNIT	{cells}/uL	cells per microliter	Result unit	8784	{cells}/uL	cells per microliter	
LAB_HISTORY	RESULT UNIT	cL	centiliter	Result unit	9482	cL	centiliter	
LAB_HISTORY	RESULT UNIT	cm	centimeter	Result unit	8582	cm	centimeter	
LAB_HISTORY	RESULT UNIT	cm[H2O]	centimeter of water	Result unit	44777590	cm[H2O]	cm h2o	
LAB_HISTORY	RESULT UNIT	{clock_time}	clock time e.g 12:30PM	Result unit		{clock_time}		
LAB_HISTORY	RESULT UNIT	cm/s	cm/s=centimeter per second	Result unit	32738	cm/s	centimeter per second	
LAB_HISTORY	RESULT UNIT	cm3	cm3=cubic centimeter	Result unit	44777662	cm3	cubic centimeter	
LAB_HISTORY	RESULT UNIT	{CAE'U}	complement activity enzyme unit	Result unit	8998	{CAE'U}	cae	
LAB_HISTORY	RESULT UNIT	{copies}	copies	Result unit		{copies}		
LAB_HISTORY	RESULT UNIT	{copies}/mL	copies per milliliter	Result unit	8799	{copies}/mL	copies per milliliter	
LAB_HISTORY	RESULT UNIT	{CPM}	counts per minute	Result unit	8483	{CPM}	counts/min	
LAB_HISTORY	RESULT UNIT	d/wk	d/wk=days per week	Result unit	8621	d/wk	day per week	
LAB_HISTORY	RESULT UNIT	d	day	Result unit	8512	d	day	
LAB_HISTORY	RESULT UNIT	dg	decigram	Result unit	9485	dg	Decigram	
LAB_HISTORY	RESULT UNIT	dL	deciliter	Result unit	9486	dL	deciliter	
LAB_HISTORY	RESULT UNIT	deg	degree (plane angle)	Result unit	9484	deg	degree	
LAB_HISTORY	RESULT UNIT	Cel	degree Celsius	Result unit	8653	Cel	degree Celsius	
LAB_HISTORY	RESULT UNIT	[degF]	degree Fahrenheit	Result unit	9289	[degF]	degf	
LAB_HISTORY	RESULT UNIT	K	degree Kelvin	Result unit	9523	K	kelvin	
LAB_HISTORY	RESULT UNIT	{Ehrlich'U}/dL	Ehrlich unit per deciliter	Result unit	8829	{Ehrlich'U}/dL	Ehrlich unit per deciliter	
LAB_HISTORY	RESULT UNIT	{EIA'U}	EIA unit	Result unit	8556	{EIA'U}	eia units	
LAB_HISTORY	RESULT UNIT	eV	electron Volt	Result unit	9495	eV	electron volt	
LAB_HISTORY	RESULT UNIT	{ELISA'U}	ELISA unit	Result unit	8600	{ELISA'U}	elisa units	
LAB_HISTORY	RESULT UNIT	U	enzyme unit	Result unit	8510	U	Units	
LAB_HISTORY	RESULT UNIT	U/(24.h)	enzyme unit per 24 hour	Result unit	44777567	U/(24.h)	units/24 hr	
LAB_HISTORY	RESULT UNIT	U/g{Hb}	enzyme unit per gram of hemoglobin	Result unit	8916	U/g{Hb}	Unit per gram of Hemoglobin	
LAB_HISTORY	RESULT UNIT	U/L	enzyme unit per liter	Result unit	8645	U/L	unit per liter	
LAB_HISTORY	RESULT UNIT	U/mL	enzyme unit per milliliter	Result unit	8763	U/mL	unit per milliliter	
LAB_HISTORY	RESULT UNIT	F	Farad	Result unit	8517	F	Farad	
LAB_HISTORY	RESULT UNIT	fL	femtoliter	Result unit	8583	fL	femtoliter	
LAB_HISTORY	RESULT UNIT	fmol/L	femtomole per liter	Result unit	8745	fmol/L	femtomole per liter	
LAB_HISTORY	RESULT UNIT	g/cm2	g/cm2=gram per square centimeter	Result unit	32701	g/cm2	gram per square centimeter	
LAB_HISTORY	RESULT UNIT	g	gram	Result unit	8504	g	gram	
LAB_HISTORY	RESULT UNIT	g/(12.h)	gram per 12 hour	Result unit	44777593	g/(12.h)	g/12 hr	
LAB_HISTORY	RESULT UNIT	g/(24.h)	gram per 24 hour	Result unit	8807	g/(24.h)	gram per 24 hours	
LAB_HISTORY	RESULT UNIT	g/dL	gram per deciliter	Result unit	8713	g/dL	gram per deciliter	
LAB_HISTORY	RESULT UNIT	g/g	gram per gram	Result unit	9510	g/g	gram per gram	
LAB_HISTORY	RESULT UNIT	g/L	gram per liter	Result unit	8636	g/L	gram per liter	
LAB_HISTORY	RESULT UNIT	g/mL	gram per milliliter	Result unit	9514	g/mL	gram per milliliter	
LAB_HISTORY	RESULT UNIT	{beats}/min	heart beats per minute	Result unit	8541	{beats}/min	beats per minute	
LAB_HISTORY	RESULT UNIT	H	Henry	Result unit	8505	h	hour	
LAB_HISTORY	RESULT UNIT	[HPF]	high power field	Result unit	8673	[HPF]	[HPF]	
LAB_HISTORY	RESULT UNIT	h	hour	Result unit	8518	H	Henry	
LAB_HISTORY	RESULT UNIT	[APL'U]/mL	IgA anticardiolipin unit per milliliter**	Result unit	9684	[APL'U]/mL	IgA Phospholipid Units Per MilliLiter [Arbitrary Concentration Units]	
LAB_HISTORY	RESULT UNIT	[APL'U]	IgA anticardiolipin unit**	Result unit	9099	[APL'U]	IgA phospholipid unit	
LAB_HISTORY	RESULT UNIT	{APS'U}	IgA antiphosphatidylserine unit 	Result unit	8542	{APS'U}	anti-phosphatidylserine IgA concentration (APS) unit	
LAB_HISTORY	RESULT UNIT	[GPL'U]/mL	IgG anticardiolipin unit per milliliter**	Result unit	9685	[GPL'U]/mL	IgG Phospholipid Units Per MilliLiter [Arbitrary Concentration Units]	
LAB_HISTORY	RESULT UNIT	[GPL'U]	IgG anticardiolipin unit**	Result unit	9100	[GPL'U]	IgG phospholipid unit	
LAB_HISTORY	RESULT UNIT	[MPL'U]	IgM anticardiolipin unit**	Result unit	9101	[MPL'U]	IgM phospholipid unit	
LAB_HISTORY	RESULT UNIT	{MPS'U}	IgM antiphosphatidylserine unit	Result unit	8495	{MPS'U}	anti-phosphatidylserine IgM concentration (MPS) unit	
LAB_HISTORY	RESULT UNIT	[in_i]	inch (international)	Result unit	8533	[in_i]	inches	
LAB_HISTORY	RESULT UNIT	[IU]	international unit	Result unit	8718	[IU]	international unit	
LAB_HISTORY	RESULT UNIT	[IU]/dL	international unit per deciliter	Result unit	9332	[IU]/dL	international unit per deciliter	
LAB_HISTORY	RESULT UNIT	[IU]/g{Hb}	international unit per gram of hemoglobin	Result unit	9334	[IU]/g{Hb}	international unit per gram of hemoglobin	
LAB_HISTORY	RESULT UNIT	[IU]/L	international unit per liter	Result unit	8923	[IU]/L	international unit per liter	
LAB_HISTORY	RESULT UNIT	[IU]/mL	international unit per milliliter	Result unit	8985	[IU]/mL	international unit per milliliter	
LAB_HISTORY	RESULT UNIT	kcal/(24.h)	kcal/(24.h)=kilocalorie per 24 hour	Result unit	4038014	kcal/(24.h)	kcal/24h	
LAB_HISTORY	RESULT UNIT	k[IU]/L	kilo international unit per liter	Result unit	9058	k[IU]/L	kilo-international unit per liter	
LAB_HISTORY	RESULT UNIT	k[IU]/mL	kilo international unit per milliliter	Result unit	9525	k[IU]/mL	kilo-international unit per milliliter	
LAB_HISTORY	RESULT UNIT	kg	kilogram	Result unit	9529	kg	kilogram	
LAB_HISTORY	RESULT UNIT	L/min/m2	L/min/m2=liter per minute per sqaure meter	Result unit	32710	L/min/m2	liter per minute per square meter	
LAB_HISTORY	RESULT UNIT	L	liter	Result unit	8519	L	liter	
LAB_HISTORY	RESULT UNIT	L/L	liter per liter	Result unit	44777604	L/L	L/L | liter per liter	
LAB_HISTORY	RESULT UNIT	L/min	liter per minute	Result unit	8698	L/min	liter per minute	
LAB_HISTORY	RESULT UNIT	{Log_copies}/mL	log (base 10) copies per milliliter	Result unit	8873	{Log_copies}/mL	log copies per milliliter	
LAB_HISTORY	RESULT UNIT	{Log_IU}/mL	log (base 10) international unit per milliliter	Result unit	9084	{Log_IU}/mL	log IUnits/mL	
LAB_HISTORY	RESULT UNIT	{Log}	log base 10	Result unit	9096	{Log}	log10	
LAB_HISTORY	RESULT UNIT	[LPF]	low power field	Result unit	8656	[LPF]	Low Power Field	
LAB_HISTORY	RESULT UNIT	Ms	megasecond	Result unit	9593	ms	millisecond	
LAB_HISTORY	RESULT UNIT	m/s	meter per second	Result unit	44777606	m/s	meter per second	
LAB_HISTORY	RESULT UNIT	t	metric ton	Result unit	9646	T	T	
LAB_HISTORY	RESULT UNIT	uU/mL	micro enzyme unit per milliliter	Result unit	8860	uU/mL	microunit per milliliter	
LAB_HISTORY	RESULT UNIT	ueq/mL	microequivalent per milliliter	Result unit	9046	ueq/mL	mcg Eq/mL	
LAB_HISTORY	RESULT UNIT	ug	microgram	Result unit	9655	ug	microgram	
LAB_HISTORY	RESULT UNIT	ug/(24.h)	microgram per 24 hour	Result unit	8906	ug/(24.h)	microgram per 24 hours	
LAB_HISTORY	RESULT UNIT	ug/dL	microgram per deciliter	Result unit	8837	ug/dL	microgram per deciliter	
LAB_HISTORY	RESULT UNIT	ug/g	microgram per gram	Result unit	8720	ug/g	microgram per gram	
LAB_HISTORY	RESULT UNIT	ug/g{creat}	microgram per gram of creatinine	Result unit	9014	ug/g{creat}	microgram per gram of creatinine	
LAB_HISTORY	RESULT UNIT	ug/g{Hb}	microgram per gram of hemoglobin	Result unit	9661	ug/g{Hb}	mcg/g hgb	
LAB_HISTORY	RESULT UNIT	ug/L	microgram per liter	Result unit	8748	ug/L	microgram per liter	
LAB_HISTORY	RESULT UNIT	ug/mg	microgram per milligram	Result unit	8838	ug/mg	microgram per milligram	
LAB_HISTORY	RESULT UNIT	ug/mL	microgram per milliliter	Result unit	8859	ug/mL	microgram per milliliter	
LAB_HISTORY	RESULT UNIT	ug/{specimen}	microgram per specimen	Result unit	9657	ug/{specimen}	ug/{spec}	
LAB_HISTORY	RESULT UNIT	u[IU]/L	microinternational unit per liter	Result unit	44777583	u[IU]/L	10*-6.[iU]/L | micro-international unit per liter	
LAB_HISTORY	RESULT UNIT	uL	microliter	Result unit	9665	uL	microliter	
LAB_HISTORY	RESULT UNIT	um	micrometer	Result unit	9666	um	micrometer	
LAB_HISTORY	RESULT UNIT	umol	micromole	Result unit	9667	umol	umol	
LAB_HISTORY	RESULT UNIT	umol/(24.h)	micromole per 24 hour	Result unit	8907	umol/(24.h)	micromole per 24 hours	
LAB_HISTORY	RESULT UNIT	umol/dL	micromole per deciliter	Result unit	8839	umol/dL	micromole per deciliter	
LAB_HISTORY	RESULT UNIT	umol/g	micromole per gram	Result unit	9668	umol/g	umol/g	
LAB_HISTORY	RESULT UNIT	umol/g{creat}	micromole per gram of creatinine	Result unit	9015	umol/g{creat}	micromole per gram of creatinine	
LAB_HISTORY	RESULT UNIT	umol/g{Hb}	micromole per gram of hemoglobin	Result unit	9669	umol/g{Hb}	umol/g{HBG}	
LAB_HISTORY	RESULT UNIT	umol/L	micromole per liter	Result unit	8749	umol/L	micromole per liter	
LAB_HISTORY	RESULT UNIT	umol/mL	micromole per milliliter	Result unit	9673	umol/mL	umol/mL	
LAB_HISTORY	RESULT UNIT	umol/mmol{creat}	micromole per millimole of creatinine	Result unit	9073	umol/mmol{creat}	mcmol/mmol cr	
LAB_HISTORY	RESULT UNIT	umol/mol{creat}	micromole per mole of creatinine	Result unit	9675	umol/mol{creat}	micromole per mole of creatinine	
LAB_HISTORY	RESULT UNIT	um/s	microns per second	Result unit		um/s		
LAB_HISTORY	RESULT UNIT	us	microsecond	Result unit	9676	us	us	
LAB_HISTORY	RESULT UNIT	mU/mL	milli  enzyme unit per milliliter	Result unit	8719	mU/mL	milliunit per milliliter	
LAB_HISTORY	RESULT UNIT	m[IU]/L	milli international unit per liter	Result unit	9040	m[IU]/L	milli-international unit per liter	
LAB_HISTORY	RESULT UNIT	meq	milliequivalent	Result unit	9551	meq	milliequivalent	
LAB_HISTORY	RESULT UNIT	meq/(24.h)	milliequivalent per 24 hour	Result unit	44777582	meq/(24.h)	10*-3.eq/(24.h) | milliequivalent per 24 hours	
LAB_HISTORY	RESULT UNIT	meq/kg	milliequivalent per kilogram	Result unit	9556	meq/kg	meq/kg	
LAB_HISTORY	RESULT UNIT	meq/L	milliequivalent per liter	Result unit	9557	meq/L	milliequivalent per liter	
LAB_HISTORY	RESULT UNIT	mg	milligram	Result unit	8576	mg	milligram	
LAB_HISTORY	RESULT UNIT	mg/(12.h)	milligram per 12 hour	Result unit	8908	mg/(12.h)	mg/12 hr	
LAB_HISTORY	RESULT UNIT	mg/(24.h)	milligram per 24 hour	Result unit	8909	mg/(24.h)	milligram per 24 hours	
LAB_HISTORY	RESULT UNIT	mg/d	milligram per day	Result unit	8700	mg/d	mg/d	
LAB_HISTORY	RESULT UNIT	mg/g	milligram per gram	Result unit	8723	mg/g	milligram per gram	
LAB_HISTORY	RESULT UNIT	mg/g{creat}	milligram per gram of creatinine	Result unit	9017	mg/g{creat}	milligram per gram of creatinine	
LAB_HISTORY	RESULT UNIT	mg/kg	milligram per kilogram	Result unit	9562	mg/kg	mg/kg	
LAB_HISTORY	RESULT UNIT	mg/L	milligram per liter	Result unit	8751	mg/L	milligram per liter	
LAB_HISTORY	RESULT UNIT	mg/mg{creat}	milligram per milligram of creatinine	Result unit	9074	mg/mg{creat}	milligram per milligram of creatinine	
LAB_HISTORY	RESULT UNIT	mg/mL	milligram per milliliter	Result unit	8861	mg/mL	milligram per milliliter	
LAB_HISTORY	RESULT UNIT	mg/mmol	milligram per millimole	Result unit	44777612	mg/mmol	milligram per millimole	
LAB_HISTORY	RESULT UNIT	mg/mmol{creat}	milligram per millimole of creatinine	Result unit	9075	mg/mmol{creat}	mg/mmole cr	
LAB_HISTORY	RESULT UNIT	mg/min	milligram per minute	Result unit	44777611	mg/min	mg/min	
LAB_HISTORY	RESULT UNIT	mg/{specimen}	milligram per specimen	Result unit	8675	mg/{specimen}	mg/specimen	
LAB_HISTORY	RESULT UNIT	mL	milliliter	Result unit	8587	mL	milliliter	
LAB_HISTORY	RESULT UNIT	mL/(24.h)	milliliter per 24 hour	Result unit	8930	mL/(24.h)	milliliter per 24 hours	
LAB_HISTORY	RESULT UNIT	mL/dL	milliliter per deciliter	Result unit	9570	mL/dL	milliliter per deciliter	
LAB_HISTORY	RESULT UNIT	mL/min/{1.73_m2}	milliliter per minute per 1.73 square meter	Result unit	9117	mL/min/{1.73_m2}	milliliter per minute per 1.73 square meter	
LAB_HISTORY	RESULT UNIT	mL/s	milliliter per second	Result unit	44777614	mL/s	milliliter per second	
LAB_HISTORY	RESULT UNIT	mm	millimeter	Result unit	8588	mm	millimeter	
LAB_HISTORY	RESULT UNIT	mm[Hg]	millimeter of mercury	Result unit	8876	mm[Hg]	millimeter mercury column	
LAB_HISTORY	RESULT UNIT	mm/h	millimeter per hour	Result unit	8752	mm/h	millimeter per hour	
LAB_HISTORY	RESULT UNIT	ug/min	microgram per minute	Result unit	8774	ug/min	microgram per minute	
LAB_HISTORY	RESULT UNIT	mmol/dL	millimole per deciliter	Result unit	9575	mmol/dL	mmol/dL	
LAB_HISTORY	RESULT UNIT	mmol/kg	millimole per kilogram	Result unit	9577	mmol/kg	mmol/kg	
LAB_HISTORY	RESULT UNIT	mmol/L	millimole per liter	Result unit	8753	mmol/L	millimole per liter	
LAB_HISTORY	RESULT UNIT	mmol/mol	millimole per mole	Result unit	9579	mmol/mol	millimole per mole	
LAB_HISTORY	RESULT UNIT	mmol/mol{creat}	millimole per mole of creatinine	Result unit	9019	mmol/mol{creat}	millimole per mole of creatinine	
LAB_HISTORY	RESULT UNIT	mmol/{specimen}	millimole per specimen	Result unit	44777615	mmol/{specimen}	mmol/specimen	
LAB_HISTORY	RESULT UNIT	10*6/L	million per liter	Result unit	9442	10*6/L	million per liter	
LAB_HISTORY	RESULT UNIT	10*6/uL	million per microliter	Result unit	8815	10*6/uL	million per microliter	
LAB_HISTORY	RESULT UNIT	10*6/mL	million per milliliter	Result unit	8816	10*6/mL	million per milliliter	
LAB_HISTORY	RESULT UNIT	mosm	milliosmole	Result unit	8605	mosm	milliosmole	
LAB_HISTORY	RESULT UNIT	mosm/kg	milliosmole per kilogram	Result unit	8862	mosm/kg	milliosmole per kilogram	
LAB_HISTORY	RESULT UNIT	mosm/L	milliosmole per liter	Result unit	9591	mosm/L	mosm/L	
LAB_HISTORY	RESULT UNIT	ms	millisecond	Result unit	9593	ms	millisecond	
LAB_HISTORY	RESULT UNIT	min	minute	Result unit	8550	min	minute	
LAB_HISTORY	RESULT UNIT	mol/L	mole per liter	Result unit	9586	mol/L	mole per liter	
LAB_HISTORY	RESULT UNIT	ng/dL	nanogram per deciliter	Result unit	8817	ng/dL	nanogram per deciliter	
LAB_HISTORY	RESULT UNIT	ng/g	nanogram per gram	Result unit	8701	ng/g	nanogram per gram	
LAB_HISTORY	RESULT UNIT	ng/L	nanogram per liter	Result unit	8725	ng/L	nanogram per liter	
LAB_HISTORY	RESULT UNIT	ng/mg	nanogram per milligram	Result unit	8818	ng/mg	nanogram per milligram	
LAB_HISTORY	RESULT UNIT	ng/mL/h	nanogram per milliliter per hour	Result unit	9020	ng/mL/h	nanogram per milliliter and hour	
LAB_HISTORY	RESULT UNIT	ng/mL	nanogram per millliiter	Result unit	8842	ng/mL	nanogram per milliliter	
LAB_HISTORY	RESULT UNIT	nL	nanoliter	Result unit	9606	nL	nL	
LAB_HISTORY	RESULT UNIT	nm	nanometer	Result unit	8577	nm	nanometer	
LAB_HISTORY	RESULT UNIT	nmol	nanomole	Result unit	9607	nmol	nmol	
LAB_HISTORY	RESULT UNIT	nmol/(24.h)	nanomole per 24 hour	Result unit	44777627	nmol/(24.h)	nmol/24 hr	
LAB_HISTORY	RESULT UNIT	nmol/dL	nanomole per deciliter	Result unit	9608	nmol/dL	nmol/dL	
LAB_HISTORY	RESULT UNIT	nmol/h/mg{prot}	nanomole per hour per milligram of protein	Result unit	8993	nmol/h/mg{prot}	nmol/h/mg | nanomole per hour and milligram	
LAB_HISTORY	RESULT UNIT	nmol/L	nanomole per liter	Result unit	8736	nmol/L	nanomole per liter	
LAB_HISTORY	RESULT UNIT	nmol/mL	nanomole per milliliter	Result unit	8843	nmol/mL	nanomole per milliliter	
LAB_HISTORY	RESULT UNIT	nmol/mL/h	nanomole per milliliter per hour	Result unit	44777631	nmol/mL/h	nmol/ml/hr	
LAB_HISTORY	RESULT UNIT	nmol/mL/min	nanomole per milliliter per minute	Result unit	44777635	nmol/mL/min	nanomole per minute and milliliter	
LAB_HISTORY	RESULT UNIT	nmol/mmol	nanomole per millimole	Result unit	9612	nmol/mmol	nmol/mmol	
LAB_HISTORY	RESULT UNIT	nmol/mol	nanomole per mole	Result unit	9614	nmol/mol	nmol/mol	
LAB_HISTORY	RESULT UNIT	N	Newton	Result unit	9599	N	newton	
LAB_HISTORY	RESULT UNIT	nmol/mol{creat}	nmol/mol{creat}=nanomole per mole creatinine	Result unit	44777636	nmol/mol{creat}	nanomole per mole of creatinine	
LAB_HISTORY	RESULT UNIT	{#}	number	Result unit		{#}		
LAB_HISTORY	RESULT UNIT	{#}/[HPF]	number per high power field	Result unit	8786	{#}/[HPF]	per high power field	
LAB_HISTORY	RESULT UNIT	{#}/mL	number per milliliter	Result unit	9257	{#}/mL	per milliliter	
LAB_HISTORY	RESULT UNIT	{#}/min	number per minute	Result unit	8483	{#}/min	number per minute	
LAB_HISTORY	RESULT UNIT	Ohm	Ohm	Result unit	9618	Ohm	Ohm	
LAB_HISTORY	RESULT UNIT	osm/kg	osmole per kilogram	Result unit	9620	osm/kg	osm/kg	
LAB_HISTORY	RESULT UNIT	/100	per 100	Result unit	9243	/100	per hundread	
LAB_HISTORY	RESULT UNIT	/dL	per deciliter	Result unit	9245	/dL	per deciliter	
LAB_HISTORY	RESULT UNIT	/[HPF]	per high power field	Result unit	8786	/[HPF]	/[HPF]=per high power field	
LAB_HISTORY	RESULT UNIT	/[IU]/mL	per international unit per milliliter	Result unit	8985	/[IU]/mL	international unit per milliliter	
LAB_HISTORY	RESULT UNIT	/kg	per kilogram	Result unit	9252	/kg	per kilogram	
LAB_HISTORY	RESULT UNIT	/uL	per microliter	Result unit	8785	/uL	/cumm	
LAB_HISTORY	RESULT UNIT	%	percent	Result unit	8554	%	percent	
LAB_HISTORY	RESULT UNIT	%{binding}	percent binding	Result unit	9218	%{binding}	% binding	
LAB_HISTORY	RESULT UNIT	%{blocked}	percent blocked	Result unit	9219	%{blocked}	% blocking	
LAB_HISTORY	RESULT UNIT	%{vol}	percent by volume	Result unit	9234	%{vol}	volume %	
LAB_HISTORY	RESULT UNIT	%{Hb}	percent hemoglobin	Result unit	9225	%{Hb}	% a1c ngsp	
LAB_HISTORY	RESULT UNIT	%{hemolysis}	percent hemolysis	Result unit	9226	%{hemolysis}	percent hemolysis	
LAB_HISTORY	RESULT UNIT	%{inhibition}	percent inhibition	Result unit	8738	%{inhibition}	percent inhibition	
LAB_HISTORY	RESULT UNIT	%{normal}	percent normal	Result unit	8648	%{normal}	% normal	
LAB_HISTORY	RESULT UNIT	%{baseline}	percent of baseline	Result unit	8688	%{baseline}	% baseli	
LAB_HISTORY	RESULT UNIT	%{total}	percent total	Result unit	8632	%{total}	% of total	
LAB_HISTORY	RESULT UNIT	[pH]	pH	Result unit	8482	[pH]	pH	
LAB_HISTORY	RESULT UNIT	pg	picogram	Result unit	8564	pg	picogram	
LAB_HISTORY	RESULT UNIT	pg/dL	picogram per deciliter	Result unit	8820	pg/dL	picogram per deciliter	
LAB_HISTORY	RESULT UNIT	pg/L	picogram per liter	Result unit	9625	pg/L	picogram per liter	
LAB_HISTORY	RESULT UNIT	pg/mL	picogram per milliliter	Result unit	8845	pg/mL	picogram per milliliter	
LAB_HISTORY	RESULT UNIT	pL	picoliter	Result unit	9628	pL	pL	
LAB_HISTORY	RESULT UNIT	pmol/L	picomole per liter	Result unit	8729	pmol/L	picomole per liter	
LAB_HISTORY	RESULT UNIT	pmol/mL	picomole per milliliter	Result unit	9632	pmol/mL	picomole per milliliter	
LAB_HISTORY	RESULT UNIT	pmol/{RBC}	picomole per red blood cell	Result unit	9148	pmol/{RBC}	pmol/rbc	
LAB_HISTORY	RESULT UNIT	[lb_av]	pound (US and British)	Result unit	8739	[lb_av]	pound (US)	
LAB_HISTORY	RESULT UNIT	{ratio}	ratio	Result unit	8523	{ratio}	ratio	
LAB_HISTORY	RESULT UNIT	s	second	Result unit	8555	s	second	
LAB_HISTORY	RESULT UNIT	S	Siemens	Result unit	9639	S	siemens	
LAB_HISTORY	RESULT UNIT	cm2	square centimeter	Result unit	9483	cm2	square centimeter	
LAB_HISTORY	RESULT UNIT	m2	square meter	Result unit	8617	m2	square meter	
LAB_HISTORY	RESULT UNIT	T	Tesla	Result unit	9647	t	tonne	
LAB_HISTORY	RESULT UNIT	10*3	thousand	Result unit	8566	10*3	thousand	
LAB_HISTORY	RESULT UNIT	10*3{copies}/mL	thousand copies per milliliter	Result unit	9437	10*3{copies}/mL	x 10(3) copies/ml	
LAB_HISTORY	RESULT UNIT	10*3/L	thousand per liter	Result unit	9435	10*3/L	thousanf per liter	
LAB_HISTORY	RESULT UNIT	10*3/uL	thousand per microliter	Result unit	8848	10*3/uL	thousand per microliter	
LAB_HISTORY	RESULT UNIT	{titer}	titer	Result unit	8525	{titer}	titer	
LAB_HISTORY	RESULT UNIT	10*12/L	trillion per liter	Result unit	8734	10*12/L	trillion per liter	
LAB_HISTORY	RESULT UNIT	V	volt	Result unit	9677	V	V	
LAB_HISTORY	RESULT UNIT	wk	week	Result unit	8511	wk	week	
LAB_HISTORY	RESULT UNIT	a	year	Result unit	8543	A	ampere	
LAB_HISTORY	RESULT UNIT	UN	Unknown	Result unit	44814653	UN	Unknown	
LAB_HISTORY	RESULT UNIT	OT	Other	Result unit	44814649	OT	Other	
LAB_HISTORY	RESULT UNIT	[beth'U]	Bethesda unit	Result unit	9161	[beth'U]	Bethesda unit	
LAB_HISTORY	RESULT UNIT	cal	calorie	Result unit	9472	cal	cal	
LAB_HISTORY	RESULT UNIT	U/dL	enzyme unit per deciliter	Result unit	44777568	U/dL	[U]/dL | unit per deciliter	
LAB_HISTORY	RESULT UNIT	[MPL'U]/mL	IgM anticardiolipin unit per milliliter**	Result unit	9686	[MPL'U]/mL	IgM Phospholipid Units Per MilliLiter [Arbitrary Concentration Units]	
LAB_HISTORY	RESULT UNIT	{ISR}	immune status ratio	Result unit	8488	{ISR}	immune status ratio	
LAB_HISTORY	RESULT UNIT	{index_val}	index value	Result unit	8779	{index_val}	index	
LAB_HISTORY	RESULT UNIT	{INR}	international normalized ratio	Result unit		{INR}		
LAB_HISTORY	RESULT UNIT	uU/L	micro enzyme unit per liter	Result unit	8750	uU/L	microunit per liter	
LAB_HISTORY	RESULT UNIT	u[IU]/mL	micro international unit per milliliter	Result unit	9093	u[IU]/mL	micro-international unit per milliliter	
LAB_HISTORY	RESULT UNIT	ueq/L	microequivalent per liter	Result unit	8875	ueq/L	mceq/l	
LAB_HISTORY	RESULT UNIT	ug{FEU}/mL	microgram fibrinogen equivalent unit per milliliter	Result unit	8990	ug{FEU}/mL	Microgram per milliliter of FEU	
LAB_HISTORY	RESULT UNIT	ug/mg{creat}	microgram per milligram of creatinine	Result unit	9072	ug/mg{creat}	microgram per milligram of creatinine	
LAB_HISTORY	RESULT UNIT	umol/mmol	micromole per millimole	Result unit	44777656	umol/mmol	mcmol/mmol	
LAB_HISTORY	RESULT UNIT	m[IU]/mL	milli  international unit per milliliter	Result unit	9550	m[IU]/mL	milli-international unit per milliliter	
LAB_HISTORY	RESULT UNIT	mU/L	milli enzyme unit per liter	Result unit		mU/L		
LAB_HISTORY	RESULT UNIT	mg/dL	milligram per deciliter	Result unit	8840	mg/dL	milligram per deciliter	
LAB_HISTORY	RESULT UNIT	mg/mg	milligram per milligram	Result unit	9565	mg/mg	milligram per milligram	
LAB_HISTORY	RESULT UNIT	mL/min	milliliter per minute	Result unit	8795	mL/min	milliliter per minute	
LAB_HISTORY	RESULT UNIT	mL/m2	milliliter per square meter	Result unit	32739	ml/m2	milliliter per square meter	
LAB_HISTORY	RESULT UNIT	mmol	millimole	Result unit	9573	mmol	mmol	
LAB_HISTORY	RESULT UNIT	mmol/(24.h)	millimole per 24 hour	Result unit	8910	mmol/(24.h)	millimole per 24 hours	
LAB_HISTORY	RESULT UNIT	mmol/g{creat}	millimole per gram of creatinine	Result unit	9018	mmol/g{creat}	mmol/g cr	
LAB_HISTORY	RESULT UNIT	10*6	million	Result unit	8549	10*6	million	
LAB_HISTORY	RESULT UNIT	{M.o.M}	multiple of the median	Result unit	8494	{M.o.M}	mom	
LAB_HISTORY	RESULT UNIT	ng	nanogram	Result unit	9600	ng	ng	
LAB_HISTORY	RESULT UNIT	nmol/g	nanomole per gram	Result unit	9609	nmol/g	nmol/g	
LAB_HISTORY	RESULT UNIT	nmol/mg	nanomole per milligram	Result unit	9611	nmol/mg	nmol/mg	
LAB_HISTORY	RESULT UNIT	{#}/L	number per liter	Result unit	9254	{#}/L	per liter	
LAB_HISTORY	RESULT UNIT	{#}/uL	number per microliter	Result unit	8647	{#}/uL	per microliter	
LAB_HISTORY	RESULT UNIT	/100{WBCs}	per 100 white blood cells	Result unit	9032	/100{WBCs}	per 100 white blood cells	
LAB_HISTORY	RESULT UNIT	/[LPF]	per low power field	Result unit	8765	/[LPF]	per low powered field	
LAB_HISTORY	RESULT UNIT	pg/mm	picogram per millimeter	Result unit	9626	pg/mm	picogram per millimeter	
LAB_HISTORY	RESULT UNIT	10*3/mL	thousand per milliliter	Result unit	9436	10*3/mL	thousand per milliliter	
LAB_HISTORY	RESULT UNIT	NI	No information	Result unit	44814650	NI	No information	
LAB_HISTORY	NORM MODIFIER LOW	EQ	EQ=Equal	Result modifier	4172703	EQ	EQUAL	NULL
LAB_HISTORY	NORM MODIFIER LOW	GE	GE=Greater  than  or  equal  to	Result modifier	4171755	GE	Greater than or equal to	NULL
LAB_HISTORY	NORM MODIFIER LOW	NI	NI=No  information	Result modifier	44814650	NI	No Information	NULL
LAB_HISTORY	NORM MODIFIER LOW	UN	UN=Unknown	Result modifier	44814653	UN	Unkown	NULL
LAB_HISTORY	NORM MODIFIER HIGH	EQ	EQ=Equal	Result modifier	4172703	EQ	EQUAL	NULL
LAB_HISTORY	NORM MODIFIER HIGH	LE	LE=Less  than  or  equal  to	Result modifier	4171754	LE	Less than or equal to	NULL
LAB_HISTORY	NORM MODIFIER HIGH	LT	LT=Less  than	Result modifier	4171756	LT	Less than	NULL
LAB_HISTORY	NORM MODIFIER HIGH	NI	NI=No  information	Result modifier	44814650	NI	No Information	NULL
LAB_HISTORY	NORM MODIFIER HIGH	UN	UN=Unknown	Result modifier	44814653	UN	Unkown	NULL
LAB_HISTORY	NORM MODIFIER HIGH	OT	OT=Other	Result modifier	44814649	OT	Other	NULL
LAB_HISTORY	NORM MODIFIER LOW	GT	GT=Greater  than	Result modifier	4172704	GT	Greater than	NULL
LAB_HISTORY	NORM MODIFIER LOW	OT	OT=Other	Result modifier	44814649	OT	Other	NULL
OBS_GEN	OBSGEN RESULT UNIT	ug/g{hair}	microgram per gram of hair		0			
OBS_GEN	OBSGEN RESULT UNIT	ug/g{tissue}	microgram per gram of tissue		0			
OBS_GEN	OBSGEN RESULT UNIT	ug/h	microgram per hour		0			
OBS_GEN	OBSGEN RESULT UNIT	ug/kg	microgram per kilogram		0			
OBS_GEN	OBSGEN RESULT UNIT	ug/kg/(8.h)	microgram per kilogram per 8 hour		0			
OBS_GEN	OBSGEN RESULT UNIT	ug/kg/d	microgram per kilogram per day		0			
OBS_GEN	OBSGEN RESULT UNIT	ug/kg/h	microgram per kilogram per hour		0			
OBS_GEN	OBSGEN RESULT UNIT	ug/kg/min	microgram per kilogram per minute		0			
OBS_GEN	OBSGEN RESULT UNIT	ug/L{RBCs}	microgram per liter of red blood cells		0			
OBS_GEN	OBSGEN RESULT UNIT	ug/L/(24.h)	microgram per liter per 24 hour		0			
OBS_GEN	OBSGEN RESULT UNIT	ug/mL{class}	microgram per milliliter class		0			
OBS_GEN	OBSGEN RESULT UNIT	ug/mL{eqv}	microgram per milliliter equivalent		0			
OBS_GEN	OBSGEN RESULT UNIT	ug/mmol	microgram per millimole		0			
OBS_GEN	OBSGEN RESULT UNIT	ug/mmol{creat}	microgram per millimole of creatinine		0			
OBS_GEN	OBSGEN RESULT UNIT	ug/ng	microgram per nanogram		0			
OBS_GEN	OBSGEN RESULT UNIT	ug/[sft_i]	microgram per square foot (international)		0			
OBS_GEN	OBSGEN RESULT UNIT	ug/m2	microgram per square meter		0			
OBS_GEN	OBSGEN RESULT UNIT	ukat	microkatal		0			
OBS_GEN	OBSGEN RESULT UNIT	uL/(2.h)	microliter per 2 hour		0			
OBS_GEN	OBSGEN RESULT UNIT	uL/h	microliter per hour		0			
OBS_GEN	OBSGEN RESULT UNIT	umol{BCE}/mol	micromole bone collagen equivalent per mole		0			
OBS_GEN	OBSGEN RESULT UNIT	umol/(2.h)	micromole per 2 hour		0			
OBS_GEN	OBSGEN RESULT UNIT	umol/(8.h)	micromole per 8 hour		0			
OBS_GEN	OBSGEN RESULT UNIT	umol/d	micromole per day		0			
OBS_GEN	OBSGEN RESULT UNIT	umol/dL{GF}	micromole per deciliter of glomerular filtrate		0			
OBS_GEN	OBSGEN RESULT UNIT	umol/h	micromole per hour		0			
OBS_GEN	OBSGEN RESULT UNIT	umol/kg	micromole per kilogram		0			
OBS_GEN	OBSGEN RESULT UNIT	umol/kg{feces}	micromole per kilogram of feces		0			
OBS_GEN	OBSGEN RESULT UNIT	umol/L{RBCs}	micromole per liter of red blood cells		0			
OBS_GEN	OBSGEN RESULT UNIT	umol/L/h	micromole per liter per hour		0			
OBS_GEN	OBSGEN RESULT UNIT	umol/umol	micromole per micromole		0			
OBS_GEN	OBSGEN RESULT UNIT	umol/umol{creat}	micromole per micromole of creatinine		0			
OBS_GEN	OBSGEN RESULT UNIT	umol/mg	micromole per milligram		0			
OBS_GEN	OBSGEN RESULT UNIT	umol/mg{creat}	micromole per milligram of creatinine		0			
OBS_GEN	OBSGEN RESULT UNIT	umol/mL/min	micromole per milliliter per minute		0			
OBS_GEN	OBSGEN RESULT UNIT	umol/min	micromole per minute		0			
OBS_GEN	OBSGEN RESULT UNIT	umol/min/g	micromole per minute per gram		0			
OBS_GEN	OBSGEN RESULT UNIT	umol/min/g{mucosa}	micromole per minute per gram of mucosa		0			
OBS_GEN	OBSGEN RESULT UNIT	umol/min/g{prot}	micromole per minute per gram of protein		0			
OBS_GEN	OBSGEN RESULT UNIT	umol/min/L	micromole per minute per liter		0			
OBS_GEN	OBSGEN RESULT UNIT	umol/mol	micromole per mole		0			
OBS_GEN	OBSGEN RESULT UNIT	umol/mol{Hb}	micromole per mole of hemoglobin		0			
OBS_GEN	OBSGEN RESULT UNIT	uOhm	microOhm		0			
OBS_GEN	OBSGEN RESULT UNIT	uV	microvolt		0			
OBS_GEN	OBSGEN RESULT UNIT	[mi_i]	mile (international)		0			
OBS_GEN	OBSGEN RESULT UNIT	mU/g	milli  enzyme unit per gram		0			
OBS_GEN	OBSGEN RESULT UNIT	mU/mL/min	milli  enzyme unit per milliliter per minute		0			
OBS_GEN	OBSGEN RESULT UNIT	mU/mmol{creat}	milli  enzyme unit per millimole of creatinine		0			
OBS_GEN	OBSGEN RESULT UNIT	mU/mmol{RBCs}	milli  enzyme unit per millimole of red blood cells		0			
OBS_GEN	OBSGEN RESULT UNIT	mU/g{Hb}	milli enzyme unit per gram of hemoglobin		0			
OBS_GEN	OBSGEN RESULT UNIT	mU/g{prot}	milli enzyme unit per gram of protein		0			
OBS_GEN	OBSGEN RESULT UNIT	mU/mg	milli enzyme unit per milligram		0			
OBS_GEN	OBSGEN RESULT UNIT	mU/mg{creat}	milli enzyme unit per milligram of creatinine		0			
OBS_GEN	OBSGEN RESULT UNIT	mA	milliampere		0			
OBS_GEN	OBSGEN RESULT UNIT	mbar	millibar		0			
OBS_GEN	OBSGEN RESULT UNIT	mbar/L/s	millibar per liter per second		0			
OBS_GEN	OBSGEN RESULT UNIT	mbar.s/L	millibar second per liter		0			
OBS_GEN	OBSGEN RESULT UNIT	meq/(2.h)	milliequivalent per 2 hour		0			
OBS_GEN	OBSGEN RESULT UNIT	meq/(8.h)	milliequivalent per 8 hour		0			
OBS_GEN	OBSGEN RESULT UNIT	meq/d	milliequivalent per day		0			
OBS_GEN	OBSGEN RESULT UNIT	meq/dL	milliequivalent per deciliter		0			
OBS_GEN	OBSGEN RESULT UNIT	meq/g	milliequivalent per gram		0			
OBS_GEN	OBSGEN RESULT UNIT	meq/g{creat}	milliequivalent per gram of creatinine		0			
OBS_GEN	OBSGEN RESULT UNIT	meq/h	milliequivalent per hour		0			
OBS_GEN	OBSGEN RESULT UNIT	meq/kg/h	milliequivalent per kilogram per hour		0			
OBS_GEN	OBSGEN RESULT UNIT	meq/mL	milliequivalent per milliliter		0			
OBS_GEN	OBSGEN RESULT UNIT	meq/min	milliequivalent per minute		0			
OBS_GEN	OBSGEN RESULT UNIT	meq/{specimen}	milliequivalent per specimen		0			
OBS_GEN	OBSGEN RESULT UNIT	meq/m2	milliequivalent per square meter		0			
OBS_GEN	OBSGEN RESULT UNIT	meq/{total_volume}	milliequivalent per total volume		0			
OBS_GEN	OBSGEN RESULT UNIT	mg/(10.h)	milligram per 10 hour		0			
OBS_GEN	OBSGEN RESULT UNIT	mg/(2.h)	milligram per 2 hour		0			
OBS_GEN	OBSGEN RESULT UNIT	mg/(6.h)	milligram per 6 hour		0			
OBS_GEN	OBSGEN RESULT UNIT	mg/(72.h)	milligram per 72 hour		0			
OBS_GEN	OBSGEN RESULT UNIT	mg/(8.h)	milligram per 8 hour		0			
OBS_GEN	OBSGEN RESULT UNIT	mg/{collection}	milligram per collection		0			
OBS_GEN	OBSGEN RESULT UNIT	mg/m3	milligram per cubic meter		0			
OBS_GEN	OBSGEN RESULT UNIT	mg/d/{1.73_m2}	milligram per day per 1.73 square meter		0			
OBS_GEN	OBSGEN RESULT UNIT	mg/dL{RBCs}	milligram per deciliter of red blood cells		0			
OBS_GEN	OBSGEN RESULT UNIT	mg/g{dry_tissue}	milligram per gram of dry tissue		0			
OBS_GEN	OBSGEN RESULT UNIT	mg/g{feces}	milligram per gram of feces		0			
OBS_GEN	OBSGEN RESULT UNIT	mg/g{tissue}	milligram per gram of tissue		0			
OBS_GEN	OBSGEN RESULT UNIT	mg/g{wet_tissue}	milligram per gram of wet tissue		0			
OBS_GEN	OBSGEN RESULT UNIT	mg/h	milligram per hour		0			
OBS_GEN	OBSGEN RESULT UNIT	mg/kg/(8.h)	milligram per kilogram per 8 hour		0			
OBS_GEN	OBSGEN RESULT UNIT	mg/kg/d	milligram per kilogram per day		0			
OBS_GEN	OBSGEN RESULT UNIT	mg/kg/min	milligram per kilogram per minute		0			
OBS_GEN	OBSGEN RESULT UNIT	mg/L{RBCs}	milligram per liter of red blood cells		0			
OBS_GEN	OBSGEN RESULT UNIT	mg/m2	milligram per square meter		0			
OBS_GEN	OBSGEN RESULT UNIT	mg/{total_output}	milligram per total output		0			
OBS_GEN	OBSGEN RESULT UNIT	mg/{total_volume}	milligram per total volume		0			
OBS_GEN	OBSGEN RESULT UNIT	mg/wk	milligram per week		0			
OBS_GEN	OBSGEN RESULT UNIT	mL{fetal_RBCs}	milliliter of fetal red blood cells		0			
OBS_GEN	OBSGEN RESULT UNIT	mL/(10.h)	milliliter per 10 hour		0			
OBS_GEN	OBSGEN RESULT UNIT	mL/(12.h)	milliliter per 12 hour		0			
OBS_GEN	OBSGEN RESULT UNIT	mL/(2.h)	milliliter per 2 hour		0			
OBS_GEN	OBSGEN RESULT UNIT	mL/(4.h)	milliliter per 4 hour		0			
OBS_GEN	OBSGEN RESULT UNIT	mL/(5.h)	milliliter per 5 hour		0			
OBS_GEN	OBSGEN RESULT UNIT	mL/(6.h)	milliliter per 6 hour		0			
OBS_GEN	OBSGEN RESULT UNIT	mL/(72.h)	milliliter per 72 hour		0			
OBS_GEN	OBSGEN RESULT UNIT	mL/(8.h)	milliliter per 8 hour		0			
OBS_GEN	OBSGEN RESULT UNIT	mL/(8.h)/kg	milliliter per 8 hour per kilogram		0			
OBS_GEN	OBSGEN RESULT UNIT	mL/cm[H2O]	milliliter per centimeter of water		0			
OBS_GEN	OBSGEN RESULT UNIT	mL/d	milliliter per day		0			
OBS_GEN	OBSGEN RESULT UNIT	mL/{beat}	milliliter per heart beat		0			
OBS_GEN	OBSGEN RESULT UNIT	mL/{beat}/m2	milliliter per heart beat per  square meter		0			
OBS_GEN	OBSGEN RESULT UNIT	mL/h	milliliter per hour		0			
OBS_GEN	OBSGEN RESULT UNIT	mL/kg	milliliter per kilogram		0			
OBS_GEN	OBSGEN RESULT UNIT	mL/kg/(8.h)	milliliter per kilogram per 8 hour		0			
OBS_GEN	OBSGEN RESULT UNIT	mL/kg/d	milliliter per kilogram per day		0			
OBS_GEN	OBSGEN RESULT UNIT	mL/kg/h	milliliter per kilogram per hour		0			
OBS_GEN	OBSGEN RESULT UNIT	mL/kg/min	milliliter per kilogram per minute		0			
OBS_GEN	OBSGEN RESULT UNIT	mL/mbar	milliliter per millibar		0			
OBS_GEN	OBSGEN RESULT UNIT	mL/mm	milliliter per millimeter		0			
OBS_GEN	OBSGEN RESULT UNIT	mL/min/m2	milliliter per minute per square meter		0			
OBS_GEN	OBSGEN RESULT UNIT	mL/[sin_i]	milliliter per square inch (international)		0			
OBS_GEN	OBSGEN RESULT UNIT	mm[H2O]	millimeter of water		0			
OBS_GEN	OBSGEN RESULT UNIT	mm/min	millimeter per minute		0			
OBS_GEN	OBSGEN RESULT UNIT	mmol/(12.h)	millimole per 12 hour		0			
OBS_GEN	OBSGEN RESULT UNIT	mmol/(2.h)	millimole per 2 hour		0			
OBS_GEN	OBSGEN RESULT UNIT	mmol/(5.h)	millimole per 5 hour		0			
OBS_GEN	OBSGEN RESULT UNIT	mmol/(6.h)	millimole per 6 hour		0			
OBS_GEN	OBSGEN RESULT UNIT	mmol/(8.h)	millimole per 8 hour		0			
OBS_GEN	OBSGEN RESULT UNIT	mmol/d	millimole per day		0			
OBS_GEN	OBSGEN RESULT UNIT	mmol/{ejaculate}	millimole per ejaculate		0			
OBS_GEN	OBSGEN RESULT UNIT	mmol/g	millimole per gram		0			
OBS_GEN	OBSGEN RESULT UNIT	mmol/h	millimole per hour		0			
OBS_GEN	OBSGEN RESULT UNIT	mmol/h/mg{Hb}	millimole per hour per milligram of hemoglobin		0			
OBS_GEN	OBSGEN RESULT UNIT	mmol/h/mg{prot}	millimole per hour per milligram of protein		0			
OBS_GEN	OBSGEN RESULT UNIT	mmol/kg/(8.h)	millimole per kilogram per 8 hour		0			
OBS_GEN	OBSGEN RESULT UNIT	mmol/kg/d	millimole per kilogram per day		0			
OBS_GEN	OBSGEN RESULT UNIT	mmol/kg/h	millimole per kilogram per hour		0			
OBS_GEN	OBSGEN RESULT UNIT	mmol/kg/min	millimole per kilogram per minute		0			
OBS_GEN	OBSGEN RESULT UNIT	mmol/L{RBCs}	millimole per liter of red blood cells		0			
OBS_GEN	OBSGEN RESULT UNIT	mmol/mmol	millimole per millimole		0			
OBS_GEN	OBSGEN RESULT UNIT	mmol/mmol{urea}	millimole per millimole of urea		0			
OBS_GEN	OBSGEN RESULT UNIT	mmol/mmol{creat}	millimole per millmole of creatinine		0			
OBS_GEN	OBSGEN RESULT UNIT	mmol/min	millimole per minute		0			
OBS_GEN	OBSGEN RESULT UNIT	mmol/s/L	millimole per second per liter		0			
OBS_GEN	OBSGEN RESULT UNIT	mmol/m2	millimole per square meter		0			
OBS_GEN	OBSGEN RESULT UNIT	mmol/{total_vol}	millimole per total volume		0			
OBS_GEN	OBSGEN RESULT UNIT	10*6.[CFU]/L	million colony forming unit per liter		0			
OBS_GEN	OBSGEN RESULT UNIT	10*6.[IU]	million international unit		0			
OBS_GEN	OBSGEN RESULT UNIT	10*6/(24.h)	million per 24 hour		0			
OBS_GEN	OBSGEN RESULT UNIT	10*6/kg	million per kilogram		0			
OBS_GEN	OBSGEN RESULT UNIT	mPa	millipascal		0			
OBS_GEN	OBSGEN RESULT UNIT	mPa.s	millipascal second		0			
OBS_GEN	OBSGEN RESULT UNIT	mV	millivolt		0			
OBS_GEN	OBSGEN RESULT UNIT	min/d	min/d=minute per day		0			
OBS_GEN	OBSGEN RESULT UNIT	min/wk	min/wk=minute per week		0			
OBS_GEN	OBSGEN RESULT UNIT	{minidrop}/min	minidrop per minute		0			
OBS_GEN	OBSGEN RESULT UNIT	{minidrop}/s	minidrop per second		0			
OBS_GEN	OBSGEN RESULT UNIT	mol	mole		0			
OBS_GEN	OBSGEN RESULT UNIT	mol/m3	mole per cubic meter		0			
OBS_GEN	OBSGEN RESULT UNIT	mol/kg	mole per kilogram		0			
OBS_GEN	OBSGEN RESULT UNIT	mol/kg/s	mole per kilogram per second		0			
OBS_GEN	OBSGEN RESULT UNIT	mol/mL	mole per milliliter		0			
OBS_GEN	OBSGEN RESULT UNIT	mol/mol	mole per mole		0			
OBS_GEN	OBSGEN RESULT UNIT	mol/s	mole per second		0			
OBS_GEN	OBSGEN RESULT UNIT	{#}/{platelet}	molecule per platelet		0			
OBS_GEN	OBSGEN RESULT UNIT	mo	month		0			
OBS_GEN	OBSGEN RESULT UNIT	{mm/dd/yyyy}	month-day-year		0			
OBS_GEN	OBSGEN RESULT UNIT	{mutation}	mutation		0			
OBS_GEN	OBSGEN RESULT UNIT	mV/s	mV/s=millivolt per second		0			
OBS_GEN	OBSGEN RESULT UNIT	nU/mL	nanoenzyme unit per milliliter		0			
OBS_GEN	OBSGEN RESULT UNIT	nU/{RBC}	nanoenzyme unit per red blood cell		0			
OBS_GEN	OBSGEN RESULT UNIT	ng{FEU}/mL	nanogram fibrinogen equivalent unit per milliliter 		0			
OBS_GEN	OBSGEN RESULT UNIT	ng/(24.h)	nanogram per 24 hour		0			
OBS_GEN	OBSGEN RESULT UNIT	ng/(8.h)	nanogram per 8 hour		0			
OBS_GEN	OBSGEN RESULT UNIT	ng/d	nanogram per day		0			
OBS_GEN	OBSGEN RESULT UNIT	ng/U	nanogram per enzyme unit		0			
OBS_GEN	OBSGEN RESULT UNIT	ng/g{creat}	nanogram per gram of creatinine		0			
OBS_GEN	OBSGEN RESULT UNIT	ng/h	nanogram per hour		0			
OBS_GEN	OBSGEN RESULT UNIT	ng/kg	nanogram per kilogram		0			
OBS_GEN	OBSGEN RESULT UNIT	ng/kg/(8.h)	nanogram per kilogram per 8 hour		0			
OBS_GEN	OBSGEN RESULT UNIT	ng/kg/h	nanogram per kilogram per hour		0			
OBS_GEN	OBSGEN RESULT UNIT	ng/kg/min	nanogram per kilogram per minute		0			
OBS_GEN	OBSGEN RESULT UNIT	ng/mg{creat}	nanogram per milligram of creatinine		0			
OBS_GEN	OBSGEN RESULT UNIT	ng/mg{prot}	nanogram per milligram of protein		0			
OBS_GEN	OBSGEN RESULT UNIT	ng/mg/h	nanogram per milligram per hour		0			
OBS_GEN	OBSGEN RESULT UNIT	ng/mL{RBCs}	nanogram per milliliter of red blood cells		0			
OBS_GEN	OBSGEN RESULT UNIT	ng/10*6	nanogram per million		0			
OBS_GEN	OBSGEN RESULT UNIT	ng/10*6{RBCs}	nanogram per million red blood cells		0			
OBS_GEN	OBSGEN RESULT UNIT	ng/min	nanogram per minute		0			
OBS_GEN	OBSGEN RESULT UNIT	ng/s	nanogram per second		0			
OBS_GEN	OBSGEN RESULT UNIT	ng/m2	nanogram per square meter		0			
OBS_GEN	OBSGEN RESULT UNIT	nkat	nanokatal		0			
OBS_GEN	OBSGEN RESULT UNIT	nm/s/L	nanometer per second per liter		0			
OBS_GEN	OBSGEN RESULT UNIT	nmol{BCE}	nanomole bone collagen equivalent		0			
OBS_GEN	OBSGEN RESULT UNIT	nmol{BCE}/L	nanomole bone collagen equivalent per liter		0			
OBS_GEN	OBSGEN RESULT UNIT	nmol{BCE}/mmol{creat}	nanomole bone collagen equivalent per millimole of creatinine		0			
OBS_GEN	OBSGEN RESULT UNIT	nmol{1/2cys}/mg{prot}	nanomole of 1/2 cystine per milligram of protein		0			
OBS_GEN	OBSGEN RESULT UNIT	nmol{ATP}	nanomole of ATP 		0			
OBS_GEN	OBSGEN RESULT UNIT	nmol/d	nanomole per day		0			
OBS_GEN	OBSGEN RESULT UNIT	nmol/dL{GF}	nanomole per deciliter of glomerular filtrate		0			
OBS_GEN	OBSGEN RESULT UNIT	nmol/g{creat}	nanomole per gram of creatinine		0			
OBS_GEN	OBSGEN RESULT UNIT	nmol/g{dry_wt}	nanomole per gram of dry weight		0			
OBS_GEN	OBSGEN RESULT UNIT	nmol/h/L	nanomole per hour per liter		0			
OBS_GEN	OBSGEN RESULT UNIT	nmol/L{RBCs}	nanomole per liter of red blood cells		0			
OBS_GEN	OBSGEN RESULT UNIT	nmol/L/mmol{creat}	nanomole per liter per millimole of creatinine		0			
OBS_GEN	OBSGEN RESULT UNIT	nmol/m/mg{prot}	nanomole per meter per milligram of protein		0			
OBS_GEN	OBSGEN RESULT UNIT	nmol/umol{creat}	nanomole per micromole  of creatinine		0			
OBS_GEN	OBSGEN RESULT UNIT	nmol/mg{creat}	nanomole per milligram of creatinine		0			
OBS_GEN	OBSGEN RESULT UNIT	nmol/mg{prot}	nanomole per milligram of protein		0			
OBS_GEN	OBSGEN RESULT UNIT	nmol/mg{prot}/h	nanomole per milligram of protein per hour		0			
OBS_GEN	OBSGEN RESULT UNIT	nmol/mg/h	nanomole per milligram per hour		0			
OBS_GEN	OBSGEN RESULT UNIT	nmol/mmol{creat}	nanomole per millimole of creatinine		0			
OBS_GEN	OBSGEN RESULT UNIT	nmol/min	nanomole per minute		0			
OBS_GEN	OBSGEN RESULT UNIT	nmol/min/mg{Hb}	nanomole per minute per milligram of hemoglobin		0			
OBS_GEN	OBSGEN RESULT UNIT	nmol/min/mg{prot}	nanomole per minute per milligram of protein		0			
OBS_GEN	OBSGEN RESULT UNIT	nmol/min/mL	nanomole per minute per milliliter		0			
OBS_GEN	OBSGEN RESULT UNIT	nmol/nmol	nanomole per nanomole		0			
OBS_GEN	OBSGEN RESULT UNIT	nmol/s	nanomole per second		0			
OBS_GEN	OBSGEN RESULT UNIT	nmol/s/L	nanomole per second per liter		0			
OBS_GEN	OBSGEN RESULT UNIT	ns	nanosecond		0			
OBS_GEN	OBSGEN RESULT UNIT	N.cm	Newton centimeter		0			
OBS_GEN	OBSGEN RESULT UNIT	N.s	Newton second		0			
OBS_GEN	OBSGEN RESULT UNIT	nmol/h/mL	nmol/h/mL=nanomole per hour per milliliter		0			
OBS_GEN	OBSGEN RESULT UNIT	nmol/min/mg{protein}	nmol/min/mg{protein}=nanomole per minute per milligram protein		0			
OBS_GEN	OBSGEN RESULT UNIT	{#}/[LPF]	number per low power field		0			
OBS_GEN	OBSGEN RESULT UNIT	Ohm.m	Ohm meter		0			
OBS_GEN	OBSGEN RESULT UNIT	10*5	one hundred thousand		0			
OBS_GEN	OBSGEN RESULT UNIT	{OD_unit}	optical density unit		0			
OBS_GEN	OBSGEN RESULT UNIT	osm	osmole		0			
OBS_GEN	OBSGEN RESULT UNIT	osm/L	osmole per liter		0			
OBS_GEN	OBSGEN RESULT UNIT	[oz_av]	ounce (US and British)		0			
OBS_GEN	OBSGEN RESULT UNIT	{Pan_Bio'U}	panbio unit		0			
OBS_GEN	OBSGEN RESULT UNIT	[ppb]	part per billion		0			
OBS_GEN	OBSGEN RESULT UNIT	mg/kg/h	milligram per kilogram per hour		0			
OBS_GEN	OBSGEN RESULT UNIT	[ppm]	part per million		0			
OBS_GEN	OBSGEN RESULT UNIT	[ppm]{v/v}	part per million in volume per volume		0			
OBS_GEN	OBSGEN RESULT UNIT	[ppth]	part per thousand		0			
OBS_GEN	OBSGEN RESULT UNIT	[pptr]	part per trillion		0			
OBS_GEN	OBSGEN RESULT UNIT	Pa	Pascal		0			
OBS_GEN	OBSGEN RESULT UNIT	/10*10	per 10 billion  		0			
OBS_GEN	OBSGEN RESULT UNIT	/10*4{RBCs}	per 10 thousand red blood cells		0			
OBS_GEN	OBSGEN RESULT UNIT	/100{cells}	per 100 cells		0			
OBS_GEN	OBSGEN RESULT UNIT	/100{neutrophils}	per 100 neutrophils		0			
OBS_GEN	OBSGEN RESULT UNIT	/100{spermatozoa}	per 100 spermatozoa		0			
OBS_GEN	OBSGEN RESULT UNIT	/[arb'U]	per arbitrary unit		0			
OBS_GEN	OBSGEN RESULT UNIT	/10*9	per billion		0			
OBS_GEN	OBSGEN RESULT UNIT	/cm[H2O]	per centimeter of water		0			
OBS_GEN	OBSGEN RESULT UNIT	/m3	per cubic meter		0			
OBS_GEN	OBSGEN RESULT UNIT	/d	per day		0			
OBS_GEN	OBSGEN RESULT UNIT	/{entity}	per entity		0			
OBS_GEN	OBSGEN RESULT UNIT	/U	per enzyme unit		0			
OBS_GEN	OBSGEN RESULT UNIT	/g	per gram		0			
OBS_GEN	OBSGEN RESULT UNIT	/g{creat}	per gram of creatinine		0			
OBS_GEN	OBSGEN RESULT UNIT	/g{Hb}	per gram of hemoglobin		0			
OBS_GEN	OBSGEN RESULT UNIT	/g{tot_nit}	per gram of total nitrogen		0			
OBS_GEN	OBSGEN RESULT UNIT	/g{tot_prot}	per gram of total protein		0			
OBS_GEN	OBSGEN RESULT UNIT	/g{wet_tis}	per gram of wet tissue		0			
OBS_GEN	OBSGEN RESULT UNIT	/h	per hour		0			
OBS_GEN	OBSGEN RESULT UNIT	/[IU]	per international unit		0			
OBS_GEN	OBSGEN RESULT UNIT	/kg{body_wt}	per kilogram of body weight		0			
OBS_GEN	OBSGEN RESULT UNIT	/L	per liter		0			
OBS_GEN	OBSGEN RESULT UNIT	/mg	per milligram		0			
OBS_GEN	OBSGEN RESULT UNIT	/mL	per milliliter		0			
OBS_GEN	OBSGEN RESULT UNIT	/mm	per millimeter		0			
OBS_GEN	OBSGEN RESULT UNIT	/mmol{creat}	per millimole of creatinine		0			
OBS_GEN	OBSGEN RESULT UNIT	/10*6	per million		0			
OBS_GEN	OBSGEN RESULT UNIT	/min	per minute		0			
OBS_GEN	OBSGEN RESULT UNIT	/mo	per month		0			
OBS_GEN	OBSGEN RESULT UNIT	/{OIF}	per oil immersion field		0			
OBS_GEN	OBSGEN RESULT UNIT	/s	per second		0			
OBS_GEN	OBSGEN RESULT UNIT	/m2	per square meter		0			
OBS_GEN	OBSGEN RESULT UNIT	/10*3	per thousand		0			
OBS_GEN	OBSGEN RESULT UNIT	/10*3{RBCs}	per thousand red blood cells		0			
OBS_GEN	OBSGEN RESULT UNIT	/10*12	per trillion 		0			
OBS_GEN	OBSGEN RESULT UNIT	/10*12{RBCs}	per trillion red blood cells		0			
OBS_GEN	OBSGEN RESULT UNIT	/(12.h)	per twelve hour		0			
OBS_GEN	OBSGEN RESULT UNIT	/wk	per week		0			
OBS_GEN	OBSGEN RESULT UNIT	/a	per year		0			
OBS_GEN	OBSGEN RESULT UNIT	%{loss_AChR}	percent  loss of acetylcholine receptor		0			
OBS_GEN	OBSGEN RESULT UNIT	%{penetration}	percent  penetration		0			
OBS_GEN	OBSGEN RESULT UNIT	%{abnormal}	percent abnormal		0			
OBS_GEN	OBSGEN RESULT UNIT	%{aggregation}	percent aggregation		0			
OBS_GEN	OBSGEN RESULT UNIT	%{at_60_min}	percent at 60 minute		0			
OBS_GEN	OBSGEN RESULT UNIT	%{basal_activity}	percent basal activity		0			
OBS_GEN	OBSGEN RESULT UNIT	%{blockade}	percent blockade		0			
OBS_GEN	OBSGEN RESULT UNIT	%{bound}	percent bound		0			
OBS_GEN	OBSGEN RESULT UNIT	%{breakdown}	percent breakdown		0			
OBS_GEN	OBSGEN RESULT UNIT	%{deficient}	percent deficient		0			
OBS_GEN	OBSGEN RESULT UNIT	%{dose}	percent dose		0			
OBS_GEN	OBSGEN RESULT UNIT	%{excretion}	percent excretion		0			
OBS_GEN	OBSGEN RESULT UNIT	%{index}	percent index		0			
OBS_GEN	OBSGEN RESULT UNIT	%{loss}	percent loss		0			
OBS_GEN	OBSGEN RESULT UNIT	%{lysis}	percent lysis		0			
OBS_GEN	OBSGEN RESULT UNIT	%{pooled_plasma}	percent normal pooled plasma		0			
OBS_GEN	OBSGEN RESULT UNIT	%{bacteria}	percent of bacteria		0			
OBS_GEN	OBSGEN RESULT UNIT	%{cells}	percent of cells		0			
OBS_GEN	OBSGEN RESULT UNIT	%{RBCs}	percent of red blood cells		0			
OBS_GEN	OBSGEN RESULT UNIT	%{WBCs}	percent of white blood cells		0			
OBS_GEN	OBSGEN RESULT UNIT	%{reactive}	percent reactive		0			
OBS_GEN	OBSGEN RESULT UNIT	%{recovery}	percent recovery		0			
OBS_GEN	OBSGEN RESULT UNIT	%{reference}	percent reference		0			
OBS_GEN	OBSGEN RESULT UNIT	%{residual}	percent residual		0			
OBS_GEN	OBSGEN RESULT UNIT	%{saturation}	percent saturation		0			
OBS_GEN	OBSGEN RESULT UNIT	%{uptake}	percent uptake		0			
OBS_GEN	OBSGEN RESULT UNIT	%{viable}	percent viable		0			
OBS_GEN	OBSGEN RESULT UNIT	{percentile}	percentile		0			
OBS_GEN	OBSGEN RESULT UNIT	pg/mL{sLT}	pg/mL{sLT}=picogram per milliliter sulfidoleukotrienes		0			
OBS_GEN	OBSGEN RESULT UNIT	{phenotype}	phenotype		0			
OBS_GEN	OBSGEN RESULT UNIT	pA	picoampere		0			
OBS_GEN	OBSGEN RESULT UNIT	pg/{cell}	picogram per cell		0			
OBS_GEN	OBSGEN RESULT UNIT	pg/mg	picogram per milligram		0			
OBS_GEN	OBSGEN RESULT UNIT	pg/mg{creat}	picogram per milligram of creatinine		0			
OBS_GEN	OBSGEN RESULT UNIT	pg/{RBC}	picogram per red blood cell		0			
OBS_GEN	OBSGEN RESULT UNIT	pkat	picokatal		0			
OBS_GEN	OBSGEN RESULT UNIT	pm	picometer		0			
OBS_GEN	OBSGEN RESULT UNIT	pmol	picomole		0			
OBS_GEN	OBSGEN RESULT UNIT	pmol/(24.h)	picomole per 24 hour		0			
OBS_GEN	OBSGEN RESULT UNIT	pmol/d	picomole per day		0			
OBS_GEN	OBSGEN RESULT UNIT	pmol/dL	picomole per deciliter		0			
OBS_GEN	OBSGEN RESULT UNIT	pmol/g	picomole per gram		0			
OBS_GEN	OBSGEN RESULT UNIT	pmol/h/mg{prot}	picomole per hour per milligram of protein		0			
OBS_GEN	OBSGEN RESULT UNIT	pmol/h/mL	picomole per hour per milliliter 		0			
OBS_GEN	OBSGEN RESULT UNIT	pmol/umol	picomole per micromole		0			
OBS_GEN	OBSGEN RESULT UNIT	pmol/umol{creat}	picomole per micromole of creatinine		0			
OBS_GEN	OBSGEN RESULT UNIT	pmol/mg{prot}	picomole per milligram of protein		0			
OBS_GEN	OBSGEN RESULT UNIT	pmol/mmol{creat}	picomole per millimole of creatinine		0			
OBS_GEN	OBSGEN RESULT UNIT	pmol/min	picomole per minute		0			
OBS_GEN	OBSGEN RESULT UNIT	pmol/min/mg{prot}	picomole per minute per milligram of protein		0			
OBS_GEN	OBSGEN RESULT UNIT	ps	picosecond		0			
OBS_GEN	OBSGEN RESULT UNIT	pT	picotesla		0			
OBS_GEN	OBSGEN RESULT UNIT	[pt_us]	pint (US)		0			
OBS_GEN	OBSGEN RESULT UNIT	pmol/H/mg{protein}	pmol/H/mg{protein}=picomole per hour per milligram protein		0			
OBS_GEN	OBSGEN RESULT UNIT	{RBC}/uL	red blood cell per microliter		0			
OBS_GEN	OBSGEN RESULT UNIT	%{relative}	relative percent		0			
OBS_GEN	OBSGEN RESULT UNIT	{rel_saturation}	relative saturation		0			
OBS_GEN	OBSGEN RESULT UNIT	{Rubella_virus}	rubella virus		0			
OBS_GEN	OBSGEN RESULT UNIT	{saturation}	saturation		0			
OBS_GEN	OBSGEN RESULT UNIT	s/{control}	second per control		0			
OBS_GEN	OBSGEN RESULT UNIT	{shift}	shift		0			
OBS_GEN	OBSGEN RESULT UNIT	Sv	Sievert		0			
OBS_GEN	OBSGEN RESULT UNIT	{s_co_ratio}	signal to cutoff ratio		0			
OBS_GEN	OBSGEN RESULT UNIT	{spermatozoa}/mL	spermatozoa per milliliter		0			
OBS_GEN	OBSGEN RESULT UNIT	cm2/s	square centimeter per second		0			
OBS_GEN	OBSGEN RESULT UNIT	dm2/s2	square decimeter per square second		0			
OBS_GEN	OBSGEN RESULT UNIT	[sft_i]	square foot (international)		0			
OBS_GEN	OBSGEN RESULT UNIT	[sin_i]	square inch (international)		0			
OBS_GEN	OBSGEN RESULT UNIT	m2/s	square meter per second		0			
OBS_GEN	OBSGEN RESULT UNIT	mm2	square millimeter		0			
OBS_GEN	OBSGEN RESULT UNIT	[syd_i]	square yard (international)		0			
OBS_GEN	OBSGEN RESULT UNIT	{STDV}	standard deviation		0			
OBS_GEN	OBSGEN RESULT UNIT	[tbs_us]	tablespoon (US)		0			
OBS_GEN	OBSGEN RESULT UNIT	[tsp_us]	teaspoon (US)		0			
OBS_GEN	OBSGEN RESULT UNIT	10*3{RBCs}	thousand red blood cells		0			
OBS_GEN	OBSGEN RESULT UNIT	{TSI_index}	thyroid-stimulating immunoglobulin index		0			
OBS_GEN	OBSGEN RESULT UNIT	[todd'U]	Todd unit		0			
OBS_GEN	OBSGEN RESULT UNIT	Torr	Torr		0			
OBS_GEN	OBSGEN RESULT UNIT	[oz_tr]	Troy ounce		0			
OBS_GEN	OBSGEN RESULT UNIT	[tb'U]	tuberculin unit		0			
OBS_GEN	OBSGEN RESULT UNIT	umol/10*6{RBC}	umol/10*6{RBC}=micromole per million red blood cell		0			
OBS_GEN	OBSGEN RESULT UNIT	Wb	Weber		0			
OBS_GEN	OBSGEN RESULT UNIT	{WBCs}	white blood cells		0			
OBS_GEN	OBSGEN RESULT UNIT	[yd_i]	yard (international)		0			
OBS_GEN	OBSGEN TABLE MODIFIED	ENC	ENC=ENCOUNTER		0			
OBS_GEN	OBSGEN TABLE MODIFIED	DX	DX=DIAGNOSIS		0			
OBS_GEN	OBSGEN TABLE MODIFIED	PX	PX=PROCEDURES		0			
OBS_GEN	OBSGEN TABLE MODIFIED	VT	VT=VITAL		0			
OBS_GEN	OBSGEN TABLE MODIFIED	DSP	DSP=DISPENSING		0			
OBS_GEN	OBSGEN TABLE MODIFIED	LAB	LAB=LAB_RESULT_CM		0			
OBS_GEN	OBSGEN TABLE MODIFIED	CON	CON=CONDITION		0			
OBS_GEN	OBSGEN TABLE MODIFIED	PRO	PRO=PRO_CM		0			
OBS_GEN	OBSGEN TABLE MODIFIED	RX	RX=PRESCRIBING		0			
OBS_GEN	OBSGEN TABLE MODIFIED	PT	PT=PCORNET_TRIAL		0			
OBS_GEN	OBSGEN TABLE MODIFIED	DTH	DTH=DEATH		0			
OBS_GEN	OBSGEN TABLE MODIFIED	DC	DC=DEATH_CAUSE		0			
OBS_GEN	OBSGEN TABLE MODIFIED	MA	MA=MED_ADMIN		0			
OBS_GEN	OBSGEN TABLE MODIFIED	OC	OC=OBS_CLIN		0			
OBS_GEN	OBSGEN TABLE MODIFIED	OB	OB=OBS_GEN		0			
OBS_GEN	OBSGEN TABLE MODIFIED	IM	IM=IMMUNIZATION		0			
OBS_GEN	OBSGEN TABLE MODIFIED	LDS	LDS=LDS_ADDRESS_HISTORY		0			
OBS_GEN	OBSGEN TABLE MODIFIED	OT	OT=Other		0			
OBS_GEN	OBSGEN SOURCE	BI	BI=Billing		0			
OBS_GEN	OBSGEN SOURCE	CL	CL=Claim		0			
OBS_GEN	OBSGEN SOURCE	RG	RG=Registry		0			
OBS_GEN	OBSGEN SOURCE	SR	SR=Survey system / mobile app		0			
OBS_GEN	OBSGEN SOURCE	PR	PR=Patient-reported		0			
OBS_GEN	OBSGEN SOURCE	PD	PD=Patient device direct feed		0			
OBS_GEN	OBSGEN SOURCE	HC	HC=Healthcare delivery setting		0			
OBS_GEN	OBSGEN SOURCE	HD	HD=Healthcare device direct feed		0			
OBS_GEN	OBSGEN SOURCE	DR	DR=Derived		0			
OBS_GEN	OBSGEN SOURCE	NI	NI=No information		0			
OBS_GEN	OBSGEN SOURCE	UN	UN=Unknown		0			
OBS_GEN	OBSGEN SOURCE	OT	OT=Other		0			
OBS_GEN	OBSGEN ABN IND	AB	AB=Abnormal		0			
OBS_GEN	OBSGEN ABN IND	AH	AH=Abnormally  high		0			
OBS_GEN	OBSGEN ABN IND	AL	AL=Abnormally  low		0			
OBS_GEN	OBSGEN ABN IND	CH	CH=Critically  high		0			
OBS_GEN	OBSGEN ABN IND	CL	CL=Critically  low		0			
OBS_GEN	OBSGEN ABN IND	CR	CR=Critical		0			
OBS_GEN	OBSGEN ABN IND	IN	IN=Inconclusive		0			
OBS_GEN	OBSGEN ABN IND	NL	NL=Normal		0			
OBS_GEN	OBSGEN ABN IND	NI	NI=No  information		0			
OBS_GEN	OBSGEN ABN IND	UN	UN=Unknown		0			
OBS_GEN	OBSGEN ABN IND	OT	OT=Other		0			
LDS_ADDRESS_HISTORY	ADDRESS USE	HO	HO=Home		0			
LDS_ADDRESS_HISTORY	ADDRESS USE	WO	WO=Work		0			
LDS_ADDRESS_HISTORY	ADDRESS USE	TP	TP=Temp		0			
LDS_ADDRESS_HISTORY	ADDRESS USE	OL	OL=Old/Incorrect		0			
LDS_ADDRESS_HISTORY	ADDRESS USE	NI	NI=No information		0			
LDS_ADDRESS_HISTORY	ADDRESS USE	UN	UN=Unknown		0			
LDS_ADDRESS_HISTORY	ADDRESS USE	OT	OT=Other		0			
LDS_ADDRESS_HISTORY	ADDRESS TYPE	PO	PO=Postal		0			
LDS_ADDRESS_HISTORY	ADDRESS TYPE	PH	PH=Physical		0			
LDS_ADDRESS_HISTORY	ADDRESS TYPE	BO	BO=Both		0			
LDS_ADDRESS_HISTORY	ADDRESS TYPE	NI	NI=No information		0			
LDS_ADDRESS_HISTORY	ADDRESS TYPE	UN	UN=Unknown		0			
LDS_ADDRESS_HISTORY	ADDRESS TYPE	OT	OT=Other		0			
LDS_ADDRESS_HISTORY	ADDRESS STATE	AL	AL=Alabama		0			
LDS_ADDRESS_HISTORY	ADDRESS STATE	AK	AK=Alaska		0			
LDS_ADDRESS_HISTORY	ADDRESS STATE	AS	AS=American Samoa		0			
LDS_ADDRESS_HISTORY	ADDRESS STATE	AZ	AZ=Arizona		0			
LDS_ADDRESS_HISTORY	ADDRESS STATE	AR	AR=Arkansas		0			
LDS_ADDRESS_HISTORY	ADDRESS STATE	CA	CA=California		0			
LDS_ADDRESS_HISTORY	ADDRESS STATE	CO	CO=Colorado		0			
LDS_ADDRESS_HISTORY	ADDRESS STATE	CT	CT=Connecticut		0			
LDS_ADDRESS_HISTORY	ADDRESS STATE	DE	DE=Delaware		0			
LDS_ADDRESS_HISTORY	ADDRESS STATE	DC	DC=District of Columbia		0			
LDS_ADDRESS_HISTORY	ADDRESS STATE	FM	FM=Federated States of Micronesia		0			
LDS_ADDRESS_HISTORY	ADDRESS STATE	FL	FL=Florida		0			
LDS_ADDRESS_HISTORY	ADDRESS STATE	GA	GA=Georiga		0			
LDS_ADDRESS_HISTORY	ADDRESS STATE	GU	GU=Guam		0			
LDS_ADDRESS_HISTORY	ADDRESS STATE	ID	ID=Idaho		0			
LDS_ADDRESS_HISTORY	ADDRESS STATE	IL	IL=Illinois		0			
LDS_ADDRESS_HISTORY	ADDRESS STATE	IN	IN=Indiana		0			
LDS_ADDRESS_HISTORY	ADDRESS STATE	IA	IA=Iowa		0			
LDS_ADDRESS_HISTORY	ADDRESS STATE	KS	KS=Kansas		0			
LDS_ADDRESS_HISTORY	ADDRESS STATE	KY	KY=Kentucky		0			
LDS_ADDRESS_HISTORY	ADDRESS STATE	LA	LA=Louisiana		0			
LDS_ADDRESS_HISTORY	ADDRESS STATE	ME	ME=Maine		0			
LDS_ADDRESS_HISTORY	ADDRESS STATE	MH	MH=Marshall Islands		0			
LDS_ADDRESS_HISTORY	ADDRESS STATE	MD	MD=Maryland		0			
LDS_ADDRESS_HISTORY	ADDRESS STATE	MA	MA=Massachusetts		0			
LDS_ADDRESS_HISTORY	ADDRESS STATE	MI	MI=Michigan		0			
LDS_ADDRESS_HISTORY	ADDRESS STATE	MN	MN=Minnesota		0			
LDS_ADDRESS_HISTORY	ADDRESS STATE	MS	MS=Mississippi		0			
LDS_ADDRESS_HISTORY	ADDRESS STATE	MO	MO=Missouri		0			
LDS_ADDRESS_HISTORY	ADDRESS STATE	MT	MT=Montana		0			
LDS_ADDRESS_HISTORY	ADDRESS STATE	NE	NE=Nebraska		0			
LDS_ADDRESS_HISTORY	ADDRESS STATE	NV	NV=Nevada		0			
LDS_ADDRESS_HISTORY	ADDRESS STATE	NH	NH=New Hampshire		0			
LDS_ADDRESS_HISTORY	ADDRESS STATE	NJ	NJ=New Jersey		0			
LDS_ADDRESS_HISTORY	ADDRESS STATE	NY	NY=New York		0			
LDS_ADDRESS_HISTORY	ADDRESS STATE	NC	NC=North Carolina		0			
LDS_ADDRESS_HISTORY	ADDRESS STATE	ND	ND=North Dakota		0			
LDS_ADDRESS_HISTORY	ADDRESS STATE	MP	MP=Northern Mariana Islands		0			
LDS_ADDRESS_HISTORY	ADDRESS STATE	OH	OH=Ohio		0			
LDS_ADDRESS_HISTORY	ADDRESS STATE	OK	OK=Oklahoma		0			
LDS_ADDRESS_HISTORY	ADDRESS STATE	OR	OR=Oregon		0			
LDS_ADDRESS_HISTORY	ADDRESS STATE	PW	PW=Palau		0			
LDS_ADDRESS_HISTORY	ADDRESS STATE	PA	PA=Pennsylvania		0			
LDS_ADDRESS_HISTORY	ADDRESS STATE	PR	PR=Puerto Rico		0			
LDS_ADDRESS_HISTORY	ADDRESS STATE	RI	RI=Rhode Island		0			
LDS_ADDRESS_HISTORY	ADDRESS STATE	SC	SC=South Carolina		0			
LDS_ADDRESS_HISTORY	ADDRESS STATE	SD	SD=South Dakota		0			
LDS_ADDRESS_HISTORY	ADDRESS STATE	TN	TN=Tennessee		0			
LDS_ADDRESS_HISTORY	ADDRESS STATE	TX	TX=Texas		0			
LDS_ADDRESS_HISTORY	ADDRESS STATE	UT	UT=Utah		0			
LDS_ADDRESS_HISTORY	ADDRESS STATE	VT	VT=Vermont		0			
LDS_ADDRESS_HISTORY	ADDRESS STATE	VI	VI=Virgin Islands		0			
LDS_ADDRESS_HISTORY	ADDRESS STATE	VA	VA=Virginia		0			
LDS_ADDRESS_HISTORY	ADDRESS STATE	WA	WA=Washington		0			
OBS_GEN	OBSGEN RESULT UNIT	[psi]	pound per square inch		0			
OBS_GEN	OBSGEN RESULT UNIT	[qt_us]	quart (US)		0			
LDS_ADDRESS_HISTORY	ADDRESS STATE	WV	WV=West Virginia		0			
LDS_ADDRESS_HISTORY	ADDRESS STATE	WI	WI=Wisconsin		0			
LDS_ADDRESS_HISTORY	ADDRESS STATE	WY	WY=Wyoming		0			
LDS_ADDRESS_HISTORY	ADDRESS STATE	AE	AE=Armed Forces Europe, the Middle East, and Canada		0			
LDS_ADDRESS_HISTORY	ADDRESS STATE	AP	AP=Armed Forces Pacific		0			
LDS_ADDRESS_HISTORY	ADDRESS STATE	AA	AA=Armed Forces Americas (except Canada)		0			
LDS_ADDRESS_HISTORY	ADDRESS STATE	NI	NI=No  information		0			
LDS_ADDRESS_HISTORY	ADDRESS STATE	UN	UN=Unknown		0			
LDS_ADDRESS_HISTORY	ADDRESS STATE	OT	OT=Other		0			
IMMUNIZATION	VX CODE TYPE	CX	CX=CVX		0			
IMMUNIZATION	VX CODE TYPE	ND	ND=NDC		0			
IMMUNIZATION	VX CODE TYPE	CH	CH=CPT or HCPCS		0			
IMMUNIZATION	VX CODE TYPE	RX	RX=RXNORM		0			
IMMUNIZATION	VX CODE TYPE	NI	NI=No information		0			
IMMUNIZATION	VX CODE TYPE	UN	UN=Unknown		0			
IMMUNIZATION	VX CODE TYPE	OT	OT=Other		0			
IMMUNIZATION	VX STATUS	CP	CP=Completed		0			
IMMUNIZATION	VX STATUS	ER	ER=Entered in error		0			
IMMUNIZATION	VX STATUS	ND	ND=Not Done		0			
IMMUNIZATION	VX STATUS	IC	IC=Incomplete		0			
IMMUNIZATION	VX STATUS	NI	NI=No information		0			
IMMUNIZATION	VX STATUS	UN	UN=Unknown		0			
IMMUNIZATION	VX STATUS	OT	OT=Other		0			
IMMUNIZATION	VX STATUS REASON	IM	IM=Immunity		0			
IMMUNIZATION	VX STATUS REASON	MP	MP=Medical precaution		0			
IMMUNIZATION	VX STATUS REASON	OS 	OS=Out of stock		0			
IMMUNIZATION	VX STATUS REASON	PO	PO=Patient objection		0			
IMMUNIZATION	VX STATUS REASON	NI	NI=No information		0			
IMMUNIZATION	VX STATUS REASON	UN	UN=Unknown		0			
IMMUNIZATION	VX STATUS REASON	OT	OT=Other		0			
IMMUNIZATION	VX SOURCE	OD	OD=Internal administration 		0			
IMMUNIZATION	VX SOURCE	EF	EF=External feed 		0			
IMMUNIZATION	VX SOURCE	IS	IS=Immunization Information System		0			
IMMUNIZATION	VX SOURCE	PR	PR=Patient-reported		0			
IMMUNIZATION	VX SOURCE	DR	DR=Derived		0			
IMMUNIZATION	VX SOURCE	UN	UN=Unknown		0			
IMMUNIZATION	VX DOSE UNIT	%{response}	%{response}=percent response		0			
IMMUNIZATION	VX DOSE UNIT	[diop]	[diop]=diopter		0			
IMMUNIZATION	VX DOSE UNIT	[ft_us]/[ft_us]	[ft_us]/[ft_us]=feet (US) per feet (US)		0			
IMMUNIZATION	VX DOSE UNIT	[in_us]	[in_us]=inches (US)		0			
IMMUNIZATION	VX DOSE UNIT	[MET].min/wk	[MET].min/wk=metabolic equivalent minute per week		0			
IMMUNIZATION	VX DOSE UNIT	{#}/a	{#}/a=number per annum (year)		0			
IMMUNIZATION	VX DOSE UNIT	{#}/d	{#}/d=number per day		0			
IMMUNIZATION	VX DOSE UNIT	{#}/g	{#}/g=number per gram		0			
IMMUNIZATION	VX DOSE UNIT	{#}/wk	{#}/wk=number per week		0			
IMMUNIZATION	VX DOSE UNIT	{breaths}/min	{breaths}/min=breaths per minute		0			
IMMUNIZATION	VX DOSE UNIT	{Ct_value}	{Ct_value}=Cycle threshold value		0			
IMMUNIZATION	VX DOSE UNIT	{index}	{index}=index value		0			
IMMUNIZATION	VX DOSE UNIT	{risk}	{risk}=risk		0			
IMMUNIZATION	VX DOSE UNIT	{score}	{score}=score		0			
IMMUNIZATION	VX DOSE UNIT	{TmStp}	{TmStp}=time stamp		0			
IMMUNIZATION	VX DOSE UNIT	{Tscore}	{Tscore}=t score		0			
IMMUNIZATION	VX DOSE UNIT	{yyyy}	{yyyy}=year		0			
IMMUNIZATION	VX DOSE UNIT	{Zscore}	{Zscore}=z score		0			
IMMUNIZATION	VX DOSE UNIT	10.L/min	10 liter per minute		0			
IMMUNIZATION	VX DOSE UNIT	10.L/(min.m2)	10 liter per minute per square meter		0			
IMMUNIZATION	VX DOSE UNIT	10.uN.s/(cm5.m2)	10 micronewton second per centimeter to the fifth power per square meter		0			
IMMUNIZATION	VX DOSE UNIT	10*4/uL	10 thousand per microliter		0			
IMMUNIZATION	VX DOSE UNIT	10*8	100 million 		0			
IMMUNIZATION	VX DOSE UNIT	24.h	24 hour		0			
IMMUNIZATION	VX DOSE UNIT	{absorbance}	absorbance		0			
IMMUNIZATION	VX DOSE UNIT	{activity}	activity		0			
IMMUNIZATION	VX DOSE UNIT	[AU]	allergy unit		0			
IMMUNIZATION	VX DOSE UNIT	{AHF'U}	American Hospital Formulary unit		0			
IMMUNIZATION	VX DOSE UNIT	A	ampere		0			
IMMUNIZATION	VX DOSE UNIT	A/m	ampere per meter		0			
IMMUNIZATION	VX DOSE UNIT	[arb'U]	arbitrary unit		0			
IMMUNIZATION	VX DOSE UNIT	[arb'U]/mL	arbitrary unit per milliliter		0			
IMMUNIZATION	VX DOSE UNIT	{ARU}	aspirin response unit		0			
IMMUNIZATION	VX DOSE UNIT	atm	atmosphere		0			
IMMUNIZATION	VX DOSE UNIT	ag/{cell}	attogram per cell		0			
IMMUNIZATION	VX DOSE UNIT	bar	bar		0			
IMMUNIZATION	VX DOSE UNIT	Bq	Becquerel		0			
IMMUNIZATION	VX DOSE UNIT	[beth'U]	Bethesda unit		0			
IMMUNIZATION	VX DOSE UNIT	10*9/L	billion per liter		0			
IMMUNIZATION	VX DOSE UNIT	10*9/uL	billion per microliter		0			
IMMUNIZATION	VX DOSE UNIT	10*9/mL	billion per milliliter		0			
IMMUNIZATION	VX DOSE UNIT	{binding_index}	binding index		0			
IMMUNIZATION	VX DOSE UNIT	[bdsk'U]	Bodansky unit		0			
IMMUNIZATION	VX DOSE UNIT	{CAG_repeats}	CAG trinucleotide repeats		0			
IMMUNIZATION	VX DOSE UNIT	cal	calorie		0			
IMMUNIZATION	VX DOSE UNIT	{cells}	cells		0			
IMMUNIZATION	VX DOSE UNIT	{cells}/[HPF]	cells per high power field		0			
IMMUNIZATION	VX DOSE UNIT	{cells}/uL	cells per microliter		0			
IMMUNIZATION	VX DOSE UNIT	cg	centigram		0			
IMMUNIZATION	VX DOSE UNIT	cL	centiliter		0			
IMMUNIZATION	VX DOSE UNIT	cm[Hg]	centimeter of mercury		0			
IMMUNIZATION	VX DOSE UNIT	cm[H2O]	centimeter of water		0			
IMMUNIZATION	VX DOSE UNIT	cm[H2O]/L/s	centimeter of water per liter per second		0			
IMMUNIZATION	VX DOSE UNIT	cm[H2O]/s/m	centimeter of water per second per meter		0			
IMMUNIZATION	VX DOSE UNIT	cP	centipoise		0			
IMMUNIZATION	VX DOSE UNIT	cSt	centistoke		0			
IMMUNIZATION	VX DOSE UNIT	{delta_OD}	change in (delta) optical density		0			
IMMUNIZATION	VX DOSE UNIT	{clock_time}	clock time e.g 12:30PM		0			
IMMUNIZATION	VX DOSE UNIT	cm/s	cm/s=centimeter per second		0			
IMMUNIZATION	VX DOSE UNIT	cm3	cm3=cubic centimeter		0			
IMMUNIZATION	VX DOSE UNIT	[CFU]	colony forming unit		0			
IMMUNIZATION	VX DOSE UNIT	[CFU]/L	colony forming unit per liter		0			
IMMUNIZATION	VX DOSE UNIT	[CFU]/mL	colony forming unit per milliliter		0			
IMMUNIZATION	VX DOSE UNIT	{CAE'U}	complement activity enzyme unit		0			
IMMUNIZATION	VX DOSE UNIT	{CH100'U}	complement CH100 unit		0			
IMMUNIZATION	VX DOSE UNIT	{copies}	copies		0			
IMMUNIZATION	VX DOSE UNIT	{copies}/ug	copies per microgram		0			
IMMUNIZATION	VX DOSE UNIT	{copies}/mL	copies per milliliter		0			
IMMUNIZATION	VX DOSE UNIT	{count}	count		0			
IMMUNIZATION	VX DOSE UNIT	{CPM}	counts per minute		0			
IMMUNIZATION	VX DOSE UNIT	{CPM}/10*3{cell}	counts per minute per thousand cells		0			
IMMUNIZATION	VX DOSE UNIT	[cin_i]	cubic inch (international)		0			
IMMUNIZATION	VX DOSE UNIT	m3/s	cubic meter per second		0			
IMMUNIZATION	VX DOSE UNIT	d/(7.d)	d/(7.d)=day per 7 day		0			
IMMUNIZATION	VX DOSE UNIT	d/wk	d/wk=days per week		0			
IMMUNIZATION	VX DOSE UNIT	d	day		0			
IMMUNIZATION	VX DOSE UNIT	dB	decibel		0			
IMMUNIZATION	VX DOSE UNIT	dg	decigram		0			
IMMUNIZATION	VX DOSE UNIT	dL	deciliter		0			
IMMUNIZATION	VX DOSE UNIT	dm	decimeter		0			
IMMUNIZATION	VX DOSE UNIT	deg	degree (plane angle)		0			
IMMUNIZATION	VX DOSE UNIT	Cel	degree Celsius		0			
IMMUNIZATION	VX DOSE UNIT	[degF]	degree Fahrenheit		0			
IMMUNIZATION	VX DOSE UNIT	K	degree Kelvin		0			
IMMUNIZATION	VX DOSE UNIT	K/W	degree Kelvin per Watt		0			
IMMUNIZATION	VX DOSE UNIT	deg/s	degree per second		0			
IMMUNIZATION	VX DOSE UNIT	daL/min	dekaliter per minute		0			
IMMUNIZATION	VX DOSE UNIT	{dilution}	dilution		0			
IMMUNIZATION	VX DOSE UNIT	[dr_av]	dram  (US and British)		0			
IMMUNIZATION	VX DOSE UNIT	[drp]	drop (1/12 milliliter)		0			
IMMUNIZATION	VX DOSE UNIT	dyn.s/cm	dyne second per centimeter		0			
IMMUNIZATION	VX DOSE UNIT	dyn.s/(cm.m2)	dyne second per centimeter per square meter		0			
IMMUNIZATION	VX DOSE UNIT	{Ehrlich'U}	Ehrlich unit		0			
IMMUNIZATION	VX DOSE UNIT	{Ehrlich'U}/100.g	Ehrlich unit per 100 gram		0			
IMMUNIZATION	VX DOSE UNIT	{Ehrlich'U}/(2.h)	Ehrlich unit per 2 hour		0			
IMMUNIZATION	VX DOSE UNIT	{Ehrlich'U}/d	Ehrlich unit per day		0			
IMMUNIZATION	VX DOSE UNIT	{Ehrlich'U}/dL	Ehrlich unit per deciliter		0			
IMMUNIZATION	VX DOSE UNIT	{EIA_index}	EIA index		0			
IMMUNIZATION	VX DOSE UNIT	{EIA_titer}	EIA titer		0			
IMMUNIZATION	VX DOSE UNIT	{EIA'U}	EIA unit		0			
IMMUNIZATION	VX DOSE UNIT	{EIA'U}/U	EIA unit per enzyme unit		0			
IMMUNIZATION	VX DOSE UNIT	{EV}	EIA value		0			
IMMUNIZATION	VX DOSE UNIT	eV	electron Volt		0			
IMMUNIZATION	VX DOSE UNIT	{ELISA'U}	ELISA unit		0			
IMMUNIZATION	VX DOSE UNIT	U	enzyme unit		0			
IMMUNIZATION	VX DOSE UNIT	U/10	enzyme unit per 10		0			
IMMUNIZATION	VX DOSE UNIT	U/10*10	enzyme unit per 10 billion		0			
IMMUNIZATION	VX DOSE UNIT	U/10*10{cells}	enzyme unit per 10 billion cells		0			
IMMUNIZATION	VX DOSE UNIT	U/(10.g){feces}	enzyme unit per 10 gram of feces		0			
IMMUNIZATION	VX DOSE UNIT	U/(12.h)	enzyme unit per 12 hour		0			
IMMUNIZATION	VX DOSE UNIT	U/(2.h)	enzyme unit per 2 hour		0			
IMMUNIZATION	VX DOSE UNIT	U/(24.h)	enzyme unit per 24 hour		0			
IMMUNIZATION	VX DOSE UNIT	U/10*9	enzyme unit per billion		0			
IMMUNIZATION	VX DOSE UNIT	U/d	enzyme unit per day		0			
IMMUNIZATION	VX DOSE UNIT	U/g	enzyme unit per gram		0			
IMMUNIZATION	VX DOSE UNIT	U/g{creat}	enzyme unit per gram of creatinine		0			
IMMUNIZATION	VX DOSE UNIT	U/g{Hb}	enzyme unit per gram of hemoglobin		0			
IMMUNIZATION	VX DOSE UNIT	U/g{protein}	enzyme unit per gram of protein		0			
IMMUNIZATION	VX DOSE UNIT	U/h	enzyme unit per hour		0			
IMMUNIZATION	VX DOSE UNIT	U/kg{Hb}	enzyme unit per kilogram of hemoglobin		0			
IMMUNIZATION	VX DOSE UNIT	U/L	enzyme unit per liter		0			
IMMUNIZATION	VX DOSE UNIT	U{25Cel}/L	enzyme unit per liter at 25 deg Celsius 		0			
IMMUNIZATION	VX DOSE UNIT	U{37Cel}/L	enzyme unit per liter at 37 deg Celsius		0			
IMMUNIZATION	VX DOSE UNIT	U/mL	enzyme unit per milliliter		0			
IMMUNIZATION	VX DOSE UNIT	U/mL{RBCs}	enzyme unit per milliliter of red blood cells		0			
IMMUNIZATION	VX DOSE UNIT	U/mmol{creat}	enzyme unit per millimole of creatinine		0			
IMMUNIZATION	VX DOSE UNIT	U/10*6	enzyme unit per million		0			
IMMUNIZATION	VX DOSE UNIT	U/min	enzyme unit per minute		0			
IMMUNIZATION	VX DOSE UNIT	U/s	enzyme unit per second		0			
IMMUNIZATION	VX DOSE UNIT	U/10*12	enzyme unit per trillion		0			
IMMUNIZATION	VX DOSE UNIT	U/10*12{RBCs}	enzyme unit per trillion red blood cells		0			
IMMUNIZATION	VX DOSE UNIT	eq	equivalent		0			
IMMUNIZATION	VX DOSE UNIT	eq/L	equivalent per liter		0			
IMMUNIZATION	VX DOSE UNIT	eq/umol	equivalent per micromole		0			
IMMUNIZATION	VX DOSE UNIT	eq/mL	equivalent per milliliter		0			
IMMUNIZATION	VX DOSE UNIT	eq/mmol	equivalent per millimole		0			
IMMUNIZATION	VX DOSE UNIT	erg	erg		0			
IMMUNIZATION	VX DOSE UNIT	F	Farad		0			
IMMUNIZATION	VX DOSE UNIT	fg	femtogram		0			
IMMUNIZATION	VX DOSE UNIT	fL	femtoliter		0			
IMMUNIZATION	VX DOSE UNIT	fm	femtometer		0			
IMMUNIZATION	VX DOSE UNIT	fmol	femtomole		0			
IMMUNIZATION	VX DOSE UNIT	fmol/g	femtomole per gram		0			
IMMUNIZATION	VX DOSE UNIT	fmol/L	femtomole per liter		0			
IMMUNIZATION	VX DOSE UNIT	fmol/mg	femtomole per milligram		0			
IMMUNIZATION	VX DOSE UNIT	fmol/mg{prot}	femtomole per milligram of protein		0			
IMMUNIZATION	VX DOSE UNIT	fmol/mL	femtomole per milliliter		0			
IMMUNIZATION	VX DOSE UNIT	[foz_us]	fluid ounce (US)		0			
IMMUNIZATION	VX DOSE UNIT	[ft_i]	foot (international)		0			
IMMUNIZATION	VX DOSE UNIT	{fraction}	fraction		0			
IMMUNIZATION	VX DOSE UNIT	[Ch]	French (catheter gauge) 		0			
IMMUNIZATION	VX DOSE UNIT	g/cm2	g/cm2=gram per square centimeter		0			
IMMUNIZATION	VX DOSE UNIT	{GAA_repeats}	GAA trinucleotide repeats		0			
IMMUNIZATION	VX DOSE UNIT	[gal_us]	gallon (US)		0			
IMMUNIZATION	VX DOSE UNIT	{Globules}/[HPF]	globules (drops)  per high power field		0			
IMMUNIZATION	VX DOSE UNIT	g.m	gram meter		0			
IMMUNIZATION	VX DOSE UNIT	g.m/{beat}	gram meter per heart beat 		0			
IMMUNIZATION	VX DOSE UNIT	g{creat}	gram of creatinine		0			
IMMUNIZATION	VX DOSE UNIT	g{Hb}	gram of hemoglobin		0			
IMMUNIZATION	VX DOSE UNIT	g{total_nit}	gram of total nitrogen		0			
IMMUNIZATION	VX DOSE UNIT	g{total_prot}	gram of total protein		0			
IMMUNIZATION	VX DOSE UNIT	g{wet_tissue}	gram of wet tissue		0			
IMMUNIZATION	VX DOSE UNIT	g/kg/(8.h)	gram per  kilogram per 8 hour 		0			
IMMUNIZATION	VX DOSE UNIT	g/(100.g)	gram per 100 gram		0			
IMMUNIZATION	VX DOSE UNIT	g/(12.h)	gram per 12 hour		0			
IMMUNIZATION	VX DOSE UNIT	g/(24.h)	gram per 24 hour		0			
IMMUNIZATION	VX DOSE UNIT	g/(3.d)	gram per 3 days		0			
IMMUNIZATION	VX DOSE UNIT	g/(4.h)	gram per 4 hour		0			
IMMUNIZATION	VX DOSE UNIT	g/(48.h)	gram per 48 hour		0			
IMMUNIZATION	VX DOSE UNIT	g/(5.h)	gram per 5 hour		0			
IMMUNIZATION	VX DOSE UNIT	g/(6.h)	gram per 6 hour		0			
IMMUNIZATION	VX DOSE UNIT	g/(72.h)	gram per 72 hour		0			
IMMUNIZATION	VX DOSE UNIT	g/(8.h){shift}	gram per 8 hour shift		0			
IMMUNIZATION	VX DOSE UNIT	g/d	gram per day		0			
IMMUNIZATION	VX DOSE UNIT	g/dL	gram per deciliter		0			
IMMUNIZATION	VX DOSE UNIT	g/g	gram per gram		0			
IMMUNIZATION	VX DOSE UNIT	g/g{creat}	gram per gram of creatinine		0			
IMMUNIZATION	VX DOSE UNIT	g/g{globulin}	gram per gram of globulin		0			
IMMUNIZATION	VX DOSE UNIT	g/g{tissue}	gram per gram of tissue		0			
IMMUNIZATION	VX DOSE UNIT	g/h/m2	gram per hour per square meter		0			
IMMUNIZATION	VX DOSE UNIT	g/kg/(8.h){shift}	gram per kilogram per 8 hour shift		0			
IMMUNIZATION	VX DOSE UNIT	g/kg/d	gram per kilogram per day		0			
IMMUNIZATION	VX DOSE UNIT	g/kg/h	gram per kilogram per hour		0			
IMMUNIZATION	VX DOSE UNIT	g/kg/min	gram per kilogram per minute		0			
IMMUNIZATION	VX DOSE UNIT	g/L	gram per liter		0			
IMMUNIZATION	VX DOSE UNIT	g/mg	gram per milligram		0			
IMMUNIZATION	VX DOSE UNIT	g/mL	gram per milliliter		0			
IMMUNIZATION	VX DOSE UNIT	g/mmol	gram per millimole		0			
IMMUNIZATION	VX DOSE UNIT	g/min	gram per minute		0			
IMMUNIZATION	VX DOSE UNIT	g/mol{creat}	gram per mole of creatinine		0			
IMMUNIZATION	VX DOSE UNIT	g/{specimen}	gram per specimen		0			
IMMUNIZATION	VX DOSE UNIT	g/{total_output}	gram per total output		0			
IMMUNIZATION	VX DOSE UNIT	g/{total_weight}	gram per total weight		0			
IMMUNIZATION	VX DOSE UNIT	Gy	Gray		0			
IMMUNIZATION	VX DOSE UNIT	h/d	h/d=hour per day		0			
IMMUNIZATION	VX DOSE UNIT	h/wk	h/wk=hour per week		0			
IMMUNIZATION	VX DOSE UNIT	{beats}/min	heart beats per minute		0			
IMMUNIZATION	VX DOSE UNIT	H	Henry		0			
IMMUNIZATION	VX DOSE UNIT	Hz	Hertz		0			
IMMUNIZATION	VX DOSE UNIT	[HPF]	high power field		0			
IMMUNIZATION	VX DOSE UNIT	h	hour		0			
IMMUNIZATION	VX DOSE UNIT	[APL'U]/mL	IgA anticardiolipin unit per milliliter**		0			
IMMUNIZATION	VX DOSE UNIT	[APL'U]	IgA anticardiolipin unit**		0			
IMMUNIZATION	VX DOSE UNIT	{APS'U}	IgA antiphosphatidylserine unit 		0			
IMMUNIZATION	VX DOSE UNIT	[GPL'U]/mL	IgG anticardiolipin unit per milliliter**		0			
IMMUNIZATION	VX DOSE UNIT	[GPL'U]	IgG anticardiolipin unit**		0			
IMMUNIZATION	VX DOSE UNIT	{GPS'U}	IgG antiphosphatidylserine unit		0			
IMMUNIZATION	VX DOSE UNIT	[MPL'U]/mL	IgM anticardiolipin unit per milliliter**		0			
IMMUNIZATION	VX DOSE UNIT	[MPL'U]	IgM anticardiolipin unit**		0			
IMMUNIZATION	VX DOSE UNIT	{MPS'U}	IgM antiphosphatidylserine unit		0			
IMMUNIZATION	VX DOSE UNIT	{MPS'U}/mL	IgM antiphosphatidylserine unit per milliliter		0			
IMMUNIZATION	VX DOSE UNIT	{ImmuneComplex'U}	immune complex unit		0			
IMMUNIZATION	VX DOSE UNIT	{ISR}	immune status ratio		0			
IMMUNIZATION	VX DOSE UNIT	{IFA_index}	immunofluorescence assay index		0			
IMMUNIZATION	VX DOSE UNIT	{IFA_titer}	Immunofluorescence assay titer		0			
IMMUNIZATION	VX DOSE UNIT	[in_i]	inch (international)		0			
IMMUNIZATION	VX DOSE UNIT	[in_i'H2O]	inch (international) of water		0			
IMMUNIZATION	VX DOSE UNIT	{index_val}	index value		0			
IMMUNIZATION	VX DOSE UNIT	{HA_titer}	influenza hemagglutination titer		0			
IMMUNIZATION	VX DOSE UNIT	{INR}	international normalized ratio		0			
IMMUNIZATION	VX DOSE UNIT	[IU]/(2.h)	international unit per 2 hour		0			
IMMUNIZATION	VX DOSE UNIT	[IU]/(24.h)	international unit per 24 hour		0			
IMMUNIZATION	VX DOSE UNIT	[IU]/d	international unit per day		0			
IMMUNIZATION	VX DOSE UNIT	[IU]/dL	international unit per deciliter		0			
IMMUNIZATION	VX DOSE UNIT	[IU]/g	international unit per gram		0			
IMMUNIZATION	VX DOSE UNIT	[IU]/g{Hb}	international unit per gram of hemoglobin		0			
IMMUNIZATION	VX DOSE UNIT	[IU]/kg/d	international unit per kilogram per day		0			
IMMUNIZATION	VX DOSE UNIT	{FIU}	fluorescent intensity unit		0			
IMMUNIZATION	VX DOSE UNIT	[IU]/L	international unit per liter		0			
IMMUNIZATION	VX DOSE UNIT	[IU]/L{37Cel}	international unit per liter at 37 degrees Celsius		0			
IMMUNIZATION	VX DOSE UNIT	[IU]/mg{creat}	international unit per milligram of creatinine		0			
IMMUNIZATION	VX DOSE UNIT	J	joule		0			
IMMUNIZATION	VX DOSE UNIT	J/L	joule per liter		0			
IMMUNIZATION	VX DOSE UNIT	{JDF'U}	Juvenile Diabetes Foundation unit		0			
IMMUNIZATION	VX DOSE UNIT	{JDF'U}/L	Juvenile Diabetes Foundation unit per liter		0			
IMMUNIZATION	VX DOSE UNIT	{KCT'U}	kaolin clotting time		0			
IMMUNIZATION	VX DOSE UNIT	kat	katal		0			
IMMUNIZATION	VX DOSE UNIT	kat/kg	katal per kilogram		0			
IMMUNIZATION	VX DOSE UNIT	kat/L	katal per liter		0			
IMMUNIZATION	VX DOSE UNIT	kcal/(24.h)	kcal/(24.h)=kilocalorie per 24 hour		0			
IMMUNIZATION	VX DOSE UNIT	kU	kilo enzyme unit		0			
IMMUNIZATION	VX DOSE UNIT	kU/g	kilo enzyme unit per gram		0			
IMMUNIZATION	VX DOSE UNIT	kU/L	kilo enzyme unit per liter		0			
IMMUNIZATION	VX DOSE UNIT	kU/L{class}	kilo enzyme unit per liter class		0			
IMMUNIZATION	VX DOSE UNIT	kU/mL	kilo enzyme unit per milliliter		0			
IMMUNIZATION	VX DOSE UNIT	k[IU]/L	kilo international unit per liter		0			
IMMUNIZATION	VX DOSE UNIT	k[IU]/mL	kilo international unit per milliliter		0			
IMMUNIZATION	VX DOSE UNIT	kcal	kilocalorie		0			
IMMUNIZATION	VX DOSE UNIT	kcal/d	kilocalorie per day		0			
IMMUNIZATION	VX DOSE UNIT	kcal/h	kilocalorie per hour		0			
IMMUNIZATION	VX DOSE UNIT	kcal/kg/(24.h)	kilocalorie per kilogram per 24 hour		0			
IMMUNIZATION	VX DOSE UNIT	kcal/[oz_av]	kilocalorie per ounce (US & British)		0			
IMMUNIZATION	VX DOSE UNIT	kg	kilogram		0			
IMMUNIZATION	VX DOSE UNIT	kg.m/s	kilogram meter per second		0			
IMMUNIZATION	VX DOSE UNIT	kg/m3	kilogram per cubic meter		0			
IMMUNIZATION	VX DOSE UNIT	kg/h	kilogram per hour		0			
IMMUNIZATION	VX DOSE UNIT	kg/L	kilogram per liter		0			
IMMUNIZATION	VX DOSE UNIT	kg/min	kilogram per minute		0			
IMMUNIZATION	VX DOSE UNIT	kg/mol	kilogram per mole		0			
IMMUNIZATION	VX DOSE UNIT	kg/s	kilogram per second		0			
IMMUNIZATION	VX DOSE UNIT	kg/(s.m2)	kilogram per second per square meter		0			
IMMUNIZATION	VX DOSE UNIT	kg/m2	kilogram per square meter		0			
IMMUNIZATION	VX DOSE UNIT	km	kilometer		0			
IMMUNIZATION	VX DOSE UNIT	kPa	kilopascal		0			
IMMUNIZATION	VX DOSE UNIT	ks	kilosecond		0			
IMMUNIZATION	VX DOSE UNIT	[ka'U]	King Armstrong unit		0			
IMMUNIZATION	VX DOSE UNIT	{KRONU'U}/mL	Kronus unit per milliliter		0			
IMMUNIZATION	VX DOSE UNIT	[knk'U]	Kunkel unit		0			
IMMUNIZATION	VX DOSE UNIT	L/min/m2	L/min/m2=liter per minute per sqaure meter		0			
IMMUNIZATION	VX DOSE UNIT	L	liter		0			
IMMUNIZATION	VX DOSE UNIT	L/(24.h)	liter per 24 hour		0			
IMMUNIZATION	VX DOSE UNIT	L/(8.h)	liter per 8 hour		0			
IMMUNIZATION	VX DOSE UNIT	L/d	liter per day		0			
IMMUNIZATION	VX DOSE UNIT	L/kg	liter per kilogram		0			
IMMUNIZATION	VX DOSE UNIT	L/L	liter per liter		0			
IMMUNIZATION	VX DOSE UNIT	L/min	liter per minute		0			
IMMUNIZATION	VX DOSE UNIT	L/s	liter per second		0			
IMMUNIZATION	VX DOSE UNIT	L/s/s2	liter per second per square second		0			
IMMUNIZATION	VX DOSE UNIT	{Log_copies}/mL	log (base 10) copies per milliliter		0			
IMMUNIZATION	VX DOSE UNIT	{Log_IU}	log (base 10) international unit		0			
IMMUNIZATION	VX DOSE UNIT	{Log}	log base 10		0			
IMMUNIZATION	VX DOSE UNIT	[LPF]	low power field		0			
IMMUNIZATION	VX DOSE UNIT	lm	lumen		0			
IMMUNIZATION	VX DOSE UNIT	lm.m2	lumen square meter		0			
IMMUNIZATION	VX DOSE UNIT	{Lyme_index_value}	Lyme index value		0			
IMMUNIZATION	VX DOSE UNIT	[mclg'U]	Maclagan unit		0			
IMMUNIZATION	VX DOSE UNIT	Ms	megasecond		0			
IMMUNIZATION	VX DOSE UNIT	m	meter		0			
IMMUNIZATION	VX DOSE UNIT	m/s	meter per second		0			
IMMUNIZATION	VX DOSE UNIT	m/s2	meter per square second		0			
IMMUNIZATION	VX DOSE UNIT	t	metric ton		0			
IMMUNIZATION	VX DOSE UNIT	uU/g	micro enzyme unit per gram		0			
IMMUNIZATION	VX DOSE UNIT	uU/L	micro enzyme unit per liter		0			
IMMUNIZATION	VX DOSE UNIT	uU/mL	micro enzyme unit per milliliter		0			
IMMUNIZATION	VX DOSE UNIT	u[IU]/mL	micro international unit per milliliter		0			
IMMUNIZATION	VX DOSE UNIT	ueq	microequivalent		0			
IMMUNIZATION	VX DOSE UNIT	ueq/L	microequivalent per liter		0			
IMMUNIZATION	VX DOSE UNIT	ueq/mL	microequivalent per milliliter		0			
IMMUNIZATION	VX DOSE UNIT	ug/g{feces}	microgram  per gram of feces		0			
IMMUNIZATION	VX DOSE UNIT	ug{FEU}/mL	microgram fibrinogen equivalent unit per milliliter		0			
IMMUNIZATION	VX DOSE UNIT	ug/(100.g)	microgram per 100 gram		0			
IMMUNIZATION	VX DOSE UNIT	ug/(24.h)	microgram per 24 hour		0			
IMMUNIZATION	VX DOSE UNIT	ug/m3	microgram per cubic meter		0			
IMMUNIZATION	VX DOSE UNIT	ug/dL	microgram per deciliter		0			
IMMUNIZATION	VX DOSE UNIT	ug/dL{RBCs}	microgram per deciliter of red blood cells		0			
IMMUNIZATION	VX DOSE UNIT	ug/g	microgram per gram		0			
IMMUNIZATION	VX DOSE UNIT	ug/g{creat}	microgram per gram of creatinine		0			
IMMUNIZATION	VX DOSE UNIT	ug/g{dry_tissue}	microgram per gram of dry tissue		0			
IMMUNIZATION	VX DOSE UNIT	ug/g{dry_wt}	microgram per gram of dry weight		0			
IMMUNIZATION	VX DOSE UNIT	ug/g{hair}	microgram per gram of hair		0			
IMMUNIZATION	VX DOSE UNIT	ug/g{Hb}	microgram per gram of hemoglobin		0			
IMMUNIZATION	VX DOSE UNIT	ug/g{tissue}	microgram per gram of tissue		0			
IMMUNIZATION	VX DOSE UNIT	ug/kg/(8.h)	microgram per kilogram per 8 hour		0			
IMMUNIZATION	VX DOSE UNIT	ug/kg/d	microgram per kilogram per day		0			
IMMUNIZATION	VX DOSE UNIT	ug/L	microgram per liter		0			
IMMUNIZATION	VX DOSE UNIT	ug/L{RBCs}	microgram per liter of red blood cells		0			
IMMUNIZATION	VX DOSE UNIT	ug/L/(24.h)	microgram per liter per 24 hour		0			
IMMUNIZATION	VX DOSE UNIT	ug/mg	microgram per milligram		0			
IMMUNIZATION	VX DOSE UNIT	ug/mg{creat}	microgram per milligram of creatinine		0			
IMMUNIZATION	VX DOSE UNIT	ug/mL	microgram per milliliter		0			
IMMUNIZATION	VX DOSE UNIT	ug/mL{class}	microgram per milliliter class		0			
IMMUNIZATION	VX DOSE UNIT	ug/mL{eqv}	microgram per milliliter equivalent		0			
IMMUNIZATION	VX DOSE UNIT	ug/mmol	microgram per millimole		0			
IMMUNIZATION	VX DOSE UNIT	ug/mmol{creat}	microgram per millimole of creatinine		0			
IMMUNIZATION	VX DOSE UNIT	ug/{specimen}	microgram per specimen		0			
IMMUNIZATION	VX DOSE UNIT	ug/[sft_i]	microgram per square foot (international)		0			
IMMUNIZATION	VX DOSE UNIT	u[IU]/L	microinternational unit per liter		0			
IMMUNIZATION	VX DOSE UNIT	ukat	microkatal		0			
IMMUNIZATION	VX DOSE UNIT	uL	microliter		0			
IMMUNIZATION	VX DOSE UNIT	uL/(2.h)	microliter per 2 hour		0			
IMMUNIZATION	VX DOSE UNIT	uL/h	microliter per hour		0			
IMMUNIZATION	VX DOSE UNIT	um	micrometer		0			
IMMUNIZATION	VX DOSE UNIT	umol	micromole		0			
IMMUNIZATION	VX DOSE UNIT	umol{BCE}/mol	micromole bone collagen equivalent per mole		0			
IMMUNIZATION	VX DOSE UNIT	umol/(2.h)	micromole per 2 hour		0			
IMMUNIZATION	VX DOSE UNIT	umol/(24.h)	micromole per 24 hour		0			
IMMUNIZATION	VX DOSE UNIT	umol/d	micromole per day		0			
IMMUNIZATION	VX DOSE UNIT	umol/dL	micromole per deciliter		0			
IMMUNIZATION	VX DOSE UNIT	umol/dL{GF}	micromole per deciliter of glomerular filtrate		0			
IMMUNIZATION	VX DOSE UNIT	umol/g	micromole per gram		0			
IMMUNIZATION	VX DOSE UNIT	umol/g{creat}	micromole per gram of creatinine		0			
IMMUNIZATION	VX DOSE UNIT	umol/g{Hb}	micromole per gram of hemoglobin		0			
IMMUNIZATION	VX DOSE UNIT	umol/h	micromole per hour		0			
IMMUNIZATION	VX DOSE UNIT	umol/kg	micromole per kilogram		0			
IMMUNIZATION	VX DOSE UNIT	umol/kg{feces}	micromole per kilogram of feces		0			
IMMUNIZATION	VX DOSE UNIT	umol/L	micromole per liter		0			
IMMUNIZATION	VX DOSE UNIT	umol/L{RBCs}	micromole per liter of red blood cells		0			
IMMUNIZATION	VX DOSE UNIT	umol/L/h	micromole per liter per hour		0			
IMMUNIZATION	VX DOSE UNIT	umol/umol	micromole per micromole		0			
IMMUNIZATION	VX DOSE UNIT	umol/umol{creat}	micromole per micromole of creatinine		0			
IMMUNIZATION	VX DOSE UNIT	umol/mg	micromole per milligram		0			
IMMUNIZATION	VX DOSE UNIT	umol/mg{creat}	micromole per milligram of creatinine		0			
IMMUNIZATION	VX DOSE UNIT	umol/mL	micromole per milliliter		0			
IMMUNIZATION	VX DOSE UNIT	umol/mL/min	micromole per milliliter per minute		0			
IMMUNIZATION	VX DOSE UNIT	umol/mmol	micromole per millimole		0			
IMMUNIZATION	VX DOSE UNIT	umol/min	micromole per minute		0			
IMMUNIZATION	VX DOSE UNIT	umol/min/g	micromole per minute per gram		0			
IMMUNIZATION	VX DOSE UNIT	umol/min/g{mucosa}	micromole per minute per gram of mucosa		0			
IMMUNIZATION	VX DOSE UNIT	umol/min/g{prot}	micromole per minute per gram of protein		0			
IMMUNIZATION	VX DOSE UNIT	umol/min/L	micromole per minute per liter		0			
IMMUNIZATION	VX DOSE UNIT	umol/mol	micromole per mole		0			
IMMUNIZATION	VX DOSE UNIT	umol/mol{creat}	micromole per mole of creatinine		0			
IMMUNIZATION	VX DOSE UNIT	um/s	microns per second		0			
IMMUNIZATION	VX DOSE UNIT	uOhm	microOhm		0			
IMMUNIZATION	VX DOSE UNIT	us	microsecond		0			
IMMUNIZATION	VX DOSE UNIT	uV	microvolt		0			
IMMUNIZATION	VX DOSE UNIT	[mi_i]	mile (international)		0			
IMMUNIZATION	VX DOSE UNIT	mU/g	milli  enzyme unit per gram		0			
IMMUNIZATION	VX DOSE UNIT	mU/mL	milli  enzyme unit per milliliter		0			
IMMUNIZATION	VX DOSE UNIT	mU/mL/min	milli  enzyme unit per milliliter per minute		0			
IMMUNIZATION	VX DOSE UNIT	mU/mmol{creat}	milli  enzyme unit per millimole of creatinine		0			
IMMUNIZATION	VX DOSE UNIT	mU/mmol{RBCs}	milli  enzyme unit per millimole of red blood cells		0			
IMMUNIZATION	VX DOSE UNIT	m[IU]/mL	milli  international unit per milliliter		0			
IMMUNIZATION	VX DOSE UNIT	mU/g{prot}	milli enzyme unit per gram of protein		0			
IMMUNIZATION	VX DOSE UNIT	mU/L	milli enzyme unit per liter		0			
IMMUNIZATION	VX DOSE UNIT	mU/mg	milli enzyme unit per milligram		0			
IMMUNIZATION	VX DOSE UNIT	mU/mg{creat}	milli enzyme unit per milligram of creatinine		0			
IMMUNIZATION	VX DOSE UNIT	mA	milliampere		0			
IMMUNIZATION	VX DOSE UNIT	mbar	millibar		0			
IMMUNIZATION	VX DOSE UNIT	mbar/L/s	millibar per liter per second		0			
IMMUNIZATION	VX DOSE UNIT	mbar.s/L	millibar second per liter		0			
IMMUNIZATION	VX DOSE UNIT	meq/(2.h)	milliequivalent per 2 hour		0			
IMMUNIZATION	VX DOSE UNIT	meq/(24.h)	milliequivalent per 24 hour		0			
IMMUNIZATION	VX DOSE UNIT	meq/(8.h)	milliequivalent per 8 hour		0			
IMMUNIZATION	VX DOSE UNIT	meq/d	milliequivalent per day		0			
IMMUNIZATION	VX DOSE UNIT	meq/dL	milliequivalent per deciliter		0			
IMMUNIZATION	VX DOSE UNIT	meq/g	milliequivalent per gram		0			
IMMUNIZATION	VX DOSE UNIT	meq/g{creat}	milliequivalent per gram of creatinine		0			
IMMUNIZATION	VX DOSE UNIT	meq/h	milliequivalent per hour		0			
IMMUNIZATION	VX DOSE UNIT	meq/L	milliequivalent per liter		0			
IMMUNIZATION	VX DOSE UNIT	meq/mL	milliequivalent per milliliter		0			
IMMUNIZATION	VX DOSE UNIT	meq/min	milliequivalent per minute		0			
IMMUNIZATION	VX DOSE UNIT	meq/{specimen}	milliequivalent per specimen		0			
IMMUNIZATION	VX DOSE UNIT	meq/m2	milliequivalent per square meter		0			
IMMUNIZATION	VX DOSE UNIT	meq/{total_volume}	milliequivalent per total volume		0			
IMMUNIZATION	VX DOSE UNIT	mg{FEU}/L	milligram fibrinogen equivalent unit per liter		0			
IMMUNIZATION	VX DOSE UNIT	mg/(10.h)	milligram per 10 hour		0			
IMMUNIZATION	VX DOSE UNIT	mg/(12.h)	milligram per 12 hour		0			
IMMUNIZATION	VX DOSE UNIT	mg/(2.h)	milligram per 2 hour		0			
IMMUNIZATION	VX DOSE UNIT	mg/(24.h)	milligram per 24 hour		0			
IMMUNIZATION	VX DOSE UNIT	mg/(6.h)	milligram per 6 hour		0			
IMMUNIZATION	VX DOSE UNIT	mg/(72.h)	milligram per 72 hour		0			
IMMUNIZATION	VX DOSE UNIT	mg/(8.h)	milligram per 8 hour		0			
IMMUNIZATION	VX DOSE UNIT	mg/{collection}	milligram per collection		0			
IMMUNIZATION	VX DOSE UNIT	mg/m3	milligram per cubic meter		0			
IMMUNIZATION	VX DOSE UNIT	mg/d	milligram per day		0			
IMMUNIZATION	VX DOSE UNIT	mg/d/{1.73_m2}	milligram per day per 1.73 square meter		0			
IMMUNIZATION	VX DOSE UNIT	mg/dL	milligram per deciliter		0			
IMMUNIZATION	VX DOSE UNIT	mg/dL{RBCs}	milligram per deciliter of red blood cells		0			
IMMUNIZATION	VX DOSE UNIT	mg/g	milligram per gram		0			
IMMUNIZATION	VX DOSE UNIT	mg/g{creat}	milligram per gram of creatinine		0			
IMMUNIZATION	VX DOSE UNIT	mg/g{feces}	milligram per gram of feces		0			
IMMUNIZATION	VX DOSE UNIT	mg/g{tissue}	milligram per gram of tissue		0			
IMMUNIZATION	VX DOSE UNIT	mg/g{wet_tissue}	milligram per gram of wet tissue		0			
IMMUNIZATION	VX DOSE UNIT	mg/kg/(8.h)	milligram per kilogram per 8 hour		0			
IMMUNIZATION	VX DOSE UNIT	mg/L	milligram per liter		0			
IMMUNIZATION	VX DOSE UNIT	mg/L{RBCs}	milligram per liter of red blood cells		0			
IMMUNIZATION	VX DOSE UNIT	mg/mg	milligram per milligram		0			
IMMUNIZATION	VX DOSE UNIT	mg/mg{creat}	milligram per milligram of creatinine		0			
IMMUNIZATION	VX DOSE UNIT	mg/mmol	milligram per millimole		0			
IMMUNIZATION	VX DOSE UNIT	mg/mmol{creat}	milligram per millimole of creatinine		0			
IMMUNIZATION	VX DOSE UNIT	mg/min	milligram per minute		0			
IMMUNIZATION	VX DOSE UNIT	mg/{specimen}	milligram per specimen		0			
IMMUNIZATION	VX DOSE UNIT	mg/{total_output}	milligram per total output		0			
IMMUNIZATION	VX DOSE UNIT	mg/{total_volume}	milligram per total volume		0			
IMMUNIZATION	VX DOSE UNIT	mg/wk	milligram per week		0			
IMMUNIZATION	VX DOSE UNIT	mL{fetal_RBCs}	milliliter of fetal red blood cells		0			
IMMUNIZATION	VX DOSE UNIT	mL/(10.h)	milliliter per 10 hour		0			
IMMUNIZATION	VX DOSE UNIT	mL/(12.h)	milliliter per 12 hour		0			
IMMUNIZATION	VX DOSE UNIT	mL/(2.h)	milliliter per 2 hour		0			
IMMUNIZATION	VX DOSE UNIT	mL/(24.h)	milliliter per 24 hour		0			
IMMUNIZATION	VX DOSE UNIT	mL/(4.h)	milliliter per 4 hour		0			
IMMUNIZATION	VX DOSE UNIT	mL/(5.h)	milliliter per 5 hour		0			
IMMUNIZATION	VX DOSE UNIT	mL/(6.h)	milliliter per 6 hour		0			
IMMUNIZATION	VX DOSE UNIT	mL/(72.h)	milliliter per 72 hour		0			
IMMUNIZATION	VX DOSE UNIT	mL/(8.h)	milliliter per 8 hour		0			
IMMUNIZATION	VX DOSE UNIT	mL/(8.h)/kg	milliliter per 8 hour per kilogram		0			
IMMUNIZATION	VX DOSE UNIT	mL/cm[H2O]	milliliter per centimeter of water		0			
IMMUNIZATION	VX DOSE UNIT	mL/d	milliliter per day		0			
IMMUNIZATION	VX DOSE UNIT	mL/{beat}	milliliter per heart beat		0			
IMMUNIZATION	VX DOSE UNIT	mL/{beat}/m2	milliliter per heart beat per  square meter		0			
IMMUNIZATION	VX DOSE UNIT	mL/kg/(8.h)	milliliter per kilogram per 8 hour		0			
IMMUNIZATION	VX DOSE UNIT	mL/kg/d	milliliter per kilogram per day		0			
IMMUNIZATION	VX DOSE UNIT	mL/kg/min	milliliter per kilogram per minute		0			
IMMUNIZATION	VX DOSE UNIT	mL/mm	milliliter per millimeter		0			
IMMUNIZATION	VX DOSE UNIT	mL/min	milliliter per minute		0			
IMMUNIZATION	VX DOSE UNIT	mL/min/{1.73_m2}	milliliter per minute per 1.73 square meter		0			
IMMUNIZATION	VX DOSE UNIT	mL/min/m2	milliliter per minute per square meter		0			
IMMUNIZATION	VX DOSE UNIT	mL/s	milliliter per second		0			
IMMUNIZATION	VX DOSE UNIT	mL/[sin_i]	milliliter per square inch (international)		0			
IMMUNIZATION	VX DOSE UNIT	mm	millimeter		0			
IMMUNIZATION	VX DOSE UNIT	mm[Hg]	millimeter of mercury		0			
IMMUNIZATION	VX DOSE UNIT	mm[H2O]	millimeter of water		0			
IMMUNIZATION	VX DOSE UNIT	mm/h	millimeter per hour		0			
IMMUNIZATION	VX DOSE UNIT	mm/min	millimeter per minute		0			
IMMUNIZATION	VX DOSE UNIT	mmol/(12.h)	millimole per 12 hour		0			
IMMUNIZATION	VX DOSE UNIT	mmol/(2.h)	millimole per 2 hour		0			
IMMUNIZATION	VX DOSE UNIT	mmol/(24.h)	millimole per 24 hour		0			
IMMUNIZATION	VX DOSE UNIT	mmol/(5.h)	millimole per 5 hour		0			
IMMUNIZATION	VX DOSE UNIT	mmol/(6.h)	millimole per 6 hour		0			
IMMUNIZATION	VX DOSE UNIT	mmol/(8.h)	millimole per 8 hour		0			
IMMUNIZATION	VX DOSE UNIT	mmol/d	millimole per day		0			
IMMUNIZATION	VX DOSE UNIT	mmol/{ejaculate}	millimole per ejaculate		0			
IMMUNIZATION	VX DOSE UNIT	mmol/g	millimole per gram		0			
IMMUNIZATION	VX DOSE UNIT	mmol/g{creat}	millimole per gram of creatinine		0			
IMMUNIZATION	VX DOSE UNIT	mmol/h	millimole per hour		0			
IMMUNIZATION	VX DOSE UNIT	mmol/h/mg{Hb}	millimole per hour per milligram of hemoglobin		0			
IMMUNIZATION	VX DOSE UNIT	mmol/h/mg{prot}	millimole per hour per milligram of protein		0			
IMMUNIZATION	VX DOSE UNIT	mmol/kg/(8.h)	millimole per kilogram per 8 hour		0			
IMMUNIZATION	VX DOSE UNIT	mmol/kg/d	millimole per kilogram per day		0			
IMMUNIZATION	VX DOSE UNIT	mmol/kg/h	millimole per kilogram per hour		0			
IMMUNIZATION	VX DOSE UNIT	mmol/kg/min	millimole per kilogram per minute		0			
IMMUNIZATION	VX DOSE UNIT	mmol/L	millimole per liter		0			
IMMUNIZATION	VX DOSE UNIT	mmol/L{RBCs}	millimole per liter of red blood cells		0			
IMMUNIZATION	VX DOSE UNIT	mmol/mmol	millimole per millimole		0			
IMMUNIZATION	VX DOSE UNIT	mmol/mmol{urea}	millimole per millimole of urea		0			
IMMUNIZATION	VX DOSE UNIT	mmol/mmol{creat}	millimole per millmole of creatinine		0			
IMMUNIZATION	VX DOSE UNIT	mmol/min	millimole per minute		0			
IMMUNIZATION	VX DOSE UNIT	mmol/mol	millimole per mole		0			
IMMUNIZATION	VX DOSE UNIT	mmol/mol{creat}	millimole per mole of creatinine		0			
IMMUNIZATION	VX DOSE UNIT	mmol/s/L	millimole per second per liter		0			
IMMUNIZATION	VX DOSE UNIT	mmol/{specimen}	millimole per specimen		0			
IMMUNIZATION	VX DOSE UNIT	mmol/m2	millimole per square meter		0			
IMMUNIZATION	VX DOSE UNIT	mmol/{total_vol}	millimole per total volume		0			
IMMUNIZATION	VX DOSE UNIT	10*6	million		0			
IMMUNIZATION	VX DOSE UNIT	10*6.[CFU]/L	million colony forming unit per liter		0			
IMMUNIZATION	VX DOSE UNIT	10*6/(24.h)	million per 24 hour		0			
IMMUNIZATION	VX DOSE UNIT	10*6/kg	million per kilogram		0			
IMMUNIZATION	VX DOSE UNIT	10*6/L	million per liter		0			
IMMUNIZATION	VX DOSE UNIT	10*6/uL	million per microliter		0			
IMMUNIZATION	VX DOSE UNIT	10*6/mL	million per milliliter		0			
IMMUNIZATION	VX DOSE UNIT	mosm/kg	milliosmole per kilogram		0			
IMMUNIZATION	VX DOSE UNIT	mosm/L	milliosmole per liter		0			
IMMUNIZATION	VX DOSE UNIT	mPa	millipascal		0			
IMMUNIZATION	VX DOSE UNIT	mPa.s	millipascal second		0			
IMMUNIZATION	VX DOSE UNIT	ms	millisecond		0			
IMMUNIZATION	VX DOSE UNIT	mV	millivolt		0			
IMMUNIZATION	VX DOSE UNIT	min/d	min/d=minute per day		0			
IMMUNIZATION	VX DOSE UNIT	min/wk	min/wk=minute per week		0			
IMMUNIZATION	VX DOSE UNIT	{minidrop}/min	minidrop per minute		0			
IMMUNIZATION	VX DOSE UNIT	{minidrop}/s	minidrop per second		0			
IMMUNIZATION	VX DOSE UNIT	min	minute		0			
IMMUNIZATION	VX DOSE UNIT	mol	mole		0			
IMMUNIZATION	VX DOSE UNIT	mol/m3	mole per cubic meter		0			
IMMUNIZATION	VX DOSE UNIT	mol/kg	mole per kilogram		0			
IMMUNIZATION	VX DOSE UNIT	mol/kg/s	mole per kilogram per second		0			
IMMUNIZATION	VX DOSE UNIT	mol/L	mole per liter		0			
IMMUNIZATION	VX DOSE UNIT	mol/mL	mole per milliliter		0			
IMMUNIZATION	VX DOSE UNIT	mol/mol	mole per mole		0			
IMMUNIZATION	VX DOSE UNIT	mol/s	mole per second		0			
IMMUNIZATION	VX DOSE UNIT	{#}/{platelet}	molecule per platelet		0			
IMMUNIZATION	VX DOSE UNIT	mo	month		0			
IMMUNIZATION	VX DOSE UNIT	{M.o.M}	multiple of the median		0			
IMMUNIZATION	VX DOSE UNIT	{mutation}	mutation		0			
IMMUNIZATION	VX DOSE UNIT	nU/mL	nanoenzyme unit per milliliter		0			
IMMUNIZATION	VX DOSE UNIT	nU/{RBC}	nanoenzyme unit per red blood cell		0			
IMMUNIZATION	VX DOSE UNIT	ng	nanogram		0			
IMMUNIZATION	VX DOSE UNIT	ng{FEU}/mL	nanogram fibrinogen equivalent unit per milliliter 		0			
IMMUNIZATION	VX DOSE UNIT	ng/(8.h)	nanogram per 8 hour		0			
IMMUNIZATION	VX DOSE UNIT	ng/d	nanogram per day		0			
IMMUNIZATION	VX DOSE UNIT	ng/dL	nanogram per deciliter		0			
IMMUNIZATION	VX DOSE UNIT	ng/U	nanogram per enzyme unit		0			
IMMUNIZATION	VX DOSE UNIT	ng/g	nanogram per gram		0			
IMMUNIZATION	VX DOSE UNIT	ng/g{creat}	nanogram per gram of creatinine		0			
IMMUNIZATION	VX DOSE UNIT	ng/h	nanogram per hour		0			
IMMUNIZATION	VX DOSE UNIT	ng/kg	nanogram per kilogram		0			
IMMUNIZATION	VX DOSE UNIT	ng/kg/(8.h)	nanogram per kilogram per 8 hour		0			
IMMUNIZATION	VX DOSE UNIT	ng/kg/h	nanogram per kilogram per hour		0			
IMMUNIZATION	VX DOSE UNIT	ng/L	nanogram per liter		0			
IMMUNIZATION	VX DOSE UNIT	ng/mg	nanogram per milligram		0			
IMMUNIZATION	VX DOSE UNIT	ng/mg/h	nanogram per milligram per hour		0			
IMMUNIZATION	VX DOSE UNIT	ng/mL{RBCs}	nanogram per milliliter of red blood cells		0			
IMMUNIZATION	VX DOSE UNIT	ng/mL/h	nanogram per milliliter per hour		0			
IMMUNIZATION	VX DOSE UNIT	ng/10*6	nanogram per million		0			
IMMUNIZATION	VX DOSE UNIT	ng/10*6{RBCs}	nanogram per million red blood cells		0			
IMMUNIZATION	VX DOSE UNIT	ng/mL	nanogram per millliiter		0			
IMMUNIZATION	VX DOSE UNIT	ng/min	nanogram per minute		0			
IMMUNIZATION	VX DOSE UNIT	ng/s	nanogram per second		0			
IMMUNIZATION	VX DOSE UNIT	ng/m2	nanogram per square meter		0			
IMMUNIZATION	VX DOSE UNIT	nkat	nanokatal		0			
IMMUNIZATION	VX DOSE UNIT	nL	nanoliter		0			
IMMUNIZATION	VX DOSE UNIT	nm	nanometer		0			
IMMUNIZATION	VX DOSE UNIT	nm/s/L	nanometer per second per liter		0			
IMMUNIZATION	VX DOSE UNIT	nmol	nanomole		0			
IMMUNIZATION	VX DOSE UNIT	nmol{BCE}	nanomole bone collagen equivalent		0			
IMMUNIZATION	VX DOSE UNIT	nmol{BCE}/L	nanomole bone collagen equivalent per liter		0			
IMMUNIZATION	VX DOSE UNIT	nmol{BCE}/mmol{creat}	nanomole bone collagen equivalent per millimole of creatinine		0			
IMMUNIZATION	VX DOSE UNIT	nmol{1/2cys}/mg{prot}	nanomole of 1/2 cystine per milligram of protein		0			
IMMUNIZATION	VX DOSE UNIT	nmol{ATP}	nanomole of ATP 		0			
IMMUNIZATION	VX DOSE UNIT	nmol/(24.h)	nanomole per 24 hour		0			
IMMUNIZATION	VX DOSE UNIT	nmol/d	nanomole per day		0			
IMMUNIZATION	VX DOSE UNIT	nmol/dL	nanomole per deciliter		0			
IMMUNIZATION	VX DOSE UNIT	nmol/dL{GF}	nanomole per deciliter of glomerular filtrate		0			
IMMUNIZATION	VX DOSE UNIT	nmol/g	nanomole per gram		0			
IMMUNIZATION	VX DOSE UNIT	nmol/g{creat}	nanomole per gram of creatinine		0			
IMMUNIZATION	VX DOSE UNIT	nmol/g{dry_wt}	nanomole per gram of dry weight		0			
IMMUNIZATION	VX DOSE UNIT	nmol/h/L	nanomole per hour per liter		0			
IMMUNIZATION	VX DOSE UNIT	nmol/h/mg{prot}	nanomole per hour per milligram of protein		0			
IMMUNIZATION	VX DOSE UNIT	nmol/L	nanomole per liter		0			
IMMUNIZATION	VX DOSE UNIT	nmol/L{RBCs}	nanomole per liter of red blood cells		0			
IMMUNIZATION	VX DOSE UNIT	nmol/L/mmol{creat}	nanomole per liter per millimole of creatinine		0			
IMMUNIZATION	VX DOSE UNIT	nmol/m/mg{prot}	nanomole per meter per milligram of protein		0			
IMMUNIZATION	VX DOSE UNIT	nmol/umol{creat}	nanomole per micromole  of creatinine		0			
IMMUNIZATION	VX DOSE UNIT	nmol/mg	nanomole per milligram		0			
IMMUNIZATION	VX DOSE UNIT	nmol/mg{creat}	nanomole per milligram of creatinine		0			
IMMUNIZATION	VX DOSE UNIT	nmol/mg{prot}	nanomole per milligram of protein		0			
IMMUNIZATION	VX DOSE UNIT	nmol/mg{prot}/h	nanomole per milligram of protein per hour		0			
IMMUNIZATION	VX DOSE UNIT	nmol/mg/h	nanomole per milligram per hour		0			
IMMUNIZATION	VX DOSE UNIT	nmol/mL	nanomole per milliliter		0			
IMMUNIZATION	VX DOSE UNIT	nmol/mL/min	nanomole per milliliter per minute		0			
IMMUNIZATION	VX DOSE UNIT	nmol/mmol	nanomole per millimole		0			
IMMUNIZATION	VX DOSE UNIT	nmol/mmol{creat}	nanomole per millimole of creatinine		0			
IMMUNIZATION	VX DOSE UNIT	nmol/min	nanomole per minute		0			
IMMUNIZATION	VX DOSE UNIT	nmol/min/mg{Hb}	nanomole per minute per milligram of hemoglobin		0			
IMMUNIZATION	VX DOSE UNIT	nmol/min/mg{prot}	nanomole per minute per milligram of protein		0			
IMMUNIZATION	VX DOSE UNIT	nmol/min/mL	nanomole per minute per milliliter		0			
IMMUNIZATION	VX DOSE UNIT	nmol/mol	nanomole per mole		0			
IMMUNIZATION	VX DOSE UNIT	nmol/nmol	nanomole per nanomole		0			
IMMUNIZATION	VX DOSE UNIT	nmol/s	nanomole per second		0			
IMMUNIZATION	VX DOSE UNIT	nmol/s/L	nanomole per second per liter		0			
IMMUNIZATION	VX DOSE UNIT	ns	nanosecond		0			
IMMUNIZATION	VX DOSE UNIT	N	Newton		0			
IMMUNIZATION	VX DOSE UNIT	N.cm	Newton centimeter		0			
IMMUNIZATION	VX DOSE UNIT	N.s	Newton second		0			
IMMUNIZATION	VX DOSE UNIT	nmol/h/mL	nmol/h/mL=nanomole per hour per milliliter		0			
IMMUNIZATION	VX DOSE UNIT	nmol/min/mg{protein}	nmol/min/mg{protein}=nanomole per minute per milligram protein		0			
IMMUNIZATION	VX DOSE UNIT	nmol/mol{creat}	nmol/mol{creat}=nanomole per mole creatinine		0			
IMMUNIZATION	VX DOSE UNIT	{#}	number		0			
IMMUNIZATION	VX DOSE UNIT	{#}/[HPF]	number per high power field		0			
IMMUNIZATION	VX DOSE UNIT	{#}/L	number per liter		0			
IMMUNIZATION	VX DOSE UNIT	{#}/[LPF]	number per low power field		0			
IMMUNIZATION	VX DOSE UNIT	{#}/uL	number per microliter		0			
IMMUNIZATION	VX DOSE UNIT	{#}/mL	number per milliliter		0			
IMMUNIZATION	VX DOSE UNIT	{#}/min	number per minute		0			
IMMUNIZATION	VX DOSE UNIT	Ohm	Ohm		0			
IMMUNIZATION	VX DOSE UNIT	Ohm.m	Ohm meter		0			
IMMUNIZATION	VX DOSE UNIT	10*5	one hundred thousand		0			
IMMUNIZATION	VX DOSE UNIT	{OD_unit}	optical density unit		0			
IMMUNIZATION	VX DOSE UNIT	osm	osmole		0			
IMMUNIZATION	VX DOSE UNIT	osm/kg	osmole per kilogram		0			
IMMUNIZATION	VX DOSE UNIT	osm/L	osmole per liter		0			
IMMUNIZATION	VX DOSE UNIT	{Pan_Bio'U}	panbio unit		0			
IMMUNIZATION	VX DOSE UNIT	[ppb]	part per billion		0			
IMMUNIZATION	VX DOSE UNIT	[ppm]	part per million		0			
IMMUNIZATION	VX DOSE UNIT	[ppm]{v/v}	part per million in volume per volume		0			
IMMUNIZATION	VX DOSE UNIT	[ppth]	part per thousand		0			
IMMUNIZATION	VX DOSE UNIT	[pptr]	part per trillion		0			
IMMUNIZATION	VX DOSE UNIT	Pa	Pascal		0			
IMMUNIZATION	VX DOSE UNIT	/10*10	per 10 billion  		0			
IMMUNIZATION	VX DOSE UNIT	/10*4{RBCs}	per 10 thousand red blood cells		0			
IMMUNIZATION	VX DOSE UNIT	/100	per 100		0			
IMMUNIZATION	VX DOSE UNIT	/100{cells}	per 100 cells		0			
IMMUNIZATION	VX DOSE UNIT	/100{neutrophils}	per 100 neutrophils		0			
IMMUNIZATION	VX DOSE UNIT	/100{spermatozoa}	per 100 spermatozoa		0			
IMMUNIZATION	VX DOSE UNIT	/100{WBCs}	per 100 white blood cells		0			
IMMUNIZATION	VX DOSE UNIT	/[arb'U]	per arbitrary unit		0			
IMMUNIZATION	VX DOSE UNIT	/10*9	per billion		0			
IMMUNIZATION	VX DOSE UNIT	/cm[H2O]	per centimeter of water		0			
IMMUNIZATION	VX DOSE UNIT	/m3	per cubic meter		0			
IMMUNIZATION	VX DOSE UNIT	/d	per day		0			
IMMUNIZATION	VX DOSE UNIT	/dL	per deciliter		0			
IMMUNIZATION	VX DOSE UNIT	/{entity}	per entity		0			
IMMUNIZATION	VX DOSE UNIT	/g	per gram		0			
IMMUNIZATION	VX DOSE UNIT	/g{creat}	per gram of creatinine		0			
IMMUNIZATION	VX DOSE UNIT	/g{Hb}	per gram of hemoglobin		0			
IMMUNIZATION	VX DOSE UNIT	/g{tot_nit}	per gram of total nitrogen		0			
IMMUNIZATION	VX DOSE UNIT	/g{tot_prot}	per gram of total protein		0			
IMMUNIZATION	VX DOSE UNIT	/g{wet_tis}	per gram of wet tissue		0			
IMMUNIZATION	VX DOSE UNIT	/h	per hour		0			
IMMUNIZATION	VX DOSE UNIT	/kg	per kilogram		0			
IMMUNIZATION	VX DOSE UNIT	/kg{body_wt}	per kilogram of body weight		0			
IMMUNIZATION	VX DOSE UNIT	/[LPF]	per low power field		0			
IMMUNIZATION	VX DOSE UNIT	/uL	per microliter		0			
IMMUNIZATION	VX DOSE UNIT	/mg	per milligram		0			
IMMUNIZATION	VX DOSE UNIT	/mm	per millimeter		0			
IMMUNIZATION	VX DOSE UNIT	/10*6	per million		0			
IMMUNIZATION	VX DOSE UNIT	/min	per minute		0			
IMMUNIZATION	VX DOSE UNIT	/mo	per month		0			
IMMUNIZATION	VX DOSE UNIT	/s	per second		0			
IMMUNIZATION	VX DOSE UNIT	/m2	per square meter		0			
IMMUNIZATION	VX DOSE UNIT	/10*3	per thousand		0			
IMMUNIZATION	VX DOSE UNIT	/10*3{RBCs}	per thousand red blood cells		0			
IMMUNIZATION	VX DOSE UNIT	/10*12	per trillion 		0			
IMMUNIZATION	VX DOSE UNIT	/10*12{RBCs}	per trillion red blood cells		0			
IMMUNIZATION	VX DOSE UNIT	/(12.h)	per twelve hour		0			
IMMUNIZATION	VX DOSE UNIT	/wk	per week		0			
IMMUNIZATION	VX DOSE UNIT	/a	per year		0			
IMMUNIZATION	VX DOSE UNIT	%{loss_AChR}	percent  loss of acetylcholine receptor		0			
IMMUNIZATION	VX DOSE UNIT	%{penetration}	percent  penetration		0			
IMMUNIZATION	VX DOSE UNIT	%{activity}	percent activity		0			
IMMUNIZATION	VX DOSE UNIT	%{aggregation}	percent aggregation		0			
IMMUNIZATION	VX DOSE UNIT	%{at_60_min}	percent at 60 minute		0			
IMMUNIZATION	VX DOSE UNIT	%{basal_activity}	percent basal activity		0			
IMMUNIZATION	VX DOSE UNIT	%{binding}	percent binding		0			
IMMUNIZATION	VX DOSE UNIT	%{blockade}	percent blockade		0			
IMMUNIZATION	VX DOSE UNIT	%{blocked}	percent blocked		0			
IMMUNIZATION	VX DOSE UNIT	%{breakdown}	percent breakdown		0			
IMMUNIZATION	VX DOSE UNIT	%{vol}	percent by volume		0			
IMMUNIZATION	VX DOSE UNIT	%{deficient}	percent deficient		0			
IMMUNIZATION	VX DOSE UNIT	%{dose}	percent dose		0			
IMMUNIZATION	VX DOSE UNIT	%{Hb}	percent hemoglobin		0			
IMMUNIZATION	VX DOSE UNIT	%{hemolysis}	percent hemolysis		0			
IMMUNIZATION	VX DOSE UNIT	%{index}	percent index		0			
IMMUNIZATION	VX DOSE UNIT	%{inhibition}	percent inhibition		0			
IMMUNIZATION	VX DOSE UNIT	%{loss}	percent loss		0			
IMMUNIZATION	VX DOSE UNIT	%{lysis}	percent lysis		0			
IMMUNIZATION	VX DOSE UNIT	%{normal}	percent normal		0			
IMMUNIZATION	VX DOSE UNIT	%{pooled_plasma}	percent normal pooled plasma		0			
IMMUNIZATION	VX DOSE UNIT	%{bacteria}	percent of bacteria		0			
IMMUNIZATION	VX DOSE UNIT	%{baseline}	percent of baseline		0			
IMMUNIZATION	VX DOSE UNIT	%{cells}	percent of cells		0			
IMMUNIZATION	VX DOSE UNIT	%{RBCs}	percent of red blood cells		0			
IMMUNIZATION	VX DOSE UNIT	%{WBCs}	percent of white blood cells		0			
IMMUNIZATION	VX DOSE UNIT	%{positive}	percent positive		0			
IMMUNIZATION	VX DOSE UNIT	%{reactive}	percent reactive		0			
IMMUNIZATION	VX DOSE UNIT	%{recovery}	percent recovery		0			
IMMUNIZATION	VX DOSE UNIT	%{reference}	percent reference		0			
IMMUNIZATION	VX DOSE UNIT	%{residual}	percent residual		0			
IMMUNIZATION	VX DOSE UNIT	%{saturation}	percent saturation		0			
IMMUNIZATION	VX DOSE UNIT	%{total}	percent total		0			
IMMUNIZATION	VX DOSE UNIT	%{viable}	percent viable		0			
IMMUNIZATION	VX DOSE UNIT	{percentile}	percentile		0			
IMMUNIZATION	VX DOSE UNIT	pg/mL{sLT}	pg/mL{sLT}=picogram per milliliter sulfidoleukotrienes		0			
IMMUNIZATION	VX DOSE UNIT	[pH]	pH		0			
IMMUNIZATION	VX DOSE UNIT	{phenotype}	phenotype		0			
IMMUNIZATION	VX DOSE UNIT	pA	picoampere		0			
IMMUNIZATION	VX DOSE UNIT	pg	picogram		0			
IMMUNIZATION	VX DOSE UNIT	pg/L	picogram per liter		0			
IMMUNIZATION	VX DOSE UNIT	pg/mg	picogram per milligram		0			
IMMUNIZATION	VX DOSE UNIT	pg/mL	picogram per milliliter		0			
IMMUNIZATION	VX DOSE UNIT	pg/mm	picogram per millimeter		0			
IMMUNIZATION	VX DOSE UNIT	pg/{RBC}	picogram per red blood cell		0			
IMMUNIZATION	VX DOSE UNIT	pkat	picokatal		0			
IMMUNIZATION	VX DOSE UNIT	pL	picoliter		0			
IMMUNIZATION	VX DOSE UNIT	pm	picometer		0			
IMMUNIZATION	VX DOSE UNIT	pmol	picomole		0			
IMMUNIZATION	VX DOSE UNIT	pmol/(24.h)	picomole per 24 hour		0			
IMMUNIZATION	VX DOSE UNIT	pmol/d	picomole per day		0			
IMMUNIZATION	VX DOSE UNIT	pmol/dL	picomole per deciliter		0			
IMMUNIZATION	VX DOSE UNIT	pmol/g	picomole per gram		0			
IMMUNIZATION	VX DOSE UNIT	pmol/h/mg{prot}	picomole per hour per milligram of protein		0			
IMMUNIZATION	VX DOSE UNIT	pmol/L	picomole per liter		0			
IMMUNIZATION	VX DOSE UNIT	nmol/mL/h	nanomole per milliliter per hour		0			
IMMUNIZATION	VX DOSE UNIT	pmol/umol	picomole per micromole		0			
IMMUNIZATION	VX DOSE UNIT	pmol/umol{creat}	picomole per micromole of creatinine		0			
IMMUNIZATION	VX DOSE UNIT	pmol/mg{prot}	picomole per milligram of protein		0			
IMMUNIZATION	VX DOSE UNIT	pmol/mL	picomole per milliliter		0			
IMMUNIZATION	VX DOSE UNIT	pmol/min	picomole per minute		0			
IMMUNIZATION	VX DOSE UNIT	pmol/min/mg{prot}	picomole per minute per milligram of protein		0			
IMMUNIZATION	VX DOSE UNIT	ps	picosecond		0			
IMMUNIZATION	VX DOSE UNIT	pT	picotesla		0			
IMMUNIZATION	VX DOSE UNIT	[pt_us]	pint (US)		0			
IMMUNIZATION	VX DOSE UNIT	pmol/H/mg{protein}	pmol/H/mg{protein}=picomole per hour per milligram protein		0			
IMMUNIZATION	VX DOSE UNIT	[lb_av]	pound (US and British)		0			
IMMUNIZATION	VX DOSE UNIT	[psi]	pound per square inch		0			
IMMUNIZATION	VX DOSE UNIT	[qt_us]	quart (US)		0			
IMMUNIZATION	VX DOSE UNIT	{RBC}/uL	red blood cell per microliter		0			
IMMUNIZATION	VX DOSE UNIT	%{relative}	relative percent		0			
IMMUNIZATION	VX DOSE UNIT	{rel_saturation}	relative saturation		0			
IMMUNIZATION	VX DOSE UNIT	{Rubella_virus}	rubella virus		0			
IMMUNIZATION	VX DOSE UNIT	{saturation}	saturation		0			
IMMUNIZATION	VX DOSE UNIT	s	second		0			
IMMUNIZATION	VX DOSE UNIT	s/{control}	second per control		0			
IMMUNIZATION	VX DOSE UNIT	{shift}	shift		0			
IMMUNIZATION	VX DOSE UNIT	Sv	Sievert		0			
IMMUNIZATION	VX DOSE UNIT	{s_co_ratio}	signal to cutoff ratio		0			
IMMUNIZATION	VX DOSE UNIT	{spermatozoa}/mL	spermatozoa per milliliter		0			
IMMUNIZATION	VX DOSE UNIT	cm2	square centimeter		0			
IMMUNIZATION	VX DOSE UNIT	cm2/s	square centimeter per second		0			
IMMUNIZATION	VX DOSE UNIT	dm2/s2	square decimeter per square second		0			
IMMUNIZATION	VX DOSE UNIT	[sft_i]	square foot (international)		0			
IMMUNIZATION	VX DOSE UNIT	[sin_i]	square inch (international)		0			
IMMUNIZATION	VX DOSE UNIT	m2	square meter		0			
IMMUNIZATION	VX DOSE UNIT	m2/s	square meter per second		0			
IMMUNIZATION	VX DOSE UNIT	mm2	square millimeter		0			
IMMUNIZATION	VX DOSE UNIT	[syd_i]	square yard (international)		0			
IMMUNIZATION	VX DOSE UNIT	{STDV}	standard deviation		0			
IMMUNIZATION	VX DOSE UNIT	T	Tesla		0			
IMMUNIZATION	VX DOSE UNIT	10*3	thousand		0			
IMMUNIZATION	VX DOSE UNIT	10*3{copies}/mL	thousand copies per milliliter		0			
IMMUNIZATION	VX DOSE UNIT	10*3/L	thousand per liter		0			
IMMUNIZATION	VX DOSE UNIT	10*3/uL	thousand per microliter		0			
IMMUNIZATION	VX DOSE UNIT	10*3/mL	thousand per milliliter		0			
IMMUNIZATION	VX DOSE UNIT	{TSI_index}	thyroid-stimulating immunoglobulin index		0			
IMMUNIZATION	VX DOSE UNIT	{titer}	titer		0			
IMMUNIZATION	VX DOSE UNIT	[todd'U]	Todd unit		0			
IMMUNIZATION	VX DOSE UNIT	10*12/L	trillion per liter		0			
IMMUNIZATION	VX DOSE UNIT	[oz_tr]	Troy ounce		0			
IMMUNIZATION	VX DOSE UNIT	[tb'U]	tuberculin unit		0			
IMMUNIZATION	VX DOSE UNIT	umol/10*6{RBC}	umol/10*6{RBC}=micromole per million red blood cell		0			
IMMUNIZATION	VX DOSE UNIT	V	volt		0			
IMMUNIZATION	VX DOSE UNIT	Wb	Weber		0			
IMMUNIZATION	VX DOSE UNIT	wk	week		0			
IMMUNIZATION	VX DOSE UNIT	{WBCs}	white blood cells		0			
IMMUNIZATION	VX DOSE UNIT	[yd_i]	yard (international)		0			
IMMUNIZATION	VX DOSE UNIT	a	year		0			
IMMUNIZATION	VX ROUTE	INTRACERVICAL	INTRACERVICAL=Intracervical route (qualifier value)		0			
IMMUNIZATION	VX ROUTE	INTRAPERICARDIAL	INTRAPERICARDIAL=Intrapericardial  route  (qualifier  value)		0			
IMMUNIZATION	VX ROUTE	OCULAR	OCULAR=Ocular route (qualifier value)		0			
IMMUNIZATION	VX BODY SITE	BE 	BE=bilateral ears		0			
IMMUNIZATION	VX BODY SITE	LA 	LA=left arm		0			
IMMUNIZATION	VX BODY SITE	LAC 	LAC=left anterior chest		0			
IMMUNIZATION	VX BODY SITE	LACF 	LACF=left antecubital fossa		0			
IMMUNIZATION	VX BODY SITE	LE 	LE=left ear		0			
IMMUNIZATION	VX BODY SITE	LF 	LF=left foot		0			
IMMUNIZATION	VX BODY SITE	LH 	LH=left hand		0			
IMMUNIZATION	VX BODY SITE	LLFA 	LLFA=left lower forearm		0			
IMMUNIZATION	VX BODY SITE	LN 	LN=left naris		0			
IMMUNIZATION	VX BODY SITE	LPC 	LPC=left posterior chest		0			
IMMUNIZATION	VX BODY SITE	LSC 	LSC=left subclavian		0			
IMMUNIZATION	VX BODY SITE	LUFA 	LUFA=left upper forearm		0			
IMMUNIZATION	VX BODY SITE	LVG 	LVG=left ventragluteal		0			
IMMUNIZATION	VX BODY SITE	OD 	OD=right eye		0			
IMMUNIZATION	VX BODY SITE	OS 	OS=left eye		0			
IMMUNIZATION	VX BODY SITE	OU 	OU=bilateral eyes		0			
IMMUNIZATION	VX BODY SITE	PERIN 	PERIN=perineal		0			
IMMUNIZATION	VX BODY SITE	RA 	RA=right arm		0			
IMMUNIZATION	VX BODY SITE	RAC 	RAC=right anterior chest		0			
IMMUNIZATION	VX BODY SITE	RACF 	RACF=right antecubital fossa		0			
IMMUNIZATION	VX BODY SITE	RD 	RD=right deltoid		0			
IMMUNIZATION	VX BODY SITE	RE 	RE=right ear		0			
IMMUNIZATION	VX BODY SITE	RIJ	RIJ=right internal jugular		0			
IMMUNIZATION	VX BODY SITE	RN	RN=right naris		0			
IMMUNIZATION	VX BODY SITE	RPC	RPC=right posterior chest		0			
IMMUNIZATION	VX BODY SITE	RSC	RSC=right subclavian		0			
IMMUNIZATION	VX BODY SITE	RVG 	RVG=right ventragluteal		0			
IMMUNIZATION	VX MANUFACTURER	ACA	ACA=Acambis, Inc		0			
IMMUNIZATION	VX MANUFACTURER	AR	AR=Armour		0			
IMMUNIZATION	VX MANUFACTURER	BN	BN=Bavarian Nordic A/S		0			
IMMUNIZATION	VX MANUFACTURER	BP	BP=Berna Products		0			
IMMUNIZATION	VX MANUFACTURER	BPC	BPC=Berna Products Corporation		0			
IMMUNIZATION	VX MANUFACTURER	CMP	CMP=Celltech Medeva Pharmaceuticals		0			
IMMUNIZATION	VX MANUFACTURER	CRU	CRU=Crucell		0			
IMMUNIZATION	VX MANUFACTURER	DSI	DSI=Dispensing Solutions		0			
IMMUNIZATION	VX MANUFACTURER	DVC	DVC=DynPort Vaccine Company, LLC		0			
IMMUNIZATION	VX MANUFACTURER	DVX	DVX=Dynavax, Inc.		0			
IMMUNIZATION	VX MANUFACTURER	DYN	DYN=Dynaport		0			
IMMUNIZATION	VX MANUFACTURER	EVN	EVN=Evans Medical Limited		0			
IMMUNIZATION	VX MANUFACTURER	GRE	GRE=Greer Laboratories, Inc.		0			
IMMUNIZATION	VX MANUFACTURER	IAG	IAG=Immuno International AG		0			
IMMUNIZATION	VX MANUFACTURER	JNJ	JNJ=Johnson and Johnson		0			
IMMUNIZATION	VX MANUFACTURER	JPN	JPN=The Research Foundation for Microbial Diseases of Osaka University (BIKEN)		0			
IMMUNIZATION	VX MANUFACTURER	KED	KED=Kedrion Biopharma		0			
IMMUNIZATION	VX MANUFACTURER	KGC	KGC=Korea Green Cross Corporation		0			
IMMUNIZATION	VX MANUFACTURER	MCM	MCM=MCM Vaccine Company		0			
IMMUNIZATION	VX MANUFACTURER	MIL	MIL=Miles		0			
IMMUNIZATION	VX MANUFACTURER	NAV	NAV=North American Vaccine, Inc.		0			
IMMUNIZATION	VX MANUFACTURER	NYB	NYB=New York Blood Center		0			
IMMUNIZATION	VX MANUFACTURER	PAX	PAX=PaxVax		0			
IMMUNIZATION	VX MANUFACTURER	PWJ	PWJ=PowderJect Pharmaceuticals		0			
IMMUNIZATION	VX MANUFACTURER	REB	REB=Rebel Distributors		0			
IMMUNIZATION	VX MANUFACTURER	SI	SI=Swiss Serum and Vaccine Inst.		0			
IMMUNIZATION	VX MANUFACTURER	TVA	TVA=TEVA Pharmaceuticals USA		0			
IMMUNIZATION	VX MANUFACTURER	UNK	UNK=Unknown manufacturer		0			
IMMUNIZATION	VX MANUFACTURER	VET	VET=Vetter Pharma Fertigung GmbH & Co. KG		0			
HARVEST	DATAMART PLATFORM	NI	NI=No  information		0			
HARVEST	DATAMART PLATFORM	UN	UN=Unknown		0			
HARVEST	DATAMART PLATFORM	OT	OT=Other		0			
HARVEST	CDM VERSION	10	010=1.0		0			
HARVEST	CDM VERSION	20	020=2.0		0			
HARVEST	CDM VERSION	30	030=3.0		0			
HARVEST	CDM VERSION	31	031=3.1		0			
HARVEST	CDM VERSION	40	040=4.0		0			
HARVEST	CDM VERSION	41	041=4.1		0			
HARVEST	CDM VERSION	50	050=5.0		0			
HARVEST	CDM VERSION	51	051=5.1		0			
HARVEST	CDM VERSION	60	060=6.0		0			
HARVEST	DATAMART CLAIMS	NI	NI=No  information		0			
HARVEST	DATAMART CLAIMS	UN	UN=Unknown		0			
HARVEST	DATAMART CLAIMS	OT	OT=Other		0			
HARVEST	DATAMART EHR	NI	NI=No  information		0			
HARVEST	DATAMART EHR	UN	UN=Unknown		0			
HARVEST	DATAMART EHR	OT	OT=Other		0			
HARVEST	BIRTH DATE MGMT	NI	NI=No  information		0			
HARVEST	BIRTH DATE MGMT	UN	UN=Unknown		0			
HARVEST	BIRTH DATE MGMT	OT	OT=Other		0			
HARVEST	ENR START DATE MGMT	OT	OT=Other		0			
HARVEST	ENR END DATE MGMT	NI	NI=No  information		0			
HARVEST	ENR END DATE MGMT	UN	UN=Unknown		0			
HARVEST	ENR END DATE MGMT	OT	OT=Other		0			
HARVEST	ADMIT DATE MGMT	UN	UN=Unknown		0			
HARVEST	ADMIT DATE MGMT	OT	OT=Other		0			
HARVEST	DISCHARGE DATE MGMT	NI	NI=No  information		0			
HARVEST	DISCHARGE DATE MGMT	UN	UN=Unknown		0			
HARVEST	DISCHARGE DATE MGMT	OT	OT=Other		0			
HARVEST	DX DATE MGMT	NI	NI=No  information		0			
HARVEST	DX DATE MGMT	UN	UN=Unknown		0			
HARVEST	DX DATE MGMT	OT	OT=Other		0			
HARVEST	PX DATE MGMT	NI	NI=No  information		0			
HARVEST	PX DATE MGMT	UN	UN=Unknown		0			
HARVEST	PX DATE MGMT	OT	OT=Other		0			
HARVEST	RX ORDER DATE MGMT	NI	NI=No  information		0			
HARVEST	RX ORDER DATE MGMT	OT	OT=Other		0			
HARVEST	RX START DATE MGMT	NI	NI=No  information		0			
HARVEST	RX START DATE MGMT	UN	UN=Unknown		0			
HARVEST	RX END DATE MGMT	NI	NI=No  information		0			
HARVEST	RX END DATE MGMT	UN	UN=Unknown		0			
HARVEST	RX END DATE MGMT	OT	OT=Other		0			
HARVEST	DISPENSE DATE MGMT	NI	NI=No  information		0			
HARVEST	DISPENSE DATE MGMT	UN	UN=Unknown		0			
HARVEST	DISPENSE DATE MGMT	OT	OT=Other		0			
HARVEST	LAB ORDER DATE MGMT	NI	NI=No  information		0			
HARVEST	LAB ORDER DATE MGMT	OT	OT=Other		0			
HARVEST	SPECIMEN DATE MGMT	NI	NI=No  information		0			
HARVEST	SPECIMEN DATE MGMT	OT	OT=Other		0			
HARVEST	RESULT DATE MGMT	NI	NI=No  information		0			
HARVEST	RESULT DATE MGMT	UN	UN=Unknown		0			
HARVEST	RESULT DATE MGMT	OT	OT=Other		0			
HARVEST	MEASURE DATE MGMT	NI	NI=No  information		0			
HARVEST	MEASURE DATE MGMT	UN	UN=Unknown		0			
HARVEST	MEASURE DATE MGMT	OT	OT=Other		0			
HARVEST	ONSET DATE MGMT	NI	NI=No  information		0			
HARVEST	ONSET DATE MGMT	UN	UN=Unknown		0			
HARVEST	ONSET DATE MGMT	OT	OT=Other		0			
HARVEST	REPORT DATE MGMT	NI	NI=No  information		0			
HARVEST	REPORT DATE MGMT	OT	OT=Other		0			
HARVEST	RESOLVE DATE MGMT	NI	NI=No  information		0			
HARVEST	RESOLVE DATE MGMT	UN	UN=Unknown		0			
HARVEST	RESOLVE DATE MGMT	OT	OT=Other		0			
HARVEST	PRO DATE MGMT	NI	NI=No  information		0			
HARVEST	PRO DATE MGMT	UN	UN=Unknown		0			
HARVEST	PRO DATE MGMT	OT	OT=Other		0			
HARVEST	DEATH DATE MGMT	NI	NI=No  information		0			
HARVEST	DEATH DATE MGMT	UN	UN=Unknown		0			
HARVEST	DEATH DATE MGMT	OT	OT=Other		0			
HARVEST	MEDADMIN START DATE MGMT	NI	NI=No  information		0			
HARVEST	MEDADMIN START DATE MGMT	UN	UN=Unknown		0			
HARVEST	MEDADMIN START DATE MGMT	OT	OT=Other		0			
HARVEST	MEDADMIN STOP DATE MGMT	NI	NI=No  information		0			
HARVEST	MEDADMIN STOP DATE MGMT	UN	UN=Unknown		0			
HARVEST	MEDADMIN STOP DATE MGMT	OT	OT=Other		0			
HARVEST	OBSCLIN START DATE MGMT	NI	NI=No  information		0			
HARVEST	OBSCLIN START DATE MGMT	UN	UN=Unknown		0			
HARVEST	OBSCLIN START DATE MGMT	OT	OT=Other		0			
HARVEST	OBSCLIN STOP DATE MGMT	UN	UN=Unknown		0			
HARVEST	OBSCLIN STOP DATE MGMT	OT	OT=Other		0			
HARVEST	OBSGEN START DATE MGMT	NI	NI=No  information		0			
HARVEST	OBSGEN STOP DATE MGMT	NI	NI=No  information		0			
HARVEST	OBSGEN STOP DATE MGMT	UN	UN=Unknown		0			
HARVEST	OBSGEN STOP DATE MGMT	OT	OT=Other		0			
HARVEST	ADDRESS PERIOD START MGMT	NI	NI=No  information		0			
HARVEST	ADDRESS PERIOD START MGMT	UN	UN=Unknown		0			
HARVEST	ADDRESS PERIOD START MGMT	OT	OT=Other		0			
HARVEST	ADDRESS PERIOD END MGMT	NI	NI=No  information		0			
HARVEST	ADDRESS PERIOD END MGMT	OT	OT=Other		0			
HARVEST	VX RECORD DATE MGMT	NI	NI=No  information		0			
HARVEST	VX RECORD DATE MGMT	UN	UN=Unknown		0			
HARVEST	VX RECORD DATE MGMT	OT	OT=Other		0			
HARVEST	VX ADMIN DATE MGMT	NI	NI=No  information		0			
HARVEST	VX ADMIN DATE MGMT	UN	UN=Unknown		0			
HARVEST	VX EXP DATE MGMT	NI	NI=No  information		0			
HARVEST	VX EXP DATE MGMT	UN	UN=Unknown		0			
HARVEST	VX EXP DATE MGMT	OT	OT=Other		0			
LAB_HISTORY	SEX	NS	NS=Not specified		0			
LAB_HISTORY	RESULT UNIT	%{response}	%{response}=percent response		0			
LAB_HISTORY	RESULT UNIT	[ft_us]/[ft_us]	[ft_us]/[ft_us]=feet (US) per feet (US)		0			
LAB_HISTORY	RESULT UNIT	[in_us]	[in_us]=inches (US)		0			
LAB_HISTORY	RESULT UNIT	[MET].min/wk	[MET].min/wk=metabolic equivalent minute per week		0			
LAB_HISTORY	RESULT UNIT	{#}/a	{#}/a=number per annum (year)		0			
LAB_HISTORY	RESULT UNIT	{#}/d	{#}/d=number per day		0			
LAB_HISTORY	RESULT UNIT	{#}/g	{#}/g=number per gram		0			
LAB_HISTORY	RESULT UNIT	{#}/wk	{#}/wk=number per week		0			
LAB_HISTORY	RESULT UNIT	{Ct_value}	{Ct_value}=Cycle threshold value		0			
LAB_HISTORY	RESULT UNIT	{index}	{index}=index value		0			
LAB_HISTORY	RESULT UNIT	{TmStp}	{TmStp}=time stamp		0			
LAB_HISTORY	RESULT UNIT	{Tscore}	{Tscore}=t score		0			
LAB_HISTORY	RESULT UNIT	{yyyy}	{yyyy}=year		0			
LAB_HISTORY	RESULT UNIT	{Zscore}	{Zscore}=z score		0			
LAB_HISTORY	RESULT UNIT	10.L/min	10 liter per minute		0			
LAB_HISTORY	RESULT UNIT	10.L/(min.m2)	10 liter per minute per square meter		0			
LAB_HISTORY	RESULT UNIT	10.uN.s/(cm5.m2)	10 micronewton second per centimeter to the fifth power per square meter		0			
LAB_HISTORY	RESULT UNIT	10*4/uL	10 thousand per microliter		0			
LAB_HISTORY	RESULT UNIT	10*8	100 million 		0			
LAB_HISTORY	RESULT UNIT	24.h	24 hour		0			
LAB_HISTORY	RESULT UNIT	{absorbance}	absorbance		0			
LAB_HISTORY	RESULT UNIT	[AU]	allergy unit		0			
LAB_HISTORY	RESULT UNIT	{AHF'U}	American Hospital Formulary unit		0			
LAB_HISTORY	RESULT UNIT	A/m	ampere per meter		0			
LAB_HISTORY	RESULT UNIT	{ARU}	aspirin response unit		0			
LAB_HISTORY	RESULT UNIT	atm	atmosphere		0			
LAB_HISTORY	RESULT UNIT	ag/{cell}	attogram per cell		0			
LAB_HISTORY	RESULT UNIT	bar	bar		0			
LAB_HISTORY	RESULT UNIT	Bq	Becquerel		0			
LAB_HISTORY	RESULT UNIT	10*9/mL	billion per milliliter		0			
LAB_HISTORY	RESULT UNIT	[bdsk'U]	Bodansky unit		0			
LAB_HISTORY	RESULT UNIT	{CAG_repeats}	CAG trinucleotide repeats		0			
LAB_HISTORY	RESULT UNIT	cg	centigram		0			
LAB_HISTORY	RESULT UNIT	cm[H2O]/L/s	centimeter of water per liter per second		0			
LAB_HISTORY	RESULT UNIT	cm[H2O]/s/m	centimeter of water per second per meter		0			
LAB_HISTORY	RESULT UNIT	cP	centipoise		0			
LAB_HISTORY	RESULT UNIT	cSt	centistoke		0			
LAB_HISTORY	RESULT UNIT	[CFU]	colony forming unit		0			
LAB_HISTORY	RESULT UNIT	[CFU]/L	colony forming unit per liter		0			
LAB_HISTORY	RESULT UNIT	[CFU]/mL	colony forming unit per milliliter		0			
LAB_HISTORY	RESULT UNIT	{CH100'U}	complement CH100 unit		0			
LAB_HISTORY	RESULT UNIT	{copies}/ug	copies per microgram		0			
LAB_HISTORY	RESULT UNIT	{count}	count		0			
LAB_HISTORY	RESULT UNIT	{CPM}/10*3{cell}	counts per minute per thousand cells		0			
LAB_HISTORY	RESULT UNIT	[cin_i]	cubic inch (international)		0			
LAB_HISTORY	RESULT UNIT	m3/s	cubic meter per second		0			
LAB_HISTORY	RESULT UNIT	d/(7.d)	d/(7.d)=day per 7 day		0			
LAB_HISTORY	RESULT UNIT	dB	decibel		0			
LAB_HISTORY	RESULT UNIT	dm	decimeter		0			
LAB_HISTORY	RESULT UNIT	K/W	degree Kelvin per Watt		0			
LAB_HISTORY	RESULT UNIT	deg/s	degree per second		0			
LAB_HISTORY	RESULT UNIT	daL/min	dekaliter per minute		0			
LAB_HISTORY	RESULT UNIT	daL/min/m2	dekaliter per minute per square meter		0			
LAB_HISTORY	RESULT UNIT	[drp]	drop (1/12 milliliter)		0			
LAB_HISTORY	RESULT UNIT	dyn.s/cm	dyne second per centimeter		0			
LAB_HISTORY	RESULT UNIT	dyn.s/(cm.m2)	dyne second per centimeter per square meter		0			
LAB_HISTORY	RESULT UNIT	{Ehrlich'U}	Ehrlich unit		0			
LAB_HISTORY	RESULT UNIT	{Ehrlich'U}/100.g	Ehrlich unit per 100 gram		0			
LAB_HISTORY	RESULT UNIT	{Ehrlich'U}/(2.h)	Ehrlich unit per 2 hour		0			
LAB_HISTORY	RESULT UNIT	{Ehrlich'U}/d	Ehrlich unit per day		0			
LAB_HISTORY	RESULT UNIT	{EIA_index}	EIA index		0			
LAB_HISTORY	RESULT UNIT	{EIA_titer}	EIA titer		0			
LAB_HISTORY	RESULT UNIT	{EIA'U}/U	EIA unit per enzyme unit		0			
LAB_HISTORY	RESULT UNIT	{EV}	EIA value		0			
LAB_HISTORY	RESULT UNIT	U/10	enzyme unit per 10		0			
LAB_HISTORY	RESULT UNIT	U/10*10	enzyme unit per 10 billion		0			
LAB_HISTORY	RESULT UNIT	U/(10.g){feces}	enzyme unit per 10 gram of feces		0			
LAB_HISTORY	RESULT UNIT	U/(12.h)	enzyme unit per 12 hour		0			
LAB_HISTORY	RESULT UNIT	U/(2.h)	enzyme unit per 2 hour		0			
LAB_HISTORY	RESULT UNIT	U/d	enzyme unit per day		0			
LAB_HISTORY	RESULT UNIT	U/g	enzyme unit per gram		0			
LAB_HISTORY	RESULT UNIT	U/g{creat}	enzyme unit per gram of creatinine		0			
LAB_HISTORY	RESULT UNIT	U/g{protein}	enzyme unit per gram of protein		0			
LAB_HISTORY	RESULT UNIT	U/h	enzyme unit per hour		0			
LAB_HISTORY	RESULT UNIT	U/kg{Hb}	enzyme unit per kilogram of hemoglobin		0			
LAB_HISTORY	RESULT UNIT	U{25Cel}/L	enzyme unit per liter at 25 deg Celsius 		0			
LAB_HISTORY	RESULT UNIT	U{37Cel}/L	enzyme unit per liter at 37 deg Celsius		0			
LAB_HISTORY	RESULT UNIT	U/mL{RBCs}	enzyme unit per milliliter of red blood cells		0			
LAB_HISTORY	RESULT UNIT	U/mmol{creat}	enzyme unit per millimole of creatinine		0			
LAB_HISTORY	RESULT UNIT	U/10*6	enzyme unit per million		0			
LAB_HISTORY	RESULT UNIT	U/min	enzyme unit per minute		0			
LAB_HISTORY	RESULT UNIT	U/s	enzyme unit per second		0			
LAB_HISTORY	RESULT UNIT	U/10*12	enzyme unit per trillion		0			
LAB_HISTORY	RESULT UNIT	U/10*12{RBCs}	enzyme unit per trillion red blood cells		0			
LAB_HISTORY	RESULT UNIT	eq	equivalent		0			
LAB_HISTORY	RESULT UNIT	eq/L	equivalent per liter		0			
LAB_HISTORY	RESULT UNIT	eq/umol	equivalent per micromole		0			
LAB_HISTORY	RESULT UNIT	eq/mL	equivalent per milliliter		0			
LAB_HISTORY	RESULT UNIT	erg	erg		0			
LAB_HISTORY	RESULT UNIT	fg	femtogram		0			
LAB_HISTORY	RESULT UNIT	fm	femtometer		0			
LAB_HISTORY	RESULT UNIT	fmol	femtomole		0			
LAB_HISTORY	RESULT UNIT	fmol/g	femtomole per gram		0			
LAB_HISTORY	RESULT UNIT	fmol/mg	femtomole per milligram		0			
LAB_HISTORY	RESULT UNIT	fmol/mg{cyt_prot}	femtomole per milligram of cytosol protein		0			
LAB_HISTORY	RESULT UNIT	fmol/mg{prot}	femtomole per milligram of protein		0			
LAB_HISTORY	RESULT UNIT	fmol/mL	femtomole per milliliter		0			
LAB_HISTORY	RESULT UNIT	[foz_us]	fluid ounce (US)		0			
LAB_HISTORY	RESULT UNIT	{FIU}	fluorescent intensity unit		0			
LAB_HISTORY	RESULT UNIT	[ft_i]	foot (international)		0			
LAB_HISTORY	RESULT UNIT	[Ch]	French (catheter gauge) 		0			
LAB_HISTORY	RESULT UNIT	{GAA_repeats}	GAA trinucleotide repeats		0			
LAB_HISTORY	RESULT UNIT	[gal_us]	gallon (US)		0			
LAB_HISTORY	RESULT UNIT	{genomes}/mL	genomes per milliliter		0			
LAB_HISTORY	RESULT UNIT	{Globules}/[HPF]	globules (drops)  per high power field		0			
LAB_HISTORY	RESULT UNIT	g.m	gram meter		0			
LAB_HISTORY	RESULT UNIT	g.m/{beat}	gram meter per heart beat 		0			
LAB_HISTORY	RESULT UNIT	g{creat}	gram of creatinine		0			
LAB_HISTORY	RESULT UNIT	g{Hb}	gram of hemoglobin		0			
LAB_HISTORY	RESULT UNIT	g{total_prot}	gram of total protein		0			
LAB_HISTORY	RESULT UNIT	g{wet_tissue}	gram of wet tissue		0			
LAB_HISTORY	RESULT UNIT	g/(100.g)	gram per 100 gram		0			
LAB_HISTORY	RESULT UNIT	g/(3.d)	gram per 3 days		0			
LAB_HISTORY	RESULT UNIT	g/(4.h)	gram per 4 hour		0			
LAB_HISTORY	RESULT UNIT	g/(5.h)	gram per 5 hour		0			
LAB_HISTORY	RESULT UNIT	g/(6.h)	gram per 6 hour		0			
LAB_HISTORY	RESULT UNIT	g/(72.h)	gram per 72 hour		0			
LAB_HISTORY	RESULT UNIT	g/cm3	gram per cubic centimeter		0			
LAB_HISTORY	RESULT UNIT	g/d	gram per day		0			
LAB_HISTORY	RESULT UNIT	g/g{creat}	gram per gram of creatinine		0			
LAB_HISTORY	RESULT UNIT	g/g{globulin}	gram per gram of globulin		0			
LAB_HISTORY	RESULT UNIT	g/g{tissue}	gram per gram of tissue		0			
LAB_HISTORY	RESULT UNIT	g/h	gram per hour		0			
LAB_HISTORY	RESULT UNIT	g/h/m2	gram per hour per square meter		0			
LAB_HISTORY	RESULT UNIT	g/kg	gram per kilogram		0			
LAB_HISTORY	RESULT UNIT	g/kg/(8.h){shift}	gram per kilogram per 8 hour shift		0			
LAB_HISTORY	RESULT UNIT	g/kg/d	gram per kilogram per day		0			
LAB_HISTORY	RESULT UNIT	g/kg/min	gram per kilogram per minute		0			
LAB_HISTORY	RESULT UNIT	g/mg	gram per milligram		0			
LAB_HISTORY	RESULT UNIT	g/min	gram per minute		0			
LAB_HISTORY	RESULT UNIT	g/mol{creat}	gram per mole of creatinine		0			
LAB_HISTORY	RESULT UNIT	g/{specimen}	gram per specimen		0			
LAB_HISTORY	RESULT UNIT	g/m2	gram per square meter		0			
LAB_HISTORY	RESULT UNIT	g/{total_output}	gram per total output		0			
LAB_HISTORY	RESULT UNIT	Gy	Gray		0			
LAB_HISTORY	RESULT UNIT	h/d	h/d=hour per day		0			
LAB_HISTORY	RESULT UNIT	{MPS'U}/mL	IgM antiphosphatidylserine unit per milliliter		0			
LAB_HISTORY	RESULT UNIT	{IFA_index}	immunofluorescence assay index		0			
LAB_HISTORY	RESULT UNIT	{IFA_titer}	Immunofluorescence assay titer		0			
LAB_HISTORY	RESULT UNIT	[in_i'H2O]	inch (international) of water		0			
LAB_HISTORY	RESULT UNIT	{HA_titer}	influenza hemagglutination titer		0			
LAB_HISTORY	RESULT UNIT	[IU]/(2.h)	international unit per 2 hour		0			
LAB_HISTORY	RESULT UNIT	[IU]/(24.h)	international unit per 24 hour		0			
LAB_HISTORY	RESULT UNIT	[IU]/10*9{RBCs}	international unit per billion red blood cells		0			
LAB_HISTORY	RESULT UNIT	[IU]/d	international unit per day		0			
LAB_HISTORY	RESULT UNIT	[IU]/g	international unit per gram		0			
LAB_HISTORY	RESULT UNIT	[IU]/h	international unit per hour		0			
LAB_HISTORY	RESULT UNIT	[IU]/kg	international unit per kilogram		0			
LAB_HISTORY	RESULT UNIT	[IU]/kg/d	international unit per kilogram per day		0			
LAB_HISTORY	RESULT UNIT	[IU]/kg/h	international unit per kilogram per hour		0			
LAB_HISTORY	RESULT UNIT	[IU]/L{37Cel}	international unit per liter at 37 degrees Celsius		0			
LAB_HISTORY	RESULT UNIT	[IU]/mg{creat}	international unit per milligram of creatinine		0			
LAB_HISTORY	RESULT UNIT	[IU]/min	international unit per minute		0			
LAB_HISTORY	RESULT UNIT	J/L	joule per liter		0			
LAB_HISTORY	RESULT UNIT	{JDF'U}/L	Juvenile Diabetes Foundation unit per liter		0			
LAB_HISTORY	RESULT UNIT	{KCT'U}	kaolin clotting time		0			
LAB_HISTORY	RESULT UNIT	kat	katal		0			
LAB_HISTORY	RESULT UNIT	kat/kg	katal per kilogram		0			
LAB_HISTORY	RESULT UNIT	kat/L	katal per liter		0			
LAB_HISTORY	RESULT UNIT	kU	kilo enzyme unit		0			
LAB_HISTORY	RESULT UNIT	kU/L{class}	kilo enzyme unit per liter class		0			
LAB_HISTORY	RESULT UNIT	kU/mL	kilo enzyme unit per milliliter		0			
LAB_HISTORY	RESULT UNIT	kcal	kilocalorie		0			
LAB_HISTORY	RESULT UNIT	kcal/d	kilocalorie per day		0			
LAB_HISTORY	RESULT UNIT	kcal/h	kilocalorie per hour		0			
LAB_HISTORY	RESULT UNIT	kcal/kg/(24.h)	kilocalorie per kilogram per 24 hour		0			
LAB_HISTORY	RESULT UNIT	kcal/[oz_av]	kilocalorie per ounce (US & British)		0			
LAB_HISTORY	RESULT UNIT	kg.m/s	kilogram meter per second		0			
LAB_HISTORY	RESULT UNIT	kg/m3	kilogram per cubic meter		0			
LAB_HISTORY	RESULT UNIT	kg/h	kilogram per hour		0			
LAB_HISTORY	RESULT UNIT	kg/L	kilogram per liter		0			
LAB_HISTORY	RESULT UNIT	kg/min	kilogram per minute		0			
LAB_HISTORY	RESULT UNIT	kg/mol	kilogram per mole		0			
LAB_HISTORY	RESULT UNIT	kg/s	kilogram per second		0			
LAB_HISTORY	RESULT UNIT	kg/(s.m2)	kilogram per second per square meter		0			
LAB_HISTORY	RESULT UNIT	kg/m2	kilogram per square meter		0			
LAB_HISTORY	RESULT UNIT	kL	kiloliter		0			
LAB_HISTORY	RESULT UNIT	km	kilometer		0			
LAB_HISTORY	RESULT UNIT	[ka'U]	King Armstrong unit		0			
LAB_HISTORY	RESULT UNIT	{KRONU'U}/mL	Kronus unit per milliliter		0			
LAB_HISTORY	RESULT UNIT	[knk'U]	Kunkel unit		0			
LAB_HISTORY	RESULT UNIT	L/(24.h)	liter per 24 hour		0			
LAB_HISTORY	RESULT UNIT	L/(8.h)	liter per 8 hour		0			
LAB_HISTORY	RESULT UNIT	L/h	liter per hour		0			
LAB_HISTORY	RESULT UNIT	L/kg	liter per kilogram		0			
LAB_HISTORY	RESULT UNIT	L/(min.m2)	liter per minute per square meter		0			
LAB_HISTORY	RESULT UNIT	L/s	liter per second		0			
LAB_HISTORY	RESULT UNIT	L/s/s2	liter per second per square second		0			
LAB_HISTORY	RESULT UNIT	{Log_IU}	log (base 10) international unit		0			
LAB_HISTORY	RESULT UNIT	lm	lumen		0			
LAB_HISTORY	RESULT UNIT	lm.m2	lumen square meter		0			
LAB_HISTORY	RESULT UNIT	{Lyme_index_value}	Lyme index value		0			
LAB_HISTORY	RESULT UNIT	[mclg'U]	Maclagan unit		0			
LAB_HISTORY	RESULT UNIT	m	meter		0			
LAB_HISTORY	RESULT UNIT	m/s2	meter per square second		0			
LAB_HISTORY	RESULT UNIT	uU/g	micro enzyme unit per gram		0			
LAB_HISTORY	RESULT UNIT	u[IU]	micro international unit		0			
LAB_HISTORY	RESULT UNIT	ueq	microequivalent		0			
LAB_HISTORY	RESULT UNIT	ug/g{feces}	microgram  per gram of feces		0			
LAB_HISTORY	RESULT UNIT	ug/(100.g)	microgram per 100 gram		0			
LAB_HISTORY	RESULT UNIT	ug/(8.h)	microgram per 8 hour		0			
LAB_HISTORY	RESULT UNIT	ug/d	microgram per day		0			
LAB_HISTORY	RESULT UNIT	ug/g{dry_tissue}	microgram per gram of dry tissue		0			
LAB_HISTORY	RESULT UNIT	ug/g{dry_wt}	microgram per gram of dry weight		0			
LAB_HISTORY	RESULT UNIT	ug/g{hair}	microgram per gram of hair		0			
LAB_HISTORY	RESULT UNIT	ug/g{tissue}	microgram per gram of tissue		0			
LAB_HISTORY	RESULT UNIT	ug/h	microgram per hour		0			
LAB_HISTORY	RESULT UNIT	ug/kg	microgram per kilogram		0			
LAB_HISTORY	RESULT UNIT	ug/kg/(8.h)	microgram per kilogram per 8 hour		0			
LAB_HISTORY	RESULT UNIT	ug/kg/d	microgram per kilogram per day		0			
LAB_HISTORY	RESULT UNIT	ug/kg/h	microgram per kilogram per hour		0			
LAB_HISTORY	RESULT UNIT	ug/kg/min	microgram per kilogram per minute		0			
LAB_HISTORY	RESULT UNIT	ug/L{RBCs}	microgram per liter of red blood cells		0			
LAB_HISTORY	RESULT UNIT	ug/L/(24.h)	microgram per liter per 24 hour		0			
LAB_HISTORY	RESULT UNIT	ug/mL{class}	microgram per milliliter class		0			
LAB_HISTORY	RESULT UNIT	ug/mL{eqv}	microgram per milliliter equivalent		0			
LAB_HISTORY	RESULT UNIT	ug/mmol	microgram per millimole		0			
LAB_HISTORY	RESULT UNIT	ug/mmol{creat}	microgram per millimole of creatinine		0			
LAB_HISTORY	RESULT UNIT	ug/ng	microgram per nanogram		0			
LAB_HISTORY	RESULT UNIT	ug/m2	microgram per square meter		0			
LAB_HISTORY	RESULT UNIT	ukat	microkatal		0			
LAB_HISTORY	RESULT UNIT	uL/(2.h)	microliter per 2 hour		0			
LAB_HISTORY	RESULT UNIT	uL/h	microliter per hour		0			
LAB_HISTORY	RESULT UNIT	umol{BCE}/mol	micromole bone collagen equivalent per mole		0			
LAB_HISTORY	RESULT UNIT	umol/(8.h)	micromole per 8 hour		0			
LAB_HISTORY	RESULT UNIT	umol/d	micromole per day		0			
LAB_HISTORY	RESULT UNIT	umol/dL{GF}	micromole per deciliter of glomerular filtrate		0			
LAB_HISTORY	RESULT UNIT	umol/h	micromole per hour		0			
LAB_HISTORY	RESULT UNIT	umol/kg	micromole per kilogram		0			
LAB_HISTORY	RESULT UNIT	umol/L/h	micromole per liter per hour		0			
LAB_HISTORY	RESULT UNIT	umol/umol	micromole per micromole		0			
LAB_HISTORY	RESULT UNIT	umol/umol{creat}	micromole per micromole of creatinine		0			
LAB_HISTORY	RESULT UNIT	umol/mg	micromole per milligram		0			
LAB_HISTORY	RESULT UNIT	umol/mL/min	micromole per milliliter per minute		0			
LAB_HISTORY	RESULT UNIT	umol/min	micromole per minute		0			
LAB_HISTORY	RESULT UNIT	umol/min/g{mucosa}	micromole per minute per gram of mucosa		0			
LAB_HISTORY	RESULT UNIT	umol/min/g{prot}	micromole per minute per gram of protein		0			
LAB_HISTORY	RESULT UNIT	umol/min/L	micromole per minute per liter		0			
LAB_HISTORY	RESULT UNIT	umol/mol	micromole per mole		0			
LAB_HISTORY	RESULT UNIT	umol/mol{Hb}	micromole per mole of hemoglobin		0			
LAB_HISTORY	RESULT UNIT	uOhm	microOhm		0			
LAB_HISTORY	RESULT UNIT	uV	microvolt		0			
LAB_HISTORY	RESULT UNIT	[mi_i]	mile (international)		0			
LAB_HISTORY	RESULT UNIT	mU/g	milli  enzyme unit per gram		0			
LAB_HISTORY	RESULT UNIT	mU/mL/min	milli  enzyme unit per milliliter per minute		0			
LAB_HISTORY	RESULT UNIT	mU/mmol{creat}	milli  enzyme unit per millimole of creatinine		0			
LAB_HISTORY	RESULT UNIT	mU/g{Hb}	milli enzyme unit per gram of hemoglobin		0			
LAB_HISTORY	RESULT UNIT	mU/g{prot}	milli enzyme unit per gram of protein		0			
LAB_HISTORY	RESULT UNIT	mU/mg	milli enzyme unit per milligram		0			
LAB_HISTORY	RESULT UNIT	mU/mg{creat}	milli enzyme unit per milligram of creatinine		0			
LAB_HISTORY	RESULT UNIT	mA	milliampere		0			
LAB_HISTORY	RESULT UNIT	mbar	millibar		0			
LAB_HISTORY	RESULT UNIT	mbar/L/s	millibar per liter per second		0			
LAB_HISTORY	RESULT UNIT	mbar.s/L	millibar second per liter		0			
LAB_HISTORY	RESULT UNIT	meq/(2.h)	milliequivalent per 2 hour		0			
LAB_HISTORY	RESULT UNIT	meq/(8.h)	milliequivalent per 8 hour		0			
LAB_HISTORY	RESULT UNIT	meq/d	milliequivalent per day		0			
LAB_HISTORY	RESULT UNIT	meq/dL	milliequivalent per deciliter		0			
LAB_HISTORY	RESULT UNIT	meq/g{creat}	milliequivalent per gram of creatinine		0			
LAB_HISTORY	RESULT UNIT	meq/h	milliequivalent per hour		0			
LAB_HISTORY	RESULT UNIT	meq/kg/h	milliequivalent per kilogram per hour		0			
LAB_HISTORY	RESULT UNIT	meq/mL	milliequivalent per milliliter		0			
LAB_HISTORY	RESULT UNIT	meq/min	milliequivalent per minute		0			
LAB_HISTORY	RESULT UNIT	meq/{specimen}	milliequivalent per specimen		0			
LAB_HISTORY	RESULT UNIT	meq/m2	milliequivalent per square meter		0			
LAB_HISTORY	RESULT UNIT	meq/{total_volume}	milliequivalent per total volume		0			
LAB_HISTORY	RESULT UNIT	mg{FEU}/L	milligram fibrinogen equivalent unit per liter		0			
LAB_HISTORY	RESULT UNIT	mg/(10.h)	milligram per 10 hour		0			
LAB_HISTORY	RESULT UNIT	mg/(2.h)	milligram per 2 hour		0			
LAB_HISTORY	RESULT UNIT	mg/(6.h)	milligram per 6 hour		0			
LAB_HISTORY	RESULT UNIT	mg/{collection}	milligram per collection		0			
LAB_HISTORY	RESULT UNIT	mg/m3	milligram per cubic meter		0			
LAB_HISTORY	RESULT UNIT	mg/dL{RBCs}	milligram per deciliter of red blood cells		0			
LAB_HISTORY	RESULT UNIT	mg/g{dry_tissue}	milligram per gram of dry tissue		0			
LAB_HISTORY	RESULT UNIT	mg/g{feces}	milligram per gram of feces		0			
LAB_HISTORY	RESULT UNIT	mg/g{tissue}	milligram per gram of tissue		0			
LAB_HISTORY	RESULT UNIT	mg/g{wet_tissue}	milligram per gram of wet tissue		0			
LAB_HISTORY	RESULT UNIT	mg/kg/(8.h)	milligram per kilogram per 8 hour		0			
LAB_HISTORY	RESULT UNIT	mg/kg/d	milligram per kilogram per day		0			
LAB_HISTORY	RESULT UNIT	mg/kg/h	milligram per kilogram per hour		0			
LAB_HISTORY	RESULT UNIT	mg/kg/min	milligram per kilogram per minute		0			
LAB_HISTORY	RESULT UNIT	mg/m2	milligram per square meter		0			
LAB_HISTORY	RESULT UNIT	mg/{total_output}	milligram per total output		0			
LAB_HISTORY	RESULT UNIT	mg/{total_volume}	milligram per total volume		0			
LAB_HISTORY	RESULT UNIT	mg/wk	milligram per week		0			
LAB_HISTORY	RESULT UNIT	mL{fetal_RBCs}	milliliter of fetal red blood cells		0			
LAB_HISTORY	RESULT UNIT	mL/(10.h)	milliliter per 10 hour		0			
LAB_HISTORY	RESULT UNIT	mL/(12.h)	milliliter per 12 hour		0			
LAB_HISTORY	RESULT UNIT	mL/(2.h)	milliliter per 2 hour		0			
LAB_HISTORY	RESULT UNIT	mL/(5.h)	milliliter per 5 hour		0			
LAB_HISTORY	RESULT UNIT	mL/(6.h)	milliliter per 6 hour		0			
LAB_HISTORY	RESULT UNIT	mL/(72.h)	milliliter per 72 hour		0			
LAB_HISTORY	RESULT UNIT	mL/(8.h)	milliliter per 8 hour		0			
LAB_HISTORY	RESULT UNIT	mL/(8.h)/kg	milliliter per 8 hour per kilogram		0			
LAB_HISTORY	RESULT UNIT	mL/{beat}	milliliter per heart beat		0			
LAB_HISTORY	RESULT UNIT	mL/{beat}/m2	milliliter per heart beat per  square meter		0			
LAB_HISTORY	RESULT UNIT	mL/h	milliliter per hour		0			
LAB_HISTORY	RESULT UNIT	mL/kg	milliliter per kilogram		0			
LAB_HISTORY	RESULT UNIT	mL/kg/(8.h)	milliliter per kilogram per 8 hour		0			
LAB_HISTORY	RESULT UNIT	mL/kg/h	milliliter per kilogram per hour		0			
LAB_HISTORY	RESULT UNIT	mL/kg/min	milliliter per kilogram per minute		0			
LAB_HISTORY	RESULT UNIT	mL/mbar	milliliter per millibar		0			
LAB_HISTORY	RESULT UNIT	mL/mm	milliliter per millimeter		0			
LAB_HISTORY	RESULT UNIT	mL/min/m2	milliliter per minute per square meter		0			
LAB_HISTORY	RESULT UNIT	mL/[sin_i]	milliliter per square inch (international)		0			
LAB_HISTORY	RESULT UNIT	mm[H2O]	millimeter of water		0			
LAB_HISTORY	RESULT UNIT	mm/min	millimeter per minute		0			
LAB_HISTORY	RESULT UNIT	mmol/(12.h)	millimole per 12 hour		0			
LAB_HISTORY	RESULT UNIT	mmol/(5.h)	millimole per 5 hour		0			
LAB_HISTORY	RESULT UNIT	mmol/(6.h)	millimole per 6 hour		0			
LAB_HISTORY	RESULT UNIT	J	joule		0			
LAB_HISTORY	RESULT UNIT	mmol/(8.h)	millimole per 8 hour		0			
LAB_HISTORY	RESULT UNIT	mmol/d	millimole per day		0			
LAB_HISTORY	RESULT UNIT	mmol/{ejaculate}	millimole per ejaculate		0			
LAB_HISTORY	RESULT UNIT	mmol/g	millimole per gram		0			
LAB_HISTORY	RESULT UNIT	mmol/h	millimole per hour		0			
LAB_HISTORY	RESULT UNIT	mmol/h/mg{Hb}	millimole per hour per milligram of hemoglobin		0			
LAB_HISTORY	RESULT UNIT	mmol/h/mg{prot}	millimole per hour per milligram of protein		0			
LAB_HISTORY	RESULT UNIT	mmol/kg/h	millimole per kilogram per hour		0			
LAB_HISTORY	RESULT UNIT	mmol/kg/min	millimole per kilogram per minute		0			
LAB_HISTORY	RESULT UNIT	mmol/L{RBCs}	millimole per liter of red blood cells		0			
LAB_HISTORY	RESULT UNIT	mmol/mmol	millimole per millimole		0			
LAB_HISTORY	RESULT UNIT	mmol/mmol{urea}	millimole per millimole of urea		0			
LAB_HISTORY	RESULT UNIT	mmol/mmol{creat}	millimole per millmole of creatinine		0			
LAB_HISTORY	RESULT UNIT	mmol/min	millimole per minute		0			
LAB_HISTORY	RESULT UNIT	mmol/s/L	millimole per second per liter		0			
LAB_HISTORY	RESULT UNIT	mmol/m2	millimole per square meter		0			
LAB_HISTORY	RESULT UNIT	mmol/{total_vol}	millimole per total volume		0			
LAB_HISTORY	RESULT UNIT	10*6.[CFU]/L	million colony forming unit per liter		0			
LAB_HISTORY	RESULT UNIT	10*6.[IU]	million international unit		0			
LAB_HISTORY	RESULT UNIT	10*6/(24.h)	million per 24 hour		0			
LAB_HISTORY	RESULT UNIT	10*6/kg	million per kilogram		0			
LAB_HISTORY	RESULT UNIT	mPa.s	millipascal second		0			
LAB_HISTORY	RESULT UNIT	mV	millivolt		0			
LAB_HISTORY	RESULT UNIT	{minidrop}/min	minidrop per minute		0			
LAB_HISTORY	RESULT UNIT	{minidrop}/s	minidrop per second		0			
LAB_HISTORY	RESULT UNIT	mol/m3	mole per cubic meter		0			
LAB_HISTORY	RESULT UNIT	mol/kg	mole per kilogram		0			
LAB_HISTORY	RESULT UNIT	mol/kg/s	mole per kilogram per second		0			
LAB_HISTORY	RESULT UNIT	mol/s	mole per second		0			
LAB_HISTORY	RESULT UNIT	{#}/{platelet}	molecule per platelet		0			
LAB_HISTORY	RESULT UNIT	mo	month		0			
LAB_HISTORY	RESULT UNIT	{mm/dd/yyyy}	month-day-year		0			
LAB_HISTORY	RESULT UNIT	{mutation}	mutation		0			
LAB_HISTORY	RESULT UNIT	mV/s	mV/s=millivolt per second		0			
LAB_HISTORY	RESULT UNIT	nU/mL	nanoenzyme unit per milliliter		0			
LAB_HISTORY	RESULT UNIT	nU/{RBC}	nanoenzyme unit per red blood cell		0			
LAB_HISTORY	RESULT UNIT	ng{FEU}/mL	nanogram fibrinogen equivalent unit per milliliter 		0			
LAB_HISTORY	RESULT UNIT	ng/(24.h)	nanogram per 24 hour		0			
LAB_HISTORY	RESULT UNIT	ng/d	nanogram per day		0			
LAB_HISTORY	RESULT UNIT	ng/U	nanogram per enzyme unit		0			
LAB_HISTORY	RESULT UNIT	ng/g{creat}	nanogram per gram of creatinine		0			
LAB_HISTORY	RESULT UNIT	ng/h	nanogram per hour		0			
LAB_HISTORY	RESULT UNIT	ng/kg/(8.h)	nanogram per kilogram per 8 hour		0			
LAB_HISTORY	RESULT UNIT	ng/kg/min	nanogram per kilogram per minute		0			
LAB_HISTORY	RESULT UNIT	ng/mg{creat}	nanogram per milligram of creatinine		0			
LAB_HISTORY	RESULT UNIT	ng/mL{RBCs}	nanogram per milliliter of red blood cells		0			
LAB_HISTORY	RESULT UNIT	ng/10*6	nanogram per million		0			
LAB_HISTORY	RESULT UNIT	ng/10*6{RBCs}	nanogram per million red blood cells		0			
LAB_HISTORY	RESULT UNIT	ng/min	nanogram per minute		0			
LAB_HISTORY	RESULT UNIT	ng/s	nanogram per second		0			
LAB_HISTORY	RESULT UNIT	ng/m2	nanogram per square meter		0			
LAB_HISTORY	RESULT UNIT	nkat	nanokatal		0			
LAB_HISTORY	RESULT UNIT	nm/s/L	nanometer per second per liter		0			
LAB_HISTORY	RESULT UNIT	nmol{BCE}	nanomole bone collagen equivalent		0			
LAB_HISTORY	RESULT UNIT	nmol{BCE}/mmol{creat}	nanomole bone collagen equivalent per millimole of creatinine		0			
LAB_HISTORY	RESULT UNIT	nmol{1/2cys}/mg{prot}	nanomole of 1/2 cystine per milligram of protein		0			
LAB_HISTORY	RESULT UNIT	nmol{ATP}	nanomole of ATP 		0			
LAB_HISTORY	RESULT UNIT	nmol/d	nanomole per day		0			
LAB_HISTORY	RESULT UNIT	nmol/g{creat}	nanomole per gram of creatinine		0			
LAB_HISTORY	RESULT UNIT	nmol/g{dry_wt}	nanomole per gram of dry weight		0			
LAB_HISTORY	RESULT UNIT	nmol/h/L	nanomole per hour per liter		0			
LAB_HISTORY	RESULT UNIT	nmol/L/mmol{creat}	nanomole per liter per millimole of creatinine		0			
LAB_HISTORY	RESULT UNIT	nmol/m/mg{prot}	nanomole per meter per milligram of protein		0			
LAB_HISTORY	RESULT UNIT	nmol/umol{creat}	nanomole per micromole  of creatinine		0			
LAB_HISTORY	RESULT UNIT	nmol/mg{creat}	nanomole per milligram of creatinine		0			
LAB_HISTORY	RESULT UNIT	nmol/mg{prot}	nanomole per milligram of protein		0			
LAB_HISTORY	RESULT UNIT	nmol/mg{prot}/h	nanomole per milligram of protein per hour		0			
LAB_HISTORY	RESULT UNIT	nmol/mg/h	nanomole per milligram per hour		0			
LAB_HISTORY	RESULT UNIT	nmol/mmol{creat}	nanomole per millimole of creatinine		0			
LAB_HISTORY	RESULT UNIT	nmol/min	nanomole per minute		0			
LAB_HISTORY	RESULT UNIT	nmol/min/mg{Hb}	nanomole per minute per milligram of hemoglobin		0			
LAB_HISTORY	RESULT UNIT	nmol/min/mL	nanomole per minute per milliliter		0			
LAB_HISTORY	RESULT UNIT	nmol/min/10*6{cells}	nanomole per minute per million cells		0			
LAB_HISTORY	RESULT UNIT	nmol/nmol	nanomole per nanomole		0			
LAB_HISTORY	RESULT UNIT	nmol/s	nanomole per second		0			
LAB_HISTORY	RESULT UNIT	nmol/s/L	nanomole per second per liter		0			
LAB_HISTORY	RESULT UNIT	N.s	Newton second		0			
LAB_HISTORY	RESULT UNIT	nmol/h/mL	nmol/h/mL=nanomole per hour per milliliter		0			
LAB_HISTORY	RESULT UNIT	Ohm.m	Ohm meter		0			
LAB_HISTORY	RESULT UNIT	osm	osmole		0			
LAB_HISTORY	RESULT UNIT	[oz_av]	ounce (US and British)		0			
LAB_HISTORY	RESULT UNIT	{Pan_Bio'U}	panbio unit		0			
LAB_HISTORY	RESULT UNIT	[ppb]	part per billion		0			
LAB_HISTORY	RESULT UNIT	[ppm]{v/v}	part per million in volume per volume		0			
LAB_HISTORY	RESULT UNIT	[ppth]	part per thousand		0			
LAB_HISTORY	RESULT UNIT	[pptr]	part per trillion		0			
LAB_HISTORY	RESULT UNIT	Pa	Pascal		0			
LAB_HISTORY	RESULT UNIT	/10*10	per 10 billion  		0			
LAB_HISTORY	RESULT UNIT	/10*4{RBCs}	per 10 thousand red blood cells		0			
LAB_HISTORY	RESULT UNIT	/100{cells}	per 100 cells		0			
LAB_HISTORY	RESULT UNIT	/100{neutrophils}	per 100 neutrophils		0			
LAB_HISTORY	RESULT UNIT	/100{spermatozoa}	per 100 spermatozoa		0			
LAB_HISTORY	RESULT UNIT	/[arb'U]	per arbitrary unit		0			
LAB_HISTORY	RESULT UNIT	/10*9	per billion		0			
LAB_HISTORY	RESULT UNIT	/cm[H2O]	per centimeter of water		0			
LAB_HISTORY	RESULT UNIT	/m3	per cubic meter		0			
LAB_HISTORY	RESULT UNIT	/U	per enzyme unit		0			
LAB_HISTORY	RESULT UNIT	/g	per gram		0			
LAB_HISTORY	RESULT UNIT	/g{creat}	per gram of creatinine		0			
LAB_HISTORY	RESULT UNIT	/g{Hb}	per gram of hemoglobin		0			
LAB_HISTORY	RESULT UNIT	/g{tot_nit}	per gram of total nitrogen		0			
LAB_HISTORY	RESULT UNIT	/g{tot_prot}	per gram of total protein		0			
LAB_HISTORY	RESULT UNIT	/g{wet_tis}	per gram of wet tissue		0			
LAB_HISTORY	RESULT UNIT	/h	per hour		0			
LAB_HISTORY	RESULT UNIT	/[IU]	per international unit		0			
LAB_HISTORY	RESULT UNIT	/kg{body_wt}	per kilogram of body weight		0			
LAB_HISTORY	RESULT UNIT	/L	per liter		0			
LAB_HISTORY	RESULT UNIT	/mg	per milligram		0			
LAB_HISTORY	RESULT UNIT	/mL	per milliliter		0			
LAB_HISTORY	RESULT UNIT	/mm	per millimeter		0			
LAB_HISTORY	RESULT UNIT	/10*6	per million		0			
LAB_HISTORY	RESULT UNIT	/min	per minute		0			
LAB_HISTORY	RESULT UNIT	/mo	per month		0			
LAB_HISTORY	RESULT UNIT	/{OIF}	per oil immersion field		0			
LAB_HISTORY	RESULT UNIT	/s	per second		0			
LAB_HISTORY	RESULT UNIT	/m2	per square meter		0			
LAB_HISTORY	RESULT UNIT	/10*3	per thousand		0			
LAB_HISTORY	RESULT UNIT	/10*3{RBCs}	per thousand red blood cells		0			
LAB_HISTORY	RESULT UNIT	/10*12	per trillion 		0			
LAB_HISTORY	RESULT UNIT	/10*12{RBCs}	per trillion red blood cells		0			
LAB_HISTORY	RESULT UNIT	/(12.h)	per twelve hour		0			
LAB_HISTORY	RESULT UNIT	/wk	per week		0			
LAB_HISTORY	RESULT UNIT	/a	per year		0			
LAB_HISTORY	RESULT UNIT	%{loss_AChR}	percent  loss of acetylcholine receptor		0			
LAB_HISTORY	RESULT UNIT	%{penetration}	percent  penetration		0			
LAB_HISTORY	RESULT UNIT	%{abnormal}	percent abnormal		0			
LAB_HISTORY	RESULT UNIT	%{activity}	percent activity		0			
LAB_HISTORY	RESULT UNIT	%{aggregation}	percent aggregation		0			
LAB_HISTORY	RESULT UNIT	%{basal_activity}	percent basal activity		0			
LAB_HISTORY	RESULT UNIT	%{blockade}	percent blockade		0			
LAB_HISTORY	RESULT UNIT	%{breakdown}	percent breakdown		0			
LAB_HISTORY	RESULT UNIT	%{deficient}	percent deficient		0			
LAB_HISTORY	RESULT UNIT	%{dose}	percent dose		0			
LAB_HISTORY	RESULT UNIT	%{excretion}	percent excretion		0			
LAB_HISTORY	RESULT UNIT	%{index}	percent index		0			
LAB_HISTORY	RESULT UNIT	%{loss}	percent loss		0			
LAB_HISTORY	RESULT UNIT	%{lysis}	percent lysis		0			
LAB_HISTORY	RESULT UNIT	%{pooled_plasma}	percent normal pooled plasma		0			
LAB_HISTORY	RESULT UNIT	%{bacteria}	percent of bacteria		0			
LAB_HISTORY	RESULT UNIT	%{cells}	percent of cells		0			
LAB_HISTORY	RESULT UNIT	%{RBCs}	percent of red blood cells		0			
LAB_HISTORY	RESULT UNIT	%{WBCs}	percent of white blood cells		0			
LAB_HISTORY	RESULT UNIT	%{positive}	percent positive		0			
LAB_HISTORY	RESULT UNIT	%{reactive}	percent reactive		0			
LAB_HISTORY	RESULT UNIT	%{recovery}	percent recovery		0			
LAB_HISTORY	RESULT UNIT	%{reference}	percent reference		0			
LAB_HISTORY	RESULT UNIT	%{residual}	percent residual		0			
LAB_HISTORY	RESULT UNIT	%{saturation}	percent saturation		0			
LAB_HISTORY	RESULT UNIT	%{uptake}	percent uptake		0			
LAB_HISTORY	RESULT UNIT	%{viable}	percent viable		0			
LAB_HISTORY	RESULT UNIT	{percentile}	percentile		0			
LAB_HISTORY	RESULT UNIT	pg/mL{sLT}	pg/mL{sLT}=picogram per milliliter sulfidoleukotrienes		0			
LAB_HISTORY	RESULT UNIT	{phenotype}	phenotype		0			
LAB_HISTORY	RESULT UNIT	pA	picoampere		0			
LAB_HISTORY	RESULT UNIT	pg/{cell}	picogram per cell		0			
LAB_HISTORY	RESULT UNIT	pg/mg	picogram per milligram		0			
LAB_HISTORY	RESULT UNIT	pg/mg{creat}	picogram per milligram of creatinine		0			
LAB_HISTORY	RESULT UNIT	pg/{RBC}	picogram per red blood cell		0			
LAB_HISTORY	RESULT UNIT	pmol	picomole		0			
LAB_HISTORY	RESULT UNIT	pmol/(24.h)	picomole per 24 hour		0			
LAB_HISTORY	RESULT UNIT	pmol/d	picomole per day		0			
LAB_HISTORY	RESULT UNIT	pmol/dL	picomole per deciliter		0			
LAB_HISTORY	RESULT UNIT	pmol/g	picomole per gram		0			
LAB_HISTORY	RESULT UNIT	pmol/h/mg{prot}	picomole per hour per milligram of protein		0			
LAB_HISTORY	RESULT UNIT	pmol/h/mL	picomole per hour per milliliter 		0			
LAB_HISTORY	RESULT UNIT	pmol/umol	picomole per micromole		0			
LAB_HISTORY	RESULT UNIT	pmol/umol{creat}	picomole per micromole of creatinine		0			
LAB_HISTORY	RESULT UNIT	pmol/mg{prot}	picomole per milligram of protein		0			
LAB_HISTORY	RESULT UNIT	pmol/mmol{creat}	picomole per millimole of creatinine		0			
LAB_HISTORY	RESULT UNIT	pmol/min	picomole per minute		0			
LAB_HISTORY	RESULT UNIT	ps	picosecond		0			
LAB_HISTORY	RESULT UNIT	pT	picotesla		0			
LAB_HISTORY	RESULT UNIT	[pt_us]	pint (US)		0			
LAB_HISTORY	RESULT UNIT	[psi]	pound per square inch		0			
LAB_HISTORY	RESULT UNIT	[qt_us]	quart (US)		0			
LAB_HISTORY	RESULT UNIT	%{relative}	relative percent		0			
LAB_HISTORY	RESULT UNIT	{rel_saturation}	relative saturation		0			
LAB_HISTORY	RESULT UNIT	{Rubella_virus}	rubella virus		0			
LAB_HISTORY	RESULT UNIT	{saturation}	saturation		0			
LAB_HISTORY	RESULT UNIT	s/{control}	second per control		0			
LAB_HISTORY	RESULT UNIT	{shift}	shift		0			
LAB_HISTORY	RESULT UNIT	Sv	Sievert		0			
LAB_HISTORY	RESULT UNIT	{s_co_ratio}	signal to cutoff ratio		0			
LAB_HISTORY	RESULT UNIT	{spermatozoa}/mL	spermatozoa per milliliter		0			
LAB_HISTORY	RESULT UNIT	cm2/s	square centimeter per second		0			
LAB_HISTORY	RESULT UNIT	dm2/s2	square decimeter per square second		0			
LAB_HISTORY	RESULT UNIT	[sft_i]	square foot (international)		0			
LAB_HISTORY	RESULT UNIT	[sin_i]	square inch (international)		0			
LAB_HISTORY	RESULT UNIT	mm2	square millimeter		0			
LAB_HISTORY	RESULT UNIT	[syd_i]	square yard (international)		0			
LAB_HISTORY	RESULT UNIT	{STDV}	standard deviation		0			
LAB_HISTORY	RESULT UNIT	[tbs_us]	tablespoon (US)		0			
LAB_HISTORY	RESULT UNIT	[tsp_us]	teaspoon (US)		0			
LAB_HISTORY	RESULT UNIT	nmol/dL{GF}	nanomole per deciliter of glomerular filtrate		0			
LAB_HISTORY	RESULT UNIT	10*3{RBCs}	thousand red blood cells		0			
LAB_HISTORY	RESULT UNIT	{TSI_index}	thyroid-stimulating immunoglobulin index		0			
LAB_HISTORY	RESULT UNIT	Torr	Torr		0			
LAB_HISTORY	RESULT UNIT	[oz_tr]	Troy ounce		0			
LAB_HISTORY	RESULT UNIT	[tb'U]	tuberculin unit		0			
LAB_HISTORY	RESULT UNIT	umol/10*6{RBC}	umol/10*6{RBC}=micromole per million red blood cell		0			
LAB_HISTORY	RESULT UNIT	Wb	Weber		0			
LAB_HISTORY	RESULT UNIT	{WBCs}	white blood cells		0			
OBS_GEN	OBSGEN RESULT UNIT	mg{FEU}/L	milligram fibrinogen equivalent unit per liter		0			
OBS_GEN	OBSGEN RESULT UNIT	nmol/min/10*6{cells}	nanomole per minute per million cells		0			
OBS_GEN	OBSGEN RESULT UNIT	%{activity}	percent activity		0			
OBS_GEN	OBSGEN RESULT UNIT	%{positive}	percent positive		0			
OBS_GEN	OBSGEN TABLE MODIFIED	ENR	ENR=ENROLLMENT		0			
LDS_ADDRESS_HISTORY	ADDRESS STATE	HI	HI=Hawaii		0			
LDS_ADDRESS_HISTORY	ADDRESS STATE	NM	NM=New Mexico		0			
IMMUNIZATION	VX SOURCE	NI	NI=No information		0			
IMMUNIZATION	VX SOURCE	OT	OT=Other		0			
IMMUNIZATION	VX DOSE UNIT	daL/min/m2	dekaliter per minute per square meter		0			
IMMUNIZATION	VX DOSE UNIT	U/dL	enzyme unit per deciliter		0			
IMMUNIZATION	VX DOSE UNIT	fmol/mg{cyt_prot}	femtomole per milligram of cytosol protein		0			
IMMUNIZATION	VX DOSE UNIT	{genomes}/mL	genomes per milliliter		0			
IMMUNIZATION	VX DOSE UNIT	g/cm3	gram per cubic centimeter		0			
IMMUNIZATION	VX DOSE UNIT	[IU]	international unit		0			
IMMUNIZATION	VX DOSE UNIT	[IU]/10*9{RBCs}	international unit per billion red blood cells		0			
IMMUNIZATION	VX DOSE UNIT	kL	kiloliter		0			
IMMUNIZATION	VX DOSE UNIT	L/h	liter per hour		0			
IMMUNIZATION	VX DOSE UNIT	L/(min.m2)	liter per minute per square meter		0			
IMMUNIZATION	VX DOSE UNIT	{Log_IU}/mL	log (base 10) international unit per milliliter		0			
IMMUNIZATION	VX DOSE UNIT	u[IU]	micro international unit		0			
IMMUNIZATION	VX DOSE UNIT	ug/(8.h)	microgram per 8 hour		0			
IMMUNIZATION	VX DOSE UNIT	ug/ng	microgram per nanogram		0			
IMMUNIZATION	VX DOSE UNIT	umol/(8.h)	micromole per 8 hour		0			
IMMUNIZATION	VX DOSE UNIT	umol/mmol{creat}	micromole per millimole of creatinine		0			
IMMUNIZATION	VX DOSE UNIT	umol/mol{Hb}	micromole per mole of hemoglobin		0			
IMMUNIZATION	VX DOSE UNIT	mU/g{Hb}	milli enzyme unit per gram of hemoglobin		0			
IMMUNIZATION	VX DOSE UNIT	m[IU]/L	milli international unit per liter		0			
IMMUNIZATION	VX DOSE UNIT	mg/g{dry_tissue}	milligram per gram of dry tissue		0			
IMMUNIZATION	VX DOSE UNIT	mL/dL	milliliter per deciliter		0			
IMMUNIZATION	VX DOSE UNIT	mL/mbar	milliliter per millibar		0			
IMMUNIZATION	VX DOSE UNIT	mmol/dL	millimole per deciliter		0			
IMMUNIZATION	VX DOSE UNIT	mosm	milliosmole		0			
IMMUNIZATION	VX DOSE UNIT	{mm/dd/yyyy}	month-day-year		0			
IMMUNIZATION	VX DOSE UNIT	mV/s	mV/s=millivolt per second		0			
IMMUNIZATION	VX DOSE UNIT	ng/(24.h)	nanogram per 24 hour		0			
IMMUNIZATION	VX DOSE UNIT	ng/mg{creat}	nanogram per milligram of creatinine		0			
IMMUNIZATION	VX DOSE UNIT	ng/mg{prot}	nanogram per milligram of protein		0			
IMMUNIZATION	VX DOSE UNIT	nmol/min/10*6{cells}	nanomole per minute per million cells		0			
IMMUNIZATION	VX DOSE UNIT	/U	per enzyme unit		0			
IMMUNIZATION	VX DOSE UNIT	/[HPF]	per high power field		0			
IMMUNIZATION	VX DOSE UNIT	/L	per liter		0			
IMMUNIZATION	VX DOSE UNIT	/mL	per milliliter		0			
IMMUNIZATION	VX DOSE UNIT	/mmol{creat}	per millimole of creatinine		0			
IMMUNIZATION	VX DOSE UNIT	/{OIF}	per oil immersion field		0			
IMMUNIZATION	VX DOSE UNIT	%{abnormal}	percent abnormal		0			
IMMUNIZATION	VX DOSE UNIT	%{bound}	percent bound		0			
IMMUNIZATION	VX DOSE UNIT	%{excretion}	percent excretion		0			
IMMUNIZATION	VX DOSE UNIT	%{uptake}	percent uptake		0			
IMMUNIZATION	VX DOSE UNIT	pg/{cell}	picogram per cell		0			
IMMUNIZATION	VX DOSE UNIT	pg/dL	picogram per deciliter		0			
IMMUNIZATION	VX DOSE UNIT	pg/mg{creat}	picogram per milligram of creatinine		0			
IMMUNIZATION	VX DOSE UNIT	pmol/h/mL	picomole per hour per milliliter 		0			
IMMUNIZATION	VX DOSE UNIT	pmol/mmol{creat}	picomole per millimole of creatinine		0			
IMMUNIZATION	VX DOSE UNIT	pmol/{RBC}	picomole per red blood cell		0			
IMMUNIZATION	VX DOSE UNIT	{ratio}	ratio		0			
IMMUNIZATION	VX DOSE UNIT	S	Siemens		0			
IMMUNIZATION	VX DOSE UNIT	10*3{RBCs}	thousand red blood cells		0			
IMMUNIZATION	VX DOSE UNIT	Torr	Torr		0			
IMMUNIZATION	VX BODY SITE	LEJ 	LEJ=left external jugular		0			
IMMUNIZATION	VX BODY SITE	LIJ 	LIJ=left internal jugular		0			
IMMUNIZATION	VX BODY SITE	PA 	PA=perianal		0			
IMMUNIZATION	VX MANUFACTURER	CEN	CEN=Centeon L.L.C.		0			
IMMUNIZATION	VX MANUFACTURER	PRX	PRX=Praxis Biologics		0			
HARVEST	DATAMART PLATFORM	05	05=SAS		0			
HARVEST	CDM VERSION	61	061=6.1		0			
HARVEST	ENR START DATE MGMT	NI	NI=No  information		0			
HARVEST	ENR START DATE MGMT	UN	UN=Unknown		0			
HARVEST	ADMIT DATE MGMT	NI	NI=No  information		0			
HARVEST	RX ORDER DATE MGMT	UN	UN=Unknown		0			
HARVEST	RX START DATE MGMT	OT	OT=Other		0			
HARVEST	SPECIMEN DATE MGMT	UN	UN=Unknown		0			
HARVEST	REPORT DATE MGMT	UN	UN=Unknown		0			
HARVEST	DATAMART PLATFORM	04	04=MySQL		0			
HARVEST	BIRTH DATE MGMT	04	04=Both  imputation  and  obfuscation		0			
HARVEST	ENR START DATE MGMT	04	04=Both  imputation  and  obfuscation		0			
HARVEST	ENR END DATE MGMT	04	04=Both  imputation  and  obfuscation		0			
HARVEST	ADMIT DATE MGMT	04	04=Both  imputation  and  obfuscation		0			
HARVEST	DISCHARGE DATE MGMT	04	04=Both  imputation  and  obfuscation		0			
HARVEST	DX DATE MGMT	04	04=Both  imputation  and  obfuscation		0			
HARVEST	PX DATE MGMT	04	04=Both  imputation  and  obfuscation		0			
HARVEST	RX ORDER DATE MGMT	04	04=Both  imputation  and  obfuscation		0			
HARVEST	RX END DATE MGMT	04	04=Both  imputation  and  obfuscation		0			
HARVEST	DISPENSE DATE MGMT	04	04=Both  imputation  and  obfuscation		0			
HARVEST	LAB ORDER DATE MGMT	04	04=Both  imputation  and  obfuscation		0			
HARVEST	SPECIMEN DATE MGMT	04	04=Both  imputation  and  obfuscation		0			
HARVEST	RESULT DATE MGMT	04	04=Both  imputation  and  obfuscation		0			
HARVEST	MEASURE DATE MGMT	04	04=Both  imputation  and  obfuscation		0			
HARVEST	RESOLVE DATE MGMT	04	04=Both  imputation  and  obfuscation		0			
HARVEST	DEATH DATE MGMT	04	04=Both  imputation  and  obfuscation		0			
HARVEST	MEDADMIN START DATE MGMT	04	04=Both  imputation  and  obfuscation		0			
HARVEST	MEDADMIN STOP DATE MGMT	04	04=Both  imputation  and  obfuscation		0			
HARVEST	OBSCLIN START DATE MGMT	04	04=Both  imputation  and  obfuscation		0			
HARVEST	OBSCLIN STOP DATE MGMT	04	04=Both  imputation  and  obfuscation		0			
HARVEST	OBSGEN START DATE MGMT	04	04=Both  imputation  and  obfuscation		0			
HARVEST	OBSGEN STOP DATE MGMT	04	04=Both  imputation  and  obfuscation		0			
HARVEST	ADDRESS PERIOD START MGMT	04	04=Both  imputation  and  obfuscation		0			
HARVEST	ADDRESS PERIOD END MGMT	04	04=Both  imputation  and  obfuscation		0			
HARVEST	VX RECORD DATE MGMT	04	04=Both  imputation  and  obfuscation		0			
HARVEST	VX ADMIN DATE MGMT	04	04=Both  imputation  and  obfuscation		0			
HARVEST	VX EXP DATE MGMT	04	04=Both  imputation  and  obfuscation		0			
HARVEST	RX START DATE MGMT	04	04=Both  imputation  and  obfuscation		0			
HARVEST	ONSET DATE MGMT	04	04=Both  imputation  and  obfuscation		0			
HARVEST	REPORT DATE MGMT	04	04=Both  imputation  and  obfuscation		0			
HARVEST	PRO DATE MGMT	04	04=Both  imputation  and  obfuscation		0			
HARVEST	DATAMART PLATFORM	03	03=PostgreSQL		0			
HARVEST	BIRTH DATE MGMT	03	03=Date  obfuscation		0			
HARVEST	ENR START DATE MGMT	03	03=Date  obfuscation		0			
HARVEST	ENR END DATE MGMT	03	03=Date  obfuscation		0			
HARVEST	DISCHARGE DATE MGMT	03	03=Date  obfuscation		0			
HARVEST	DX DATE MGMT	03	03=Date  obfuscation		0			
HARVEST	PX DATE MGMT	03	03=Date  obfuscation		0			
HARVEST	RX ORDER DATE MGMT	03	03=Date  obfuscation		0			
HARVEST	RX START DATE MGMT	03	03=Date  obfuscation		0			
HARVEST	DISPENSE DATE MGMT	03	03=Date  obfuscation		0			
HARVEST	LAB ORDER DATE MGMT	03	03=Date  obfuscation		0			
HARVEST	SPECIMEN DATE MGMT	03	03=Date  obfuscation		0			
HARVEST	RESULT DATE MGMT	03	03=Date  obfuscation		0			
HARVEST	MEASURE DATE MGMT	03	03=Date  obfuscation		0			
HARVEST	ONSET DATE MGMT	03	03=Date  obfuscation		0			
HARVEST	REPORT DATE MGMT	03	03=Date  obfuscation		0			
HARVEST	RESOLVE DATE MGMT	03	03=Date  obfuscation		0			
HARVEST	PRO DATE MGMT	03	03=Date  obfuscation		0			
HARVEST	DEATH DATE MGMT	03	03=Date  obfuscation		0			
HARVEST	MEDADMIN START DATE MGMT	03	03=Date  obfuscation		0			
HARVEST	OBSCLIN START DATE MGMT	03	03=Date  obfuscation		0			
HARVEST	OBSCLIN STOP DATE MGMT	03	03=Date  obfuscation		0			
HARVEST	OBSGEN START DATE MGMT	03	03=Date  obfuscation		0			
HARVEST	OBSGEN STOP DATE MGMT	03	03=Date  obfuscation		0			
HARVEST	ADDRESS PERIOD START MGMT	03	03=Date  obfuscation		0			
HARVEST	ADDRESS PERIOD END MGMT	03	03=Date  obfuscation		0			
HARVEST	VX RECORD DATE MGMT	03	03=Date  obfuscation		0			
HARVEST	VX ADMIN DATE MGMT	03	03=Date  obfuscation		0			
HARVEST	VX EXP DATE MGMT	03	03=Date  obfuscation		0			
HARVEST	ADMIT DATE MGMT	03	03=Date  obfuscation		0			
HARVEST	RX END DATE MGMT	03	03=Date  obfuscation		0			
HARVEST	MEDADMIN STOP DATE MGMT	03	03=Date  obfuscation		0			
HARVEST	DATAMART PLATFORM	02	02=Oracle		0			
HARVEST	DATAMART CLAIMS	02	02=Present		0			
HARVEST	DATAMART EHR	02	02=Present		0			
HARVEST	BIRTH DATE MGMT	02	02=Imputation  for  incomplete  dates		0			
HARVEST	ENR START DATE MGMT	02	02=Imputation  for  incomplete  dates		0			
HARVEST	ENR END DATE MGMT	02	02=Imputation  for  incomplete  dates		0			
HARVEST	ADMIT DATE MGMT	02	02=Imputation  for  incomplete  dates		0			
HARVEST	DX DATE MGMT	02	02=Imputation  for  incomplete  dates		0			
HARVEST	PX DATE MGMT	02	02=Imputation  for  incomplete  dates		0			
HARVEST	RX ORDER DATE MGMT	02	02=Imputation  for  incomplete  dates		0			
HARVEST	RX END DATE MGMT	02	02=Imputation  for  incomplete  dates		0			
HARVEST	LAB ORDER DATE MGMT	02	02=Imputation  for  incomplete  dates		0			
HARVEST	SPECIMEN DATE MGMT	02	02=Imputation  for  incomplete  dates		0			
HARVEST	RESULT DATE MGMT	02	02=Imputation  for  incomplete  dates		0			
HARVEST	ONSET DATE MGMT	02	02=Imputation  for  incomplete  dates		0			
HARVEST	REPORT DATE MGMT	02	02=Imputation  for  incomplete  dates		0			
HARVEST	RESOLVE DATE MGMT	02	02=Imputation  for  incomplete  dates		0			
HARVEST	PRO DATE MGMT	02	02=Imputation  for  incomplete  dates		0			
HARVEST	DEATH DATE MGMT	02	02=Imputation  for  incomplete  dates		0			
HARVEST	MEDADMIN START DATE MGMT	02	02=Imputation  for  incomplete  dates		0			
HARVEST	MEDADMIN STOP DATE MGMT	02	02=Imputation  for  incomplete  dates		0			
HARVEST	OBSCLIN STOP DATE MGMT	02	02=Imputation  for  incomplete  dates		0			
HARVEST	OBSGEN START DATE MGMT	02	02=Imputation  for  incomplete  dates		0			
HARVEST	OBSGEN STOP DATE MGMT	02	02=Imputation  for  incomplete  dates		0			
HARVEST	ADDRESS PERIOD START MGMT	02	02=Imputation  for  incomplete  dates		0			
HARVEST	ADDRESS PERIOD END MGMT	02	02=Imputation  for  incomplete  dates		0			
HARVEST	VX RECORD DATE MGMT	02	02=Imputation  for  incomplete  dates		0			
HARVEST	VX ADMIN DATE MGMT	02	02=Imputation  for  incomplete  dates		0			
HARVEST	VX EXP DATE MGMT	02	02=Imputation  for  incomplete  dates		0			
HARVEST	DISCHARGE DATE MGMT	02	02=Imputation  for  incomplete  dates		0			
HARVEST	RX START DATE MGMT	02	02=Imputation  for  incomplete  dates		0			
HARVEST	DISPENSE DATE MGMT	02	02=Imputation  for  incomplete  dates		0			
HARVEST	MEASURE DATE MGMT	02	02=Imputation  for  incomplete  dates		0			
HARVEST	OBSCLIN START DATE MGMT	02	02=Imputation  for  incomplete  dates		0			
HARVEST	OBSCLIN STOP DATE MGMT	NI	NI=No  information		0			
HARVEST	OBSGEN START DATE MGMT	UN	UN=Unknown		0			
HARVEST	OBSGEN START DATE MGMT	OT	OT=Other		0			
HARVEST	ADDRESS PERIOD END MGMT	UN	UN=Unknown		0			
HARVEST	VX ADMIN DATE MGMT	OT	OT=Other		0			
HARVEST	DATAMART PLATFORM	01	01=SQL  Server		0			
HARVEST	DATAMART CLAIMS	01	01=Not  present		0			
HARVEST	DATAMART EHR	01	01=Not  present		0			
HARVEST	ENR START DATE MGMT	01	01=No  imputation  or  obfuscation		0			
HARVEST	ENR END DATE MGMT	01	01=No  imputation  or  obfuscation		0			
HARVEST	ADMIT DATE MGMT	01	01=No  imputation  or  obfuscation		0			
HARVEST	DISCHARGE DATE MGMT	01	01=No  imputation  or  obfuscation		0			
HARVEST	DX DATE MGMT	01	01=No  imputation  or  obfuscation		0			
HARVEST	PX DATE MGMT	01	01=No  imputation  or  obfuscation		0			
HARVEST	RX ORDER DATE MGMT	01	01=No  imputation  or  obfuscation		0			
HARVEST	RX START DATE MGMT	01	01=No  imputation  or  obfuscation		0			
HARVEST	DISPENSE DATE MGMT	01	01=No  imputation  or  obfuscation		0			
HARVEST	LAB ORDER DATE MGMT	01	01=No  imputation  or  obfuscation		0			
HARVEST	SPECIMEN DATE MGMT	01	01=No  imputation  or  obfuscation		0			
HARVEST	RESULT DATE MGMT	01	01=No  imputation  or  obfuscation		0			
HARVEST	MEASURE DATE MGMT	01	01=No  imputation  or  obfuscation		0			
HARVEST	ONSET DATE MGMT	01	01=No  imputation  or  obfuscation		0			
HARVEST	RESOLVE DATE MGMT	01	01=No  imputation  or  obfuscation		0			
HARVEST	PRO DATE MGMT	01	01=No  imputation  or  obfuscation		0			
HARVEST	DEATH DATE MGMT	01	01=No  imputation  or  obfuscation		0			
HARVEST	MEDADMIN START DATE MGMT	01	01=No  imputation  or  obfuscation		0			
HARVEST	MEDADMIN STOP DATE MGMT	01	01=No  imputation  or  obfuscation		0			
HARVEST	OBSCLIN START DATE MGMT	01	01=No  imputation  or  obfuscation		0			
HARVEST	OBSCLIN STOP DATE MGMT	01	01=No  imputation  or  obfuscation		0			
HARVEST	OBSGEN START DATE MGMT	01	01=No  imputation  or  obfuscation		0			
HARVEST	OBSGEN STOP DATE MGMT	01	01=No  imputation  or  obfuscation		0			
HARVEST	ADDRESS PERIOD START MGMT	01	01=No  imputation  or  obfuscation		0			
HARVEST	VX RECORD DATE MGMT	01	01=No  imputation  or  obfuscation		0			
HARVEST	VX ADMIN DATE MGMT	01	01=No  imputation  or  obfuscation		0			
HARVEST	BIRTH DATE MGMT	01	01=No  imputation  or  obfuscation		0			
HARVEST	RX END DATE MGMT	01	01=No  imputation  or  obfuscation		0			
HARVEST	REPORT DATE MGMT	01	01=No  imputation  or  obfuscation		0			
HARVEST	ADDRESS PERIOD END MGMT	01	01=No  imputation  or  obfuscation		0			
HARVEST	VX EXP DATE MGMT	01	01=No  imputation  or  obfuscation		0			
LAB_HISTORY	RACE	NS	NS=Not specified		0			
LAB_HISTORY	RESULT UNIT	{binding_index}	binding index		0			
LAB_HISTORY	RESULT UNIT	cm[Hg]	centimeter of mercury		0			
LAB_HISTORY	RESULT UNIT	{delta_OD}	change in (delta) optical density		0			
LAB_HISTORY	RESULT UNIT	[dr_av]	dram  (US and British)		0			
LAB_HISTORY	RESULT UNIT	U/10*10{cells}	enzyme unit per 10 billion cells		0			
LAB_HISTORY	RESULT UNIT	U/10*9	enzyme unit per billion		0			
LAB_HISTORY	RESULT UNIT	eq/mmol	equivalent per millimole		0			
LAB_HISTORY	RESULT UNIT	{fraction}	fraction		0			
LAB_HISTORY	RESULT UNIT	g{total_nit}	gram of total nitrogen		0			
LAB_HISTORY	RESULT UNIT	g/kg/(8.h)	gram per  kilogram per 8 hour 		0			
LAB_HISTORY	RESULT UNIT	g/(48.h)	gram per 48 hour		0			
LAB_HISTORY	RESULT UNIT	g/(8.h){shift}	gram per 8 hour shift		0			
LAB_HISTORY	RESULT UNIT	g/kg/h	gram per kilogram per hour		0			
LAB_HISTORY	RESULT UNIT	g/mmol	gram per millimole		0			
LAB_HISTORY	RESULT UNIT	h/wk	h/wk=hour per week		0			
LAB_HISTORY	RESULT UNIT	Hz	Hertz		0			
LAB_HISTORY	RESULT UNIT	{GPS'U}	IgG antiphosphatidylserine unit		0			
LAB_HISTORY	RESULT UNIT	{ImmuneComplex'U}	immune complex unit		0			
LAB_HISTORY	RESULT UNIT	{JDF'U}	Juvenile Diabetes Foundation unit		0			
LAB_HISTORY	RESULT UNIT	kU/g	kilo enzyme unit per gram		0			
LAB_HISTORY	RESULT UNIT	kU/L	kilo enzyme unit per liter		0			
LAB_HISTORY	RESULT UNIT	kPa	kilopascal		0			
LAB_HISTORY	RESULT UNIT	ks	kilosecond		0			
LAB_HISTORY	RESULT UNIT	L/d	liter per day		0			
LAB_HISTORY	RESULT UNIT	ug/m3	microgram per cubic meter		0			
LAB_HISTORY	RESULT UNIT	ug/[sft_i]	microgram per square foot (international)		0			
LAB_HISTORY	RESULT UNIT	umol/(2.h)	micromole per 2 hour		0			
LAB_HISTORY	RESULT UNIT	umol/kg{feces}	micromole per kilogram of feces		0			
LAB_HISTORY	RESULT UNIT	umol/L{RBCs}	micromole per liter of red blood cells		0			
LAB_HISTORY	RESULT UNIT	umol/mg{creat}	micromole per milligram of creatinine		0			
LAB_HISTORY	RESULT UNIT	umol/min/g	micromole per minute per gram		0			
LAB_HISTORY	RESULT UNIT	mU/mmol{RBCs}	milli  enzyme unit per millimole of red blood cells		0			
LAB_HISTORY	RESULT UNIT	meq/g	milliequivalent per gram		0			
LAB_HISTORY	RESULT UNIT	mg/(72.h)	milligram per 72 hour		0			
LAB_HISTORY	RESULT UNIT	mg/(8.h)	milligram per 8 hour		0			
LAB_HISTORY	RESULT UNIT	mg/d/{1.73_m2}	milligram per day per 1.73 square meter		0			
LAB_HISTORY	RESULT UNIT	mg/h	milligram per hour		0			
LAB_HISTORY	RESULT UNIT	mg/L{RBCs}	milligram per liter of red blood cells		0			
LAB_HISTORY	RESULT UNIT	mL/(4.h)	milliliter per 4 hour		0			
LAB_HISTORY	RESULT UNIT	mL/cm[H2O]	milliliter per centimeter of water		0			
LAB_HISTORY	RESULT UNIT	mL/d	milliliter per day		0			
LAB_HISTORY	RESULT UNIT	mL/kg/d	milliliter per kilogram per day		0			
LAB_HISTORY	RESULT UNIT	mmol/(2.h)	millimole per 2 hour		0			
LAB_HISTORY	RESULT UNIT	mmol/kg/(8.h)	millimole per kilogram per 8 hour		0			
LAB_HISTORY	RESULT UNIT	mmol/kg/d	millimole per kilogram per day		0			
LAB_HISTORY	RESULT UNIT	mPa	millipascal		0			
LAB_HISTORY	RESULT UNIT	min/d	min/d=minute per day		0			
LAB_HISTORY	RESULT UNIT	min/wk	min/wk=minute per week		0			
LAB_HISTORY	RESULT UNIT	mol/mL	mole per milliliter		0			
LAB_HISTORY	RESULT UNIT	mol/mol	mole per mole		0			
LAB_HISTORY	RESULT UNIT	ng/(8.h)	nanogram per 8 hour		0			
LAB_HISTORY	RESULT UNIT	ng/kg	nanogram per kilogram		0			
LAB_HISTORY	RESULT UNIT	ng/kg/h	nanogram per kilogram per hour		0			
LAB_HISTORY	RESULT UNIT	ng/mg{prot}	nanogram per milligram of protein		0			
LAB_HISTORY	RESULT UNIT	ng/mg/h	nanogram per milligram per hour		0			
LAB_HISTORY	RESULT UNIT	nmol{BCE}/L	nanomole bone collagen equivalent per liter		0			
LAB_HISTORY	RESULT UNIT	nmol/L{RBCs}	nanomole per liter of red blood cells		0			
LAB_HISTORY	RESULT UNIT	ns	nanosecond		0			
LAB_HISTORY	RESULT UNIT	N.cm	Newton centimeter		0			
LAB_HISTORY	RESULT UNIT	nmol/min/mg{protein}	nmol/min/mg{protein}=nanomole per minute per milligram protein		0			
LAB_HISTORY	RESULT UNIT	{#}/[LPF]	number per low power field		0			
LAB_HISTORY	RESULT UNIT	10*5	one hundred thousand		0			
LAB_HISTORY	RESULT UNIT	{OD_unit}	optical density unit		0			
LAB_HISTORY	RESULT UNIT	osm/L	osmole per liter		0			
LAB_HISTORY	RESULT UNIT	[ppm]	part per million		0			
LAB_HISTORY	RESULT UNIT	/d	per day		0			
LAB_HISTORY	RESULT UNIT	/{entity}	per entity		0			
LAB_HISTORY	RESULT UNIT	/mmol{creat}	per millimole of creatinine		0			
LAB_HISTORY	RESULT UNIT	%{at_60_min}	percent at 60 minute		0			
LAB_HISTORY	RESULT UNIT	%{bound}	percent bound		0			
LAB_HISTORY	RESULT UNIT	pkat	picokatal		0			
LAB_HISTORY	RESULT UNIT	pm	picometer		0			
LAB_HISTORY	RESULT UNIT	pmol/min/mg{prot}	picomole per minute per milligram of protein		0			
LAB_HISTORY	RESULT UNIT	pmol/H/mg{protein}	pmol/H/mg{protein}=picomole per hour per milligram protein		0			
LAB_HISTORY	RESULT UNIT	{RBC}/uL	red blood cell per microliter		0			
LAB_HISTORY	RESULT UNIT	m2/s	square meter per second		0			
LAB_HISTORY	RESULT UNIT	[todd'U]	Todd unit		0			
IMMUNIZATION	VX MANUFACTURER	AB	AB=Abbott Laboratories	vx_manufacturer	0	AB		
IMMUNIZATION	VX MANUFACTURER	AD	AD=Adams Laboratories, Inc.	vx_manufacturer	0	AD		
IMMUNIZATION	VX MANUFACTURER	AKR	AKR=Akorn, Inc	vx_manufacturer	0	AKR		
IMMUNIZATION	VX MANUFACTURER	ALP	ALP=Alpha Therapeutic Corporation	vx_manufacturer	0	ALP		
IMMUNIZATION	VX MANUFACTURER	AVB	AVB=Aventis Behring L.L.C.	vx_manufacturer	0	AVB		
IMMUNIZATION	VX MANUFACTURER	AVI	AVI=Aviron	vx_manufacturer	0	AVI		
IMMUNIZATION	VX MANUFACTURER	BA	BA=Baxter Healthcare Corporation-inactive	vx_manufacturer	0	BA		
IMMUNIZATION	VX MANUFACTURER	BAH	BAH=Baxter Healthcare Corporation	vx_manufacturer	0	BAH		
IMMUNIZATION	VX MANUFACTURER	BAY	BAY=Bayer Corporation	vx_manufacturer	0	BAY		
IMMUNIZATION	VX MANUFACTURER	BTP	BTP=Biotest Pharmaceuticals Corporation	vx_manufacturer	0	BTP		
IMMUNIZATION	VX MANUFACTURER	CON	CON=Connaught	vx_manufacturer	0	CON		
IMMUNIZATION	VX MANUFACTURER	CSL	CSL=bioCSL	vx_manufacturer	0	CSL		
IMMUNIZATION	VX MANUFACTURER	GEO	GEO=GeoVax Labs, Inc.	vx_manufacturer	0	GEO		
IMMUNIZATION	VX MANUFACTURER	GRF	GRF=Grifols	vx_manufacturer	0	GRF		
IMMUNIZATION	VX MANUFACTURER	IDB	IDB=ID Biomedical	vx_manufacturer	0	IDB		
IMMUNIZATION	VX MANUFACTURER	IM	IM=Merieux	vx_manufacturer	0	IM		
IMMUNIZATION	VX MANUFACTURER	INT	INT=Intercell Biomedical	vx_manufacturer	0	INT		
IMMUNIZATION	VX MANUFACTURER	IUS	IUS=Immuno-U.S., Inc.	vx_manufacturer	0	IUS		
IMMUNIZATION	VX MANUFACTURER	LED	LED=Lederle	vx_manufacturer	0	LED		
IMMUNIZATION	VX MANUFACTURER	MBL	MBL=Massachusetts Biologic Laboratories	vx_manufacturer	0	MBL		
IMMUNIZATION	VX MANUFACTURER	MED	MED=MedImmune, Inc.	vx_manufacturer	0	MED		
IMMUNIZATION	VX MANUFACTURER	MIP	MIP=Emergent BioSolutions	vx_manufacturer	0	MIP		
IMMUNIZATION	VX MANUFACTURER	MSD	MSD=Merck and Co., Inc.	vx_manufacturer	0	MSD		
IMMUNIZATION	VX MANUFACTURER	NAB	NAB=NABI	vx_manufacturer	0	NAB		
IMMUNIZATION	VX MANUFACTURER	NVX	NVX=Novavax, Inc.	vx_manufacturer	0	NVX		
IMMUNIZATION	VX MANUFACTURER	ORT	ORT=Ortho-clinical Diagnostics	vx_manufacturer	0	ORT		
IMMUNIZATION	VX MANUFACTURER	OTC	OTC=Organon Teknika Corporation	vx_manufacturer	0	OTC		
IMMUNIZATION	VX MANUFACTURER	OTH	OTH=Other manufacturer	vx_manufacturer	0	OTH		
IMMUNIZATION	VX MANUFACTURER	PD	PD=Parkedale Pharmaceuticals	vx_manufacturer	0	PD		
IMMUNIZATION	VX MANUFACTURER	PFR	PFR=Pfizer, Inc	vx_manufacturer	0	PFR		
IMMUNIZATION	VX MANUFACTURER	PMC	PMC=Sanofi Pasteur	vx_manufacturer	0	PMC		
IMMUNIZATION	VX MANUFACTURER	PSC	PSC=Protein Sciences	vx_manufacturer	0	PSC		
IMMUNIZATION	VX MANUFACTURER	SCL	SCL=Sclavo, Inc.	vx_manufacturer	0	SCL		
IMMUNIZATION	VX MANUFACTURER	SEQ	SEQ=Seqirus	vx_manufacturer	0	SEQ		
IMMUNIZATION	VX MANUFACTURER	SKB	SKB=GlaxoSmithKline	vx_manufacturer	0	SKB		
IMMUNIZATION	VX MANUFACTURER	SOL	SOL=Solvay Pharmaceuticals	vx_manufacturer	0	SOL		
IMMUNIZATION	VX MANUFACTURER	TAL	TAL=Talecris Biotherapeutics	vx_manufacturer	0	TAL		
IMMUNIZATION	VX MANUFACTURER	USA	USA=United States Army Medical Research and Material Command	vx_manufacturer	0	USA		
IMMUNIZATION	VX MANUFACTURER	VAL	VAL=Valneva	vx_manufacturer	0	VAL		
IMMUNIZATION	VX MANUFACTURER	VXG	VXG=VaxGen	vx_manufacturer	0	VXG		
IMMUNIZATION	VX MANUFACTURER	WA	WA=Wyeth-Ayerst	vx_manufacturer	0	WA		
IMMUNIZATION	VX MANUFACTURER	ZLB	ZLB=ZLB Behring	vx_manufacturer	0	ZLB		
IMMUNIZATION	VX MANUFACTURER	NI	NI=No information	vx_manufacturer	0	NI		
IMMUNIZATION	VX MANUFACTURER	UN	UN=Unknown	vx_manufacturer	0	UN		
IMMUNIZATION	VX MANUFACTURER	OT	OT=Other	vx_manufacturer	0	OT		
IMMUNIZATION	VX MANUFACTURER	BRR	BRR=Barr Laboratories	vx_manufacturer	0	BRR		
IMMUNIZATION	VX MANUFACTURER	CHI	CHI=Chiron Corporation	vx_manufacturer	0	CHI		
IMMUNIZATION	VX MANUFACTURER	CNJ	CNJ=Cangene Corporation	vx_manufacturer	0	CNJ		
IMMUNIZATION	VX MANUFACTURER	MA	MA=Massachusetts Public Health Biologic Laboratories	vx_manufacturer	0	MA		
IMMUNIZATION	VX MANUFACTURER	NOV	NOV=Novartis Pharmaceutical Corporation	vx_manufacturer	0	NOV		
IMMUNIZATION	VX MANUFACTURER	WAL	WAL=Wyeth	vx_manufacturer	0	WAL		
LAB_HISTORY	NORM MODIFIER LOW	NO	NO=No  lower  limit	Result modifier	0	NO	No lower limit	NULL
LAB_HISTORY	NORM MODIFIER HIGH	NO	NO=No  higher  limit	Result modifier	0	NO	No lower limit	NULL
HARVEST	LAB ORDER DATE MGMT	UN	UN=Unknown		0			
LAB_HISTORY	RESULT UNIT	nmol/min/mg{prot}	nanomole per minute per milligram of protein		0			
LAB_HISTORY	RESULT UNIT	{dilution}	dilution		0			
LAB_HISTORY	RESULT UNIT	g/{total_weight}	gram per total weight		0			
LAB_HISTORY	RESULT UNIT	ug/dL{RBCs}	microgram per deciliter of red blood cells		0			
LAB_HISTORY	RESULT UNIT	mol	mole		0			
LAB_HISTORY	RESULT UNIT	[yd_i]	yard (international)		0			
